signal_time,trigger,label,entry_time,entry_price,stop_price,target_price,exit_time,exit_price,exit_reason,bars_held,return_pct,r_multiple,pnl_usd,rf_prob,pred_label,fold_train_start,fold_train_end,fold_test_start,fold_test_end
2022-03-08 06:00:00,atr_breakdown,0,2022-03-08 07:00:00,13482.75,13562.625,13362.9375,2022-03-08 08:00:00,13562.625,stop,2,-0.5889346641966386,-1.0,-159.75,0.507577595821778,1,2020-01-01,2022-03-01,2022-03-01,2022-05-01
2022-03-10 08:00:00,atr_breakdown,0,2022-03-10 09:00:00,13953.0,14015.25,13859.625,2022-03-10 09:00:00,14015.25,stop,1,-0.4441590410445784,-1.0,-124.5,0.5291325075599823,1,2020-01-01,2022-03-01,2022-03-01,2022-05-01
2022-03-10 08:00:00,rsi_rollover,0,2022-03-10 09:00:00,13953.0,14015.25,13859.625,2022-03-10 09:00:00,14015.25,stop,1,-0.4441590410445784,-1.0,-124.5,0.5291325075599823,1,2020-01-01,2022-03-01,2022-03-01,2022-05-01
2022-03-21 05:00:00,atr_breakdown,0,2022-03-21 06:00:00,14523.25,14571.19642857143,14451.330357142857,2022-03-21 09:00:00,14571.19642857143,stop,4,-0.32904935985500483,-1.0000000000000162,-95.8928571428587,0.5291331207824688,1,2020-01-01,2022-03-01,2022-03-01,2022-05-01
2022-03-23 11:00:00,atr_breakdown,1,2022-03-23 12:00:00,14739.25,14773.05357142857,14688.544642857143,2022-03-23 13:00:00,14688.544642857143,target,2,0.34520341106438757,1.4999999999999922,101.41071428571377,0.5352639509746956,1,2020-01-01,2022-03-01,2022-03-01,2022-05-01
2022-04-11 08:00:00,atr_breakdown,0,2022-04-11 09:00:00,14369.0,14432.410714285714,14273.88392857143,2022-04-11 10:00:00,14432.410714285714,stop,2,-0.43936328823394044,-0.9999999999999918,-126.82142857142753,0.5594468774547352,1,2020-01-01,2022-03-01,2022-03-01,2022-05-01
2022-04-11 19:00:00,atr_breakdown,0,2022-04-11 20:00:00,14196.0,14278.857142857143,14071.714285714286,2022-04-12 12:00:00,14278.857142857143,stop,16,-0.5802785336961769,-1.000000000000003,-165.71428571428623,0.5612899292157251,1,2020-01-01,2022-03-01,2022-03-01,2022-05-01
2022-04-12 17:00:00,atr_breakdown,0,2022-04-12 18:00:00,14198.25,14296.125,14051.4375,2022-04-13 14:00:00,14296.125,stop,20,-0.6846260787451097,-1.0,-195.75,0.5156171273323469,1,2020-01-01,2022-03-01,2022-03-01,2022-05-01
2022-04-13 11:00:00,atr_breakdown,0,2022-04-13 12:00:00,14173.25,14218.232142857143,14105.776785714286,2022-04-13 13:00:00,14218.232142857143,stop,2,-0.3163694501903347,-1.0000000000000058,-89.96428571428623,0.5761541196565474,1,2020-01-01,2022-03-01,2022-03-01,2022-05-01
2022-04-14 12:00:00,atr_breakdown,0,2022-04-14 13:00:00,14381.5,14416.910714285714,14328.38392857143,2022-04-14 13:00:00,14416.910714285714,stop,1,-0.24561929381046177,-0.9999999999999853,-70.82142857142753,0.5947366438611074,1,2020-01-01,2022-03-01,2022-03-01,2022-05-01
2022-04-14 13:00:00,atr_breakdown,1,2022-04-14 14:00:00,14309.25,14353.160714285714,14243.38392857143,2022-04-14 14:00:00,14243.38392857143,target,1,0.46243274603057216,1.4999999999999822,131.7321428571413,0.5337961764656458,1,2020-01-01,2022-03-01,2022-03-01,2022-05-01
2022-04-14 16:00:00,atr_breakdown,0,2022-04-14 17:00:00,14176.25,14233.714285714286,14090.05357142857,2022-04-14 18:00:00,14233.714285714286,stop,2,-0.40371953912240466,-1.000000000000009,-114.92857142857247,0.5341862119780353,1,2020-01-01,2022-03-01,2022-03-01,2022-05-01
2022-04-14 18:00:00,atr_breakdown,1,2022-04-14 19:00:00,14134.75,14199.910714285714,14037.00892857143,2022-04-17 22:00:00,14037.00892857143,target,3,0.6963098187508177,1.4999999999999878,195.4821428571413,0.502898051273815,1,2020-01-01,2022-03-01,2022-03-01,2022-05-01
2022-04-17 22:00:00,atr_breakdown,0,2022-04-17 23:00:00,14012.0,14085.089285714286,13902.36607142857,2022-04-18 13:00:00,14085.089285714286,stop,15,-0.5189124771002862,-1.000000000000007,-146.17857142857247,0.518361809679545,1,2020-01-01,2022-03-01,2022-03-01,2022-05-01
2022-04-19 08:00:00,atr_breakdown,0,2022-04-19 09:00:00,14056.75,14115.92857142857,13967.982142857143,2022-04-19 11:00:00,14115.92857142857,stop,3,-0.41923257920383206,-0.9999999999999868,-118.3571428571413,0.5433797518830278,1,2020-01-01,2022-03-01,2022-03-01,2022-05-01
2022-04-19 20:00:00,atr_breakdown,0,2022-04-19 22:00:00,14292.75,14380.589285714286,14160.99107142857,2022-04-20 09:00:00,14380.589285714286,stop,12,-0.6108184022858176,-1.000000000000006,-175.67857142857247,0.522272412419201,1,2020-01-01,2022-03-01,2022-03-01,2022-05-01
2022-04-20 13:00:00,rsi_rollover,0,2022-04-20 14:00:00,14277.25,14341.125,14181.4375,2022-04-20 14:00:00,14341.125,stop,1,-0.44539741477743755,-1.0,-127.75,0.5004611943413904,1,2020-01-01,2022-03-01,2022-03-01,2022-05-01
2022-04-22 00:00:00,atr_breakdown,0,2022-04-22 01:00:00,13829.0,13915.285714285714,13699.57142857143,2022-04-22 05:00:00,13915.285714285714,stop,5,-0.620078639112176,-0.9999999999999939,-172.57142857142753,0.5181344838840929,1,2020-01-01,2022-03-01,2022-03-01,2022-05-01
2022-04-28 12:00:00,atr_breakdown,0,2022-04-28 13:00:00,13387.75,13441.785714285714,13306.69642857143,2022-04-28 13:00:00,13441.785714285714,stop,1,-0.4019980338496598,-0.9999999999999905,-108.07142857142753,0.543449055202161,1,2020-01-01,2022-03-01,2022-03-01,2022-05-01
2022-05-09 19:00:00,atr_breakdown,0,2022-05-09 20:00:00,12390.0,12501.69642857143,12222.455357142857,2022-05-10 03:00:00,12501.69642857143,stop,7,-0.8934501746191703,-1.000000000000007,-223.3928571428587,0.5223329398514537,1,2020-01-01,2022-05-01,2022-05-01,2022-07-01
2022-05-16 13:00:00,atr_breakdown,0,2022-05-16 14:00:00,12441.0,12512.125,12334.3125,2022-05-16 14:00:00,12512.125,stop,1,-0.5684486048532889,-1.0,-142.25,0.5246389132890027,1,2020-01-01,2022-05-01,2022-05-01,2022-07-01
2022-05-16 14:00:00,atr_breakdown,0,2022-05-16 15:00:00,12402.25,12482.767857142857,12281.473214285714,2022-05-16 15:00:00,12482.767857142857,stop,1,-0.6450320799387677,-0.9999999999999968,-161.03571428571377,0.562088193350153,1,2020-01-01,2022-05-01,2022-05-01,2022-07-01
2022-05-18 11:00:00,atr_breakdown,1,2022-05-18 12:00:00,12608.0,12650.660714285714,12544.00892857143,2022-05-18 13:00:00,12544.00892857143,target,2,0.5101325405056034,1.4999999999999818,127.9821428571413,0.5551472269366526,1,2020-01-01,2022-05-01,2022-05-01,2022-07-01
2022-05-18 12:00:00,atr_breakdown,1,2022-05-18 13:00:00,12559.75,12606.625,12489.4375,2022-05-18 13:00:00,12489.4375,target,1,0.5629757144787417,1.5,140.625,0.5080227607914581,1,2020-01-01,2022-05-01,2022-05-01,2022-07-01
2022-05-18 13:00:00,atr_breakdown,0,2022-05-18 14:00:00,12491.75,12544.82142857143,12412.142857142857,2022-05-18 14:00:00,12544.82142857143,stop,1,-0.4230544760928767,-1.0000000000000147,-106.1428571428587,0.5109412147317024,1,2020-01-01,2022-05-01,2022-05-01,2022-07-01
2022-05-18 18:00:00,atr_breakdown,1,2022-05-18 19:00:00,12120.75,12204.410714285714,11995.25892857143,2022-05-19 07:00:00,11995.25892857143,target,12,1.046172260022371,1.4999999999999907,250.9821428571413,0.5605134726228147,1,2020-01-01,2022-05-01,2022-05-01,2022-07-01
2022-05-20 13:00:00,atr_breakdown,1,2022-05-20 14:00:00,12188.75,12244.30357142857,12105.419642857143,2022-05-20 14:00:00,12105.419642857143,target,1,0.6883723125784114,1.4999999999999953,166.66071428571377,0.5996895645150345,1,2020-01-01,2022-05-01,2022-05-01,2022-07-01
2022-05-20 15:00:00,atr_breakdown,1,2022-05-20 16:00:00,11927.0,11998.07142857143,11820.392857142857,2022-05-20 16:00:00,11820.392857142857,target,1,0.9018917065241494,1.5000000000000038,213.21428571428623,0.5926726122452861,1,2020-01-01,2022-05-01,2022-05-01,2022-07-01
2022-05-23 08:00:00,atr_breakdown,0,2022-05-23 09:00:00,12091.25,12169.964285714286,11973.17857142857,2022-05-23 13:00:00,12169.964285714286,stop,5,-0.6467914273724285,-1.0000000000000067,-157.42857142857247,0.6106327460092006,1,2020-01-01,2022-05-01,2022-05-01,2022-07-01
2022-05-23 13:00:00,atr_breakdown,0,2022-05-23 14:00:00,12046.25,12118.892857142857,11937.285714285714,2022-05-23 14:00:00,12118.892857142857,stop,1,-0.5994182636909873,-0.9999999999999964,-145.28571428571377,0.5153050142448279,1,2020-01-01,2022-05-01,2022-05-01,2022-07-01
2022-05-23 22:00:00,atr_breakdown,1,2022-05-23 23:00:00,12076.5,12186.19642857143,11911.955357142857,2022-05-24 13:00:00,11911.955357142857,target,15,1.3813403251085488,1.5000000000000024,329.08928571428623,0.5172851056722941,1,2020-01-01,2022-05-01,2022-05-01,2022-07-01
2022-05-23 22:00:00,rsi_rollover,1,2022-05-23 23:00:00,12076.5,12186.19642857143,11911.955357142857,2022-05-24 13:00:00,11911.955357142857,target,15,1.3813403251085488,1.5000000000000024,329.08928571428623,0.5172851056722941,1,2020-01-01,2022-05-01,2022-05-01,2022-07-01
2022-05-24 14:00:00,atr_breakdown,0,2022-05-24 15:00:00,11819.25,11878.482142857143,11730.401785714286,2022-05-24 15:00:00,11878.482142857143,stop,1,-0.4986507715782573,-1.0000000000000044,-118.46428571428623,0.5248229860134428,1,2020-01-01,2022-05-01,2022-05-01,2022-07-01
2022-05-25 11:00:00,atr_breakdown,0,2022-05-25 12:00:00,11894.0,11946.07142857143,11815.892857142857,2022-05-25 13:00:00,11946.07142857143,stop,2,-0.43588747047744736,-1.000000000000015,-104.1428571428587,0.5521512556000933,1,2020-01-01,2022-05-01,2022-05-01,2022-07-01
2022-05-30 13:00:00,atr_breakdown,0,2022-05-30 14:00:00,12965.0,13006.410714285714,12902.88392857143,2022-05-30 15:00:00,13006.410714285714,stop,2,-0.31838694929285927,-0.9999999999999875,-82.82142857142753,0.5460745077508302,1,2020-01-01,2022-05-01,2022-05-01,2022-07-01
2022-05-31 00:00:00,rsi_rollover,0,2022-05-31 01:00:00,12906.0,12961.232142857143,12823.151785714286,2022-05-31 02:00:00,12961.232142857143,stop,2,-0.4261334281215001,-1.0000000000000047,-110.46428571428623,0.565285183987163,1,2020-01-01,2022-05-01,2022-05-01,2022-07-01
2022-05-31 00:00:00,atr_breakdown,0,2022-05-31 01:00:00,12906.0,12961.232142857143,12823.151785714286,2022-05-31 02:00:00,12961.232142857143,stop,2,-0.4261334281215001,-1.0000000000000047,-110.46428571428623,0.565285183987163,1,2020-01-01,2022-05-01,2022-05-01,2022-07-01
2022-05-31 07:00:00,atr_breakdown,0,2022-05-31 08:00:00,12846.75,12909.44642857143,12752.705357142857,2022-05-31 08:00:00,12909.44642857143,stop,1,-0.4856631840747916,-1.0000000000000124,-125.3928571428587,0.6004796333845555,1,2020-01-01,2022-05-01,2022-05-01,2022-07-01
2022-05-31 12:00:00,atr_breakdown,0,2022-05-31 13:00:00,12799.75,12868.892857142857,12696.035714285714,2022-05-31 13:00:00,12868.892857142857,stop,1,-0.5372867573800622,-0.9999999999999963,-138.28571428571377,0.5829131349565491,1,2020-01-01,2022-05-01,2022-05-01,2022-07-01
2022-05-31 13:00:00,atr_breakdown,0,2022-05-31 14:00:00,12744.0,12821.339285714286,12627.99107142857,2022-05-31 14:00:00,12821.339285714286,stop,1,-0.6032075432280237,-1.0000000000000069,-154.67857142857247,0.5565207484187061,1,2020-01-01,2022-05-01,2022-05-01,2022-07-01
2022-06-03 10:00:00,atr_breakdown,1,2022-06-03 11:00:00,12967.25,13002.142857142857,12914.910714285714,2022-06-03 12:00:00,12914.910714285714,target,2,0.40526246655652187,1.5000000000000147,104.67857142857247,0.586010500060265,1,2020-01-01,2022-05-01,2022-05-01,2022-07-01
2022-06-03 12:00:00,atr_breakdown,1,2022-06-03 13:00:00,12908.25,12949.80357142857,12845.919642857143,2022-06-03 13:00:00,12845.919642857143,target,1,0.4852152191183512,1.4999999999999938,124.66071428571377,0.5448175138290587,1,2020-01-01,2022-05-01,2022-05-01,2022-07-01
2022-06-03 14:00:00,atr_breakdown,0,2022-06-03 15:00:00,12760.75,12819.285714285714,12672.94642857143,2022-06-03 17:00:00,12819.285714285714,stop,3,-0.4566222767036221,-0.9999999999999911,-117.07142857142753,0.5023638267993732,1,2020-01-01,2022-05-01,2022-05-01,2022-07-01
2022-06-03 15:00:00,atr_breakdown,0,2022-06-03 16:00:00,12740.25,12801.910714285714,12647.75892857143,2022-06-03 16:00:00,12801.910714285714,stop,1,-0.4816524319053883,-0.9999999999999916,-123.32142857142753,0.6111330839265835,1,2020-01-01,2022-05-01,2022-05-01,2022-07-01
2022-06-06 15:00:00,atr_breakdown,1,2022-06-06 16:00:00,12858.75,12913.125,12777.1875,2022-06-06 16:00:00,12777.1875,target,1,0.638344706141325,1.5,163.125,0.5001897523929701,1,2020-01-01,2022-05-01,2022-05-01,2022-07-01
2022-06-06 15:00:00,rsi_rollover,1,2022-06-06 16:00:00,12858.75,12913.125,12777.1875,2022-06-06 16:00:00,12777.1875,target,1,0.638344706141325,1.5,163.125,0.5001897523929701,1,2020-01-01,2022-05-01,2022-05-01,2022-07-01
2022-06-06 16:00:00,atr_breakdown,0,2022-06-06 17:00:00,12798.0,12859.32142857143,12706.017857142857,2022-06-06 17:00:00,12859.32142857143,stop,1,-0.47686364254946323,-1.0000000000000127,-122.6428571428587,0.6010351438911123,1,2020-01-01,2022-05-01,2022-05-01,2022-07-01
2022-06-07 01:00:00,atr_breakdown,0,2022-06-07 02:00:00,12719.75,12800.285714285714,12598.94642857143,2022-06-07 14:00:00,12800.285714285714,stop,13,-0.6291712238566061,-0.9999999999999934,-161.07142857142753,0.6243493091918922,1,2020-01-01,2022-05-01,2022-05-01,2022-07-01
2022-06-09 12:00:00,atr_breakdown,0,2022-06-09 13:00:00,12750.0,12797.214285714286,12679.17857142857,2022-06-09 13:00:00,12797.214285714286,stop,1,-0.36894190141828487,-1.0000000000000109,-94.42857142857247,0.6657008336936531,1,2020-01-01,2022-05-01,2022-05-01,2022-07-01
2022-06-09 18:00:00,atr_breakdown,1,2022-06-09 19:00:00,12633.0,12713.732142857143,12511.901785714286,2022-06-09 19:00:00,12511.901785714286,target,1,0.9678641693301904,1.4999999999999936,242.19642857142753,0.5636119793101598,1,2020-01-01,2022-05-01,2022-05-01,2022-07-01
2022-06-13 19:00:00,atr_breakdown,0,2022-06-13 20:00:00,11490.5,11590.0,11341.25,2022-06-14 03:00:00,11590.0,stop,7,-0.8584987057808413,-1.0,-199.0,0.5020693914591304,1,2020-01-01,2022-05-01,2022-05-01,2022-07-01
2022-06-16 06:00:00,atr_breakdown,1,2022-06-16 07:00:00,11639.5,11740.714285714286,11487.67857142857,2022-06-16 07:00:00,11487.67857142857,target,1,1.321602337908634,1.5000000000000078,303.6428571428587,0.5463330286223766,1,2020-01-01,2022-05-01,2022-05-01,2022-07-01
2022-06-16 07:00:00,atr_breakdown,1,2022-06-16 08:00:00,11531.25,11639.089285714286,11369.49107142857,2022-06-16 14:00:00,11369.49107142857,target,7,1.4227455525949395,1.5000000000000073,323.5178571428587,0.5021298084289952,1,2020-01-01,2022-05-01,2022-05-01,2022-07-01
2022-06-16 17:00:00,atr_breakdown,0,2022-06-16 18:00:00,11275.0,11373.607142857143,11127.089285714286,2022-06-16 22:00:00,11373.607142857143,stop,4,-0.8669821422403357,-1.0000000000000027,-197.21428571428623,0.5589552983063192,1,2020-01-01,2022-05-01,2022-05-01,2022-07-01
2022-06-17 13:00:00,atr_breakdown,0,2022-06-18 12:00:00,11321.5,11378.142857142857,11236.535714285714,2022-06-19 22:00:00,11378.142857142857,stop,4,-0.49782163797756906,-0.9999999999999953,-113.28571428571377,0.538126472601896,1,2020-01-01,2022-05-01,2022-05-01,2022-07-01
2022-06-22 05:00:00,atr_breakdown,1,2022-06-22 06:00:00,11570.5,11615.642857142857,11502.785714285714,2022-06-22 07:00:00,11502.785714285714,target,2,0.5886772769329252,1.5000000000000113,135.42857142857247,0.5343313619240165,1,2020-01-01,2022-05-01,2022-05-01,2022-07-01
2022-06-29 06:00:00,atr_breakdown,0,2022-06-29 07:00:00,11782.0,11831.25,11708.125,2022-06-29 07:00:00,11831.25,stop,1,-0.4162704701531905,-1.0,-98.5,0.5154632965095503,1,2020-01-01,2022-05-01,2022-05-01,2022-07-01
2022-06-30 05:00:00,atr_breakdown,1,2022-06-30 06:00:00,11742.0,11792.642857142857,11666.035714285714,2022-06-30 06:00:00,11666.035714285714,target,1,0.6511576646492045,1.5000000000000102,151.92857142857247,0.6046330852977635,1,2020-01-01,2022-05-01,2022-05-01,2022-07-01
2022-06-30 06:00:00,atr_breakdown,0,2022-06-30 07:00:00,11665.5,11718.517857142857,11585.973214285714,2022-06-30 12:00:00,11718.517857142857,stop,6,-0.45242801000248134,-0.999999999999995,-106.03571428571377,0.5346580576597751,1,2020-01-01,2022-05-01,2022-05-01,2022-07-01
2022-07-05 12:00:00,atr_breakdown,0,2022-07-05 13:00:00,11582.0,11631.857142857143,11507.214285714286,2022-07-05 14:00:00,11631.857142857143,stop,2,-0.42862581825774404,-1.0000000000000053,-99.71428571428623,0.5011396777245085,1,2020-01-01,2022-07-01,2022-07-01,2022-09-01
2022-07-12 19:00:00,atr_breakdown,0,2022-07-12 20:00:00,11922.75,11998.642857142857,11808.910714285714,2022-07-13 12:00:00,11998.642857142857,stop,16,-0.6325120102868786,-0.9999999999999967,-151.78571428571377,0.5070493699151414,1,2020-01-01,2022-07-01,2022-07-01,2022-09-01
2022-07-18 18:00:00,atr_breakdown,0,2022-07-18 19:00:00,12067.25,12129.892857142857,11973.285714285714,2022-07-19 09:00:00,12129.892857142857,stop,14,-0.5164337218854231,-0.9999999999999958,-125.28571428571377,0.5279352760270875,1,2020-01-01,2022-07-01,2022-07-01,2022-09-01
2022-07-22 17:00:00,atr_breakdown,0,2022-07-22 18:00:00,12537.5,12595.357142857143,12450.714285714286,2022-07-24 22:00:00,12595.357142857143,stop,4,-0.45935293617263007,-1.0000000000000044,-115.71428571428623,0.538861248914601,1,2020-01-01,2022-07-01,2022-07-01,2022-09-01
2022-07-25 14:00:00,atr_breakdown,0,2022-07-25 15:00:00,12496.5,12539.375,12432.1875,2022-07-25 16:00:00,12539.375,stop,2,-0.34192294273039936,-1.0,-85.75,0.5395874995125238,1,2020-01-01,2022-07-01,2022-07-01,2022-09-01
2022-07-26 14:00:00,atr_breakdown,1,2022-07-26 15:00:00,12338.0,12377.910714285714,12278.13392857143,2022-07-26 15:00:00,12278.13392857143,target,1,0.4875828181777786,1.4999999999999805,119.7321428571413,0.5329408744381561,1,2020-01-01,2022-07-01,2022-07-01,2022-09-01
2022-08-30 13:00:00,atr_breakdown,1,2022-08-30 14:00:00,12621.0,12670.035714285714,12547.44642857143,2022-08-30 14:00:00,12547.44642857143,target,1,0.5862035103898489,1.4999999999999842,147.1071428571413,0.5516791742224701,1,2020-01-01,2022-07-01,2022-07-01,2022-09-01
2022-08-31 22:00:00,atr_breakdown,1,2022-08-31 23:00:00,12370.0,12447.32142857143,12254.017857142857,2022-09-01 14:00:00,12254.017857142857,target,16,0.9464825676709587,1.5000000000000033,231.96428571428623,0.5204924582634213,1,2020-01-01,2022-07-01,2022-07-01,2022-09-01
2022-09-01 15:00:00,atr_breakdown,0,2022-09-01 16:00:00,12185.5,12242.75,12099.625,2022-09-01 17:00:00,12242.75,stop,2,-0.467623695656616,-1.0,-114.5,0.5124822970281334,1,2020-01-01,2022-09-01,2022-09-01,2022-11-01
2022-09-02 17:00:00,atr_breakdown,0,2022-09-02 18:00:00,12229.5,12321.07142857143,12092.142857142857,2022-09-05 15:00:00,12281.75,time,25,-0.4254279723980736,-0.5705928237129485,-104.5,0.5691142781998195,1,2020-01-01,2022-09-01,2022-09-01,2022-11-01
2022-09-06 13:00:00,atr_breakdown,0,2022-09-06 14:00:00,12188.0,12244.92857142857,12102.607142857143,2022-09-06 14:00:00,12244.92857142857,stop,1,-0.4649155043778941,-0.9999999999999862,-113.8571428571413,0.6152251313790789,1,2020-01-01,2022-09-01,2022-09-01,2022-11-01
2022-09-08 12:00:00,atr_breakdown,0,2022-09-08 13:00:00,12324.75,12364.982142857143,12264.401785714286,2022-09-08 13:00:00,12364.982142857143,stop,1,-0.32537162118251306,-1.0000000000000064,-80.46428571428623,0.5214202954900984,1,2020-01-01,2022-09-01,2022-09-01,2022-11-01
2022-09-13 14:00:00,atr_breakdown,1,2022-09-13 15:00:00,12370.25,12445.589285714286,12257.24107142857,2022-09-13 19:00:00,12257.24107142857,target,5,0.921976878099029,1.5000000000000104,226.0178571428587,0.5016933994681448,1,2020-01-01,2022-09-01,2022-09-01,2022-11-01
2022-09-15 14:00:00,atr_breakdown,0,2022-09-15 15:00:00,12079.75,12136.92857142857,11993.982142857143,2022-09-15 15:00:00,12136.92857142857,stop,1,-0.4711123666260475,-0.9999999999999863,-114.3571428571413,0.5255091161244342,1,2020-01-01,2022-09-01,2022-09-01,2022-11-01
2022-09-20 17:00:00,atr_breakdown,0,2022-09-20 18:00:00,11881.75,11936.589285714286,11799.49107142857,2022-09-20 18:00:00,11936.589285714286,stop,1,-0.45942173598884084,-1.0000000000000095,-109.67857142857247,0.7025547188664393,1,2020-01-01,2022-09-01,2022-09-01,2022-11-01
2022-09-21 19:00:00,rsi_rollover,1,2022-09-21 20:00:00,11753.0,11854.44642857143,11600.830357142857,2022-09-22 01:00:00,11600.830357142857,target,5,1.3117133702713835,1.5000000000000027,304.33928571428623,0.6079331820412599,1,2020-01-01,2022-09-01,2022-09-01,2022-11-01
2022-09-21 19:00:00,atr_breakdown,1,2022-09-21 20:00:00,11753.0,11854.44642857143,11600.830357142857,2022-09-22 01:00:00,11600.830357142857,target,5,1.3117133702713835,1.5000000000000027,304.33928571428623,0.6079331820412599,1,2020-01-01,2022-09-01,2022-09-01,2022-11-01
2022-09-27 15:00:00,atr_breakdown,1,2022-09-27 16:00:00,11391.25,11454.732142857143,11296.026785714286,2022-09-27 16:00:00,11296.026785714286,target,1,0.8429797139480888,1.4999999999999918,190.44642857142753,0.5936117215165119,1,2020-01-01,2022-09-01,2022-09-01,2022-11-01
2022-09-27 16:00:00,atr_breakdown,0,2022-09-27 17:00:00,11346.25,11415.767857142857,11241.973214285714,2022-09-27 22:00:00,11415.767857142857,stop,5,-0.6089634793980059,-0.9999999999999963,-139.03571428571377,0.7363432096697665,1,2020-01-01,2022-09-01,2022-09-01,2022-11-01
2022-09-28 01:00:00,atr_breakdown,1,2022-09-28 02:00:00,11319.0,11398.17857142857,11200.232142857143,2022-09-28 09:00:00,11200.232142857143,target,8,1.060405316854074,1.4999999999999967,237.53571428571377,0.5460728178179604,1,2020-01-01,2022-09-01,2022-09-01,2022-11-01
2022-09-28 02:00:00,atr_breakdown,0,2022-09-28 03:00:00,11263.5,11345.07142857143,11141.142857142857,2022-09-28 10:00:00,11345.07142857143,stop,8,-0.7190032172560867,-1.0000000000000095,-163.1428571428587,0.631385788949342,1,2020-01-01,2022-09-01,2022-09-01,2022-11-01
2022-09-29 07:00:00,atr_breakdown,0,2022-09-29 08:00:00,11436.25,11488.482142857143,11357.901785714286,2022-09-29 09:00:00,11488.482142857143,stop,2,-0.45464790045931514,-1.000000000000005,-104.46428571428623,0.6426254647722064,1,2020-01-01,2022-09-01,2022-09-01,2022-11-01
2022-09-29 13:00:00,atr_breakdown,1,2022-09-29 14:00:00,11303.0,11369.857142857143,11202.714285714286,2022-09-29 14:00:00,11202.714285714286,target,1,0.8951912164143927,1.4999999999999922,200.57142857142753,0.6633197917333595,1,2020-01-01,2022-09-01,2022-09-01,2022-11-01
2022-09-29 14:00:00,atr_breakdown,1,2022-09-29 15:00:00,11261.5,11333.55357142857,11153.419642857143,2022-09-29 18:00:00,11153.419642857143,target,4,0.9690333602042189,1.4999999999999964,216.16071428571377,0.7529868723997474,1,2020-01-01,2022-09-01,2022-09-01,2022-11-01
2022-09-30 19:00:00,atr_breakdown,1,2022-09-30 20:00:00,11085.0,11173.910714285714,10951.63392857143,2022-10-03 00:00:00,10951.63392857143,target,4,1.2177732774708128,1.4999999999999911,266.7321428571413,0.7452984338839632,1,2020-01-01,2022-09-01,2022-09-01,2022-11-01
2022-10-02 23:00:00,atr_breakdown,0,2022-10-03 00:00:00,10990.5,11084.160714285714,10850.00892857143,2022-10-03 06:00:00,11084.160714285714,stop,7,-0.8449959965394549,-0.9999999999999943,-187.32142857142753,0.5445745400809481,1,2020-01-01,2022-09-01,2022-09-01,2022-11-01
2022-10-07 13:00:00,atr_breakdown,1,2022-10-07 14:00:00,11272.5,11336.285714285714,11176.82142857143,2022-10-07 16:00:00,11176.82142857143,target,3,0.8560445564960606,1.4999999999999878,191.3571428571413,0.5433422534243859,1,2020-01-01,2022-09-01,2022-09-01,2022-11-01
2022-10-07 15:00:00,atr_breakdown,1,2022-10-07 16:00:00,11233.5,11304.07142857143,11127.642857142857,2022-10-07 19:00:00,11127.642857142857,target,4,0.9512988888674911,1.5000000000000038,211.71428571428623,0.6020227482195541,1,2020-01-01,2022-09-01,2022-09-01,2022-11-01
2022-10-07 16:00:00,atr_breakdown,1,2022-10-07 17:00:00,11182.75,11256.589285714286,11071.99107142857,2022-10-09 22:00:00,11071.99107142857,target,5,1.0003524014505771,1.5000000000000107,221.5178571428587,0.5770143162566067,1,2020-01-01,2022-09-01,2022-09-01,2022-11-01
2022-10-14 14:00:00,atr_breakdown,1,2022-10-14 15:00:00,10963.75,11061.892857142857,10816.535714285714,2022-10-14 18:00:00,10816.535714285714,target,4,1.3610114144019025,1.5000000000000053,294.42857142857247,0.5894992363647676,1,2020-01-01,2022-09-01,2022-09-01,2022-11-01
2022-10-14 15:00:00,atr_breakdown,0,2022-10-14 16:00:00,10879.25,10980.625,10727.1875,2022-10-17 12:00:00,10980.625,stop,20,-0.9232170299960152,-1.0,-202.75,0.6718756839950657,1,2020-01-01,2022-09-01,2022-09-01,2022-11-01
2022-11-02 13:00:00,atr_breakdown,1,2022-11-02 14:00:00,11325.75,11360.32142857143,11273.892857142857,2022-11-02 15:00:00,11273.892857142857,target,2,0.4599754806458689,1.5000000000000075,103.71428571428623,0.5004441397956655,1,2020-01-01,2022-11-01,2022-11-01,2023-01-01
2022-11-02 14:00:00,atr_breakdown,1,2022-11-02 15:00:00,11315.5,11350.410714285714,11263.13392857143,2022-11-02 16:00:00,11263.13392857143,target,2,0.46493339918236565,1.4999999999999778,104.7321428571413,0.5242359041026735,1,2020-01-01,2022-11-01,2022-11-01,2023-01-01
2022-11-02 19:00:00,atr_breakdown,1,2022-11-02 20:00:00,10985.25,11071.589285714286,10855.74107142857,2022-11-03 12:00:00,10855.74107142857,target,16,1.1929994250902576,1.500000000000009,259.0178571428587,0.6033821121160282,1,2020-01-01,2022-11-01,2022-11-01,2023-01-01
2022-11-09 18:00:00,atr_breakdown,0,2022-11-09 19:00:00,10924.5,10993.160714285714,10821.50892857143,2022-11-10 13:00:00,10993.160714285714,stop,18,-0.624576644244712,-0.9999999999999923,-137.32142857142753,0.5137679793815605,1,2020-01-01,2022-11-01,2022-11-01,2023-01-01
2022-11-18 15:00:00,atr_breakdown,0,2022-11-18 16:00:00,11718.75,11766.19642857143,11647.580357142857,2022-11-18 20:00:00,11766.19642857143,stop,5,-0.40324355333909434,-1.0000000000000164,-94.8928571428587,0.5117089384798247,1,2020-01-01,2022-11-01,2022-11-01,2023-01-01
2022-11-18 17:00:00,atr_breakdown,0,2022-11-18 18:00:00,11679.25,11734.482142857143,11596.401785714286,2022-11-18 20:00:00,11734.482142857143,stop,3,-0.470682405791234,-1.0000000000000047,-110.46428571428623,0.5071411215865428,1,2020-01-01,2022-11-01,2022-11-01,2023-01-01
2022-11-21 17:00:00,atr_breakdown,0,2022-11-21 18:00:00,11604.5,11646.625,11541.3125,2022-11-21 18:00:00,11646.625,stop,1,-0.3616927650714308,-1.0,-84.25,0.5196536885209653,1,2020-01-01,2022-11-01,2022-11-01,2023-01-01
2022-11-28 18:00:00,atr_breakdown,0,2022-11-28 19:00:00,11675.5,11723.714285714286,11603.17857142857,2022-11-29 05:00:00,11723.714285714286,stop,10,-0.4112543562498572,-1.0000000000000107,-96.42857142857247,0.5003026276614226,1,2020-01-01,2022-11-01,2022-11-01,2023-01-01
2022-11-29 14:00:00,atr_breakdown,0,2022-11-29 15:00:00,11626.0,11658.07142857143,11577.892857142857,2022-11-29 15:00:00,11658.07142857143,stop,1,-0.27510063536606566,-1.0000000000000244,-64.1428571428587,0.502300747564891,1,2020-01-01,2022-11-01,2022-11-01,2023-01-01
2022-11-29 16:00:00,atr_breakdown,0,2022-11-29 17:00:00,11570.0,11615.19642857143,11502.205357142857,2022-11-30 08:00:00,11615.19642857143,stop,15,-0.38911462969539734,-1.0000000000000173,-90.3928571428587,0.5426998614116816,1,2020-01-01,2022-11-01,2022-11-01,2023-01-01
2022-12-09 13:00:00,atr_breakdown,0,2022-12-09 14:00:00,11664.0,11703.607142857143,11604.589285714286,2022-12-09 14:00:00,11703.607142857143,stop,1,-0.33841825322473706,-1.0000000000000067,-79.21428571428623,0.5074131263303426,1,2020-01-01,2022-11-01,2022-11-01,2023-01-01
2022-12-09 13:00:00,rsi_rollover,0,2022-12-09 14:00:00,11664.0,11703.607142857143,11604.589285714286,2022-12-09 14:00:00,11703.607142857143,stop,1,-0.33841825322473706,-1.0000000000000067,-79.21428571428623,0.5074131263303426,1,2020-01-01,2022-11-01,2022-11-01,2023-01-01
2022-12-22 12:00:00,atr_breakdown,1,2022-12-22 13:00:00,11360.25,11382.142857142857,11327.410714285714,2022-12-22 13:00:00,11327.410714285714,target,1,0.2899099056492327,1.5000000000000238,65.67857142857247,0.68898000306172,1,2020-01-01,2022-11-01,2022-11-01,2023-01-01
2022-12-22 13:00:00,atr_breakdown,1,2022-12-22 14:00:00,11269.75,11298.107142857143,11227.214285714286,2022-12-22 14:00:00,11227.214285714286,target,1,0.3788625851725014,1.4999999999999816,85.07142857142753,0.7119393038672577,1,2020-01-01,2022-11-01,2022-11-01,2023-01-01
2022-12-22 14:00:00,atr_breakdown,1,2022-12-22 15:00:00,11189.5,11224.875,11136.4375,2022-12-22 15:00:00,11136.4375,target,1,0.47647643153387875,1.5,106.125,0.5465310692765619,1,2020-01-01,2022-11-01,2022-11-01,2023-01-01
2022-12-22 15:00:00,atr_breakdown,1,2022-12-22 16:00:00,11073.0,11115.589285714286,11009.11607142857,2022-12-22 17:00:00,11009.11607142857,target,2,0.5802820876530168,1.5000000000000182,127.7678571428587,0.535094211765393,1,2020-01-01,2022-11-01,2022-11-01,2023-01-01
2022-12-22 16:00:00,atr_breakdown,1,2022-12-22 17:00:00,11046.75,11093.089285714286,10977.24107142857,2022-12-22 17:00:00,10977.24107142857,target,1,0.6332094569039493,1.5000000000000169,139.0178571428587,0.510730008722177,1,2020-01-01,2022-11-01,2022-11-01,2023-01-01
2022-12-22 17:00:00,atr_breakdown,0,2022-12-22 18:00:00,10994.0,11044.875,10917.6875,2022-12-22 19:00:00,11044.875,stop,2,-0.46062087619823666,-1.0,-101.75,0.5155831410274206,1,2020-01-01,2022-11-01,2022-11-01,2023-01-01
2022-12-23 14:00:00,atr_breakdown,0,2022-12-23 15:00:00,11006.25,11057.642857142857,10929.160714285714,2022-12-23 15:00:00,11057.642857142857,stop,1,-0.46477226482006806,-0.9999999999999949,-102.78571428571377,0.5625032715334869,1,2020-01-01,2022-11-01,2022-11-01,2023-01-01
2022-12-27 12:00:00,atr_breakdown,1,2022-12-27 13:00:00,11153.75,11181.75,11111.75,2022-12-27 13:00:00,11111.75,target,1,0.3779782662497011,1.5,84.0,0.6142270940600538,1,2020-01-01,2022-11-01,2022-11-01,2023-01-01
2022-12-27 13:00:00,atr_breakdown,1,2022-12-27 14:00:00,11121.75,11147.392857142857,11083.285714285714,2022-12-27 14:00:00,11083.285714285714,target,1,0.347047677970691,1.5000000000000202,76.92857142857247,0.6772266499227574,1,2020-01-01,2022-11-01,2022-11-01,2023-01-01
2022-12-27 14:00:00,atr_breakdown,0,2022-12-27 15:00:00,10996.25,11032.92857142857,10941.232142857143,2022-12-27 15:00:00,11032.92857142857,stop,1,-0.3324463780501108,-0.9999999999999787,-73.3571428571413,0.5056153215112342,1,2020-01-01,2022-11-01,2022-11-01,2023-01-01
2022-12-28 15:00:00,atr_breakdown,0,2022-12-28 16:00:00,10895.5,10938.232142857143,10831.401785714286,2022-12-28 18:00:00,10938.232142857143,stop,3,-0.39066772673176375,-1.0000000000000062,-85.46428571428623,0.5465845952642252,1,2020-01-01,2022-11-01,2022-11-01,2023-01-01
2022-12-30 12:00:00,atr_breakdown,1,2022-12-30 13:00:00,10997.5,11024.410714285714,10957.13392857143,2022-12-30 14:00:00,10957.13392857143,target,2,0.36839990906119,1.4999999999999711,80.7321428571413,0.5125060328094455,1,2020-01-01,2022-11-01,2022-11-01,2023-01-01
2023-01-03 14:00:00,atr_breakdown,1,2023-01-03 15:00:00,11061.25,11120.089285714286,10972.99107142857,2023-01-03 16:00:00,10972.99107142857,target,2,0.8043288105942015,1.5000000000000133,176.5178571428587,0.6058164245261701,1,2020-01-01,2023-01-01,2023-01-01,2023-03-01
2023-01-03 14:00:00,rsi_rollover,1,2023-01-03 15:00:00,11061.25,11120.089285714286,10972.99107142857,2023-01-03 16:00:00,10972.99107142857,target,2,0.8043288105942015,1.5000000000000133,176.5178571428587,0.6058164245261701,1,2020-01-01,2023-01-01,2023-01-01,2023-03-01
2023-01-03 15:00:00,atr_breakdown,1,2023-01-03 16:00:00,11041.5,11104.42857142857,10947.107142857143,2023-01-03 16:00:00,10947.107142857143,target,1,0.8622630244780938,1.4999999999999958,188.78571428571377,0.5949010194441027,1,2020-01-01,2023-01-01,2023-01-01,2023-03-01
2023-01-03 16:00:00,atr_breakdown,0,2023-01-03 17:00:00,10939.5,11008.660714285714,10835.75892857143,2023-01-03 19:00:00,11008.660714285714,stop,3,-0.6282391299058276,-0.9999999999999925,-138.32142857142753,0.6272643090287067,1,2020-01-01,2023-01-01,2023-01-01,2023-03-01
2023-01-05 13:00:00,atr_breakdown,1,2023-01-05 14:00:00,10995.5,11033.80357142857,10938.044642857143,2023-01-05 14:00:00,10938.044642857143,target,1,0.5252799656506824,1.4999999999999931,114.91071428571377,0.6763211684095589,1,2020-01-01,2023-01-01,2023-01-01,2023-03-01
2023-01-05 14:00:00,atr_breakdown,0,2023-01-05 15:00:00,10934.5,10979.767857142857,10866.598214285714,2023-01-05 15:00:00,10979.767857142857,stop,1,-0.4122842826172146,-0.9999999999999942,-90.53571428571377,0.669784470226336,1,2020-01-01,2023-01-01,2023-01-01,2023-03-01
2023-01-05 20:00:00,atr_breakdown,0,2023-01-05 21:00:00,10886.0,10948.642857142857,10792.035714285714,2023-01-06 03:00:00,10948.642857142857,stop,6,-0.572151799635956,-0.9999999999999958,-125.28571428571377,0.5981911615386938,1,2020-01-01,2023-01-01,2023-01-01,2023-03-01
2023-01-18 16:00:00,atr_breakdown,1,2023-01-18 17:00:00,11616.75,11667.767857142857,11540.223214285714,2023-01-18 20:00:00,11540.223214285714,target,4,0.6631308969791361,1.50000000000001,153.05357142857247,0.5293765398110784,1,2020-01-01,2023-01-01,2023-01-01,2023-03-01
2023-01-18 20:00:00,atr_breakdown,1,2023-01-18 21:00:00,11546.0,11604.517857142857,11458.223214285714,2023-01-19 11:00:00,11458.223214285714,target,14,0.7660593101803892,1.5000000000000089,175.55357142857247,0.5157873248127754,1,2020-01-01,2023-01-01,2023-01-01,2023-03-01
2024-04-24 15:00:00,atr_breakdown,0,2024-04-24 16:00:00,17851.25,17896.60714285714,17783.214285714286,2024-04-24 17:00:00,17896.60714285714,stop,2,-0.25343989782579124,-0.9999999999999657,-90.7142857142826,0.5646944814904931,1,2020-01-01,2024-03-01,2024-03-01,2024-05-01
2024-04-30 12:00:00,atr_breakdown,0,2024-04-30 13:00:00,18070.75,18096.678571428572,18031.85714285714,2024-04-30 13:00:00,18096.678571428572,stop,1,-0.14327806799591114,-1.0000000000000402,-51.857142857144936,0.6322266863798499,1,2020-01-01,2024-03-01,2024-03-01,2024-05-01
2024-04-30 15:00:00,atr_breakdown,1,2024-04-30 16:00:00,18009.0,18050.76785714286,17946.348214285714,2024-04-30 16:00:00,17946.348214285714,target,1,0.3491060407733171,1.5000000000000124,125.30357142857247,0.5843962153217237,1,2020-01-01,2024-03-01,2024-03-01,2024-05-01
2024-04-30 16:00:00,atr_breakdown,1,2024-04-30 17:00:00,17947.75,17995.410714285714,17876.258928571428,2024-04-30 19:00:00,17876.258928571428,target,3,0.3999218836235885,1.5000000000000218,142.98214285714494,0.5823453716399378,1,2020-01-01,2024-03-01,2024-03-01,2024-05-01
2024-04-30 19:00:00,atr_breakdown,0,2024-04-30 20:00:00,17811.5,17875.785714285714,17715.071428571428,2024-04-30 20:00:00,17875.785714285714,stop,1,-0.359624551967741,-0.9999999999999918,-128.57142857142753,0.5362603788298285,1,2020-01-01,2024-03-01,2024-03-01,2024-05-01
2024-04-30 20:00:00,atr_breakdown,0,2024-04-30 22:00:00,17704.0,17777.910714285714,17593.133928571428,2024-05-01 18:00:00,17777.910714285714,stop,21,-0.4157446590522085,-0.9999999999999929,-147.82142857142753,0.566784305894834,1,2020-01-01,2024-03-01,2024-03-01,2024-05-01
2024-08-01 06:00:00,atr_breakdown,1,2024-08-01 07:00:00,19814.5,19900.428571428572,19685.60714285714,2024-08-01 14:00:00,19685.60714285714,target,8,0.6547568292280426,1.5000000000000182,257.7857142857174,0.5944984230892885,1,2020-01-01,2024-07-01,2024-07-01,2024-09-01
2024-08-01 08:00:00,atr_breakdown,0,2024-08-01 09:00:00,19742.75,19828.035714285714,19614.821428571428,2024-08-01 11:00:00,19828.035714285714,stop,3,-0.430126894638716,-0.9999999999999938,-170.57142857142753,0.5736311008812619,1,2020-01-01,2024-07-01,2024-07-01,2024-09-01
2024-08-01 14:00:00,atr_breakdown,1,2024-08-01 15:00:00,19560.75,19652.928571428572,19422.48214285714,2024-08-01 15:00:00,19422.48214285714,target,1,0.7118959159074789,1.5000000000000169,276.5357142857174,0.6005967428427761,1,2020-01-01,2024-07-01,2024-07-01,2024-09-01
2024-08-01 14:00:00,rsi_rollover,1,2024-08-01 15:00:00,19560.75,19652.928571428572,19422.48214285714,2024-08-01 15:00:00,19422.48214285714,target,1,0.7118959159074789,1.5000000000000169,276.5357142857174,0.6005967428427761,1,2020-01-01,2024-07-01,2024-07-01,2024-09-01
2024-08-01 15:00:00,atr_breakdown,1,2024-08-01 16:00:00,19380.5,19484.35714285714,19224.714285714286,2024-08-01 17:00:00,19224.714285714286,target,2,0.8103408558923331,1.499999999999995,311.57142857142753,0.589792285805649,1,2020-01-01,2024-07-01,2024-07-01,2024-09-01
2024-08-01 16:00:00,atr_breakdown,1,2024-08-01 17:00:00,19309.25,19420.910714285714,19141.758928571428,2024-08-01 17:00:00,19141.758928571428,target,1,0.8750035566406078,1.5000000000000093,334.98214285714494,0.6650758070077265,1,2020-01-01,2024-07-01,2024-07-01,2024-09-01
2024-08-01 17:00:00,atr_breakdown,1,2024-08-01 18:00:00,19237.0,19360.678571428572,19051.48214285714,2024-08-02 02:00:00,19051.48214285714,target,8,0.9737712570169421,1.5000000000000127,371.0357142857174,0.6727893966827029,1,2020-01-01,2024-07-01,2024-07-01,2024-09-01
2024-08-01 18:00:00,atr_breakdown,0,2024-08-01 19:00:00,19109.75,19243.160714285714,18909.633928571428,2024-08-01 19:00:00,19243.160714285714,stop,1,-0.6932889885738591,-0.9999999999999961,-266.82142857142753,0.6608482278526588,1,2020-01-01,2024-07-01,2024-07-01,2024-09-01
2024-08-06 20:00:00,atr_breakdown,0,2024-08-06 22:00:00,18258.75,18412.39285714286,18028.285714285714,2024-08-07 00:00:00,18412.39285714286,stop,3,-0.8344535027844269,-1.0000000000000102,-307.2857142857174,0.5073519969096041,1,2020-01-01,2024-07-01,2024-07-01,2024-09-01
2024-08-07 16:00:00,atr_breakdown,1,2024-08-07 17:00:00,18500.25,18609.446428571428,18336.45535714286,2024-08-07 17:00:00,18336.45535714286,target,1,0.8932732072086891,1.4999999999999858,327.5892857142826,0.5914797809766912,1,2020-01-01,2024-07-01,2024-07-01,2024-09-01
2024-08-07 17:00:00,atr_breakdown,1,2024-08-07 18:00:00,18334.25,18453.125,18155.9375,2024-08-07 20:00:00,18155.9375,target,3,0.9821167317854096,1.5,356.625,0.5332200989924061,1,2020-01-01,2024-07-01,2024-07-01,2024-09-01
2024-08-07 19:00:00,atr_breakdown,1,2024-08-07 20:00:00,18190.25,18321.303571428572,17993.66964285714,2024-08-07 23:00:00,17993.66964285714,target,3,1.0924973118026315,1.500000000000012,393.1607142857174,0.6819451971593167,1,2020-01-01,2024-07-01,2024-07-01,2024-09-01
2024-08-07 20:00:00,atr_breakdown,0,2024-08-07 22:00:00,18099.75,18236.0,17895.375,2024-08-08 02:00:00,18236.0,stop,5,-0.7471484974775122,-1.0,-272.5,0.6981418132492911,1,2020-01-01,2024-07-01,2024-07-01,2024-09-01
2025-03-03 19:00:00,atr_breakdown,1,2025-03-03 20:00:00,21200.25,21329.26785714286,21006.723214285714,2025-03-03 20:00:00,21006.723214285714,target,1,0.9212611778627089,1.500000000000004,387.05357142857247,0.520138620369974,1,2020-01-01,2025-03-01,2025-03-01,2025-05-01
2025-03-03 20:00:00,atr_breakdown,1,2025-03-03 21:00:00,21064.75,21209.821428571428,20847.14285714286,2025-03-04 14:00:00,20847.14285714286,target,17,1.0438223805934177,1.4999999999999891,435.2142857142826,0.540582308803229,1,2020-01-01,2025-03-01,2025-03-01,2025-05-01
2025-03-05 14:00:00,atr_breakdown,0,2025-03-05 15:00:00,20966.0,21054.14285714286,20833.785714285714,2025-03-05 15:00:00,21054.14285714286,stop,1,-0.4186485184456523,-1.0000000000000178,-176.2857142857174,0.5835272149449836,1,2020-01-01,2025-03-01,2025-03-01,2025-05-01
2025-03-06 14:00:00,atr_breakdown,0,2025-03-06 15:00:00,20876.5,20949.785714285714,20766.571428571428,2025-03-06 15:00:00,20949.785714285714,stop,1,-0.349816056761576,-0.9999999999999928,-146.57142857142753,0.5519761987180425,1,2020-01-01,2025-03-01,2025-03-01,2025-05-01
2025-03-06 17:00:00,atr_breakdown,1,2025-03-06 18:00:00,20763.75,20878.910714285714,20591.008928571428,2025-03-07 15:00:00,20591.008928571428,target,21,0.8389150431035164,1.5000000000000089,345.48214285714494,0.6503097445668553,1,2020-01-01,2025-03-01,2025-03-01,2025-05-01
2025-03-07 15:00:00,atr_breakdown,1,2025-03-07 16:00:00,20613.25,20707.535714285714,20471.821428571428,2025-03-07 16:00:00,20471.821428571428,target,1,0.6908450814796074,1.5000000000000109,282.85714285714494,0.5756276064589245,1,2020-01-01,2025-03-01,2025-03-01,2025-05-01
2025-03-07 16:00:00,atr_breakdown,0,2025-03-07 17:00:00,20427.5,20538.01785714286,20261.723214285714,2025-03-07 17:00:00,20538.01785714286,stop,1,-0.5381135507408374,-1.0000000000000142,-221.0357142857174,0.5338662858244102,1,2020-01-01,2025-03-01,2025-03-01,2025-05-01
2025-03-10 08:00:00,atr_breakdown,1,2025-03-10 09:00:00,20553.0,20703.375,20327.4375,2025-03-10 14:00:00,20327.4375,target,6,1.109645522215974,1.5,451.125,0.5299917790125745,1,2020-01-01,2025-03-01,2025-03-01,2025-05-01
2025-03-10 18:00:00,atr_breakdown,0,2025-03-10 19:00:00,19927.75,20051.25,19742.5,2025-03-10 19:00:00,20051.25,stop,1,-0.615921700642108,-1.0,-247.0,0.5027823415244319,1,2020-01-01,2025-03-01,2025-03-01,2025-05-01
2025-03-12 14:00:00,atr_breakdown,0,2025-03-12 15:00:00,20070.0,20162.571428571428,19931.14285714286,2025-03-12 15:00:00,20162.571428571428,stop,1,-0.45912511159290625,-0.9999999999999888,-185.14285714285506,0.5420147017483405,1,2020-01-01,2025-03-01,2025-03-01,2025-05-01
2025-03-13 13:00:00,atr_breakdown,0,2025-03-13 14:00:00,19956.75,20054.339285714286,19810.366071428572,2025-03-13 14:00:00,20054.339285714286,stop,1,-0.4866242877610283,-1.0000000000000053,-195.17857142857247,0.5627308070598318,1,2020-01-01,2025-03-01,2025-03-01,2025-05-01
2025-03-13 15:00:00,atr_breakdown,0,2025-03-13 16:00:00,19891.75,20013.875,19708.5625,2025-03-14 00:00:00,20013.875,stop,8,-0.6102016725896386,-1.0,-244.25,0.6172582051134023,1,2020-01-01,2025-03-01,2025-03-01,2025-05-01
2025-03-13 17:00:00,atr_breakdown,0,2025-03-13 18:00:00,19785.25,19918.76785714286,19584.973214285714,2025-03-13 18:00:00,19918.76785714286,stop,1,-0.6703118290270149,-1.0000000000000118,-267.0357142857174,0.6278154767811543,1,2020-01-01,2025-03-01,2025-03-01,2025-05-01
2025-03-18 13:00:00,atr_breakdown,0,2025-03-18 14:00:00,20063.5,20127.76785714286,19967.098214285714,2025-03-18 16:00:00,20127.76785714286,stop,3,-0.3192994752274636,-1.0000000000000244,-128.5357142857174,0.5092228735231263,1,2020-01-01,2025-03-01,2025-03-01,2025-05-01
2025-03-21 08:00:00,atr_breakdown,1,2025-03-21 09:00:00,20191.5,20247.928571428572,20106.85714285714,2025-03-21 12:00:00,20106.85714285714,target,4,0.420965129167028,1.5000000000000275,169.2857142857174,0.5395979637636902,1,2020-01-01,2025-03-01,2025-03-01,2025-05-01
2025-03-21 12:00:00,atr_breakdown,1,2025-03-21 13:00:00,20076.5,20136.26785714286,19986.848214285714,2025-03-21 13:00:00,19986.848214285714,target,1,0.44855389280540336,1.5000000000000087,179.30357142857247,0.5509882684791864,1,2020-01-01,2025-03-01,2025-03-01,2025-05-01
2025-03-21 13:00:00,atr_breakdown,1,2025-03-21 14:00:00,20052.25,20117.964285714286,19953.678571428572,2025-03-23 22:00:00,19953.678571428572,target,6,0.4940012851192721,1.4999999999999842,197.14285714285506,0.6010296898642394,1,2020-01-01,2025-03-01,2025-03-01,2025-05-01
2025-03-25 08:00:00,atr_breakdown,0,2025-03-25 09:00:00,20096.75,20126.75,20051.75,2025-03-25 09:00:00,20126.75,stop,1,-0.14905536164556699,-1.0,-60.0,0.5940793251970592,1,2020-01-01,2025-03-01,2025-03-01,2025-05-01
2025-03-26 13:00:00,atr_breakdown,1,2025-03-26 14:00:00,20108.0,20150.339285714286,20044.491071428572,2025-03-26 14:00:00,20044.491071428572,target,1,0.31683981571353215,1.4999999999999754,127.01785714285506,0.5470545575930283,1,2020-01-01,2025-03-01,2025-03-01,2025-05-01
2025-03-26 14:00:00,atr_breakdown,1,2025-03-26 15:00:00,20088.5,20138.375,20013.6875,2025-03-26 15:00:00,20013.6875,target,1,0.37380667605606543,1.5,149.625,0.5811659051086338,1,2020-01-01,2025-03-01,2025-03-01,2025-05-01
2025-03-26 15:00:00,atr_breakdown,1,2025-03-26 16:00:00,19986.0,20045.0,19897.5,2025-03-26 17:00:00,19897.5,target,2,0.4447794949114181,1.5,177.0,0.5885945517241227,1,2020-01-01,2025-03-01,2025-03-01,2025-05-01
2025-03-26 16:00:00,atr_breakdown,1,2025-03-26 17:00:00,19924.5,19987.089285714286,19830.616071428572,2025-03-26 22:00:00,19830.616071428572,target,5,0.47342920781312525,1.4999999999999833,187.76785714285506,0.5761537712364777,1,2020-01-01,2025-03-01,2025-03-01,2025-05-01
2025-03-26 17:00:00,atr_breakdown,1,2025-03-26 18:00:00,19877.75,19944.428571428572,19777.73214285714,2025-03-27 13:00:00,19777.73214285714,target,19,0.5057094333183132,1.5000000000000233,200.0357142857174,0.5649927449444716,1,2020-01-01,2025-03-01,2025-03-01,2025-05-01
2025-03-26 18:00:00,atr_breakdown,0,2025-03-26 19:00:00,19849.0,19921.73214285714,19739.901785714286,2025-03-26 19:00:00,19921.73214285714,stop,1,-0.3650894527422843,-0.9999999999999785,-145.4642857142826,0.5606731856380898,1,2020-01-01,2025-03-01,2025-03-01,2025-05-01
2025-03-27 19:00:00,atr_breakdown,1,2025-03-27 20:00:00,19785.25,19882.10714285714,19639.964285714286,2025-03-28 07:00:00,19639.964285714286,target,11,0.7397453079453387,1.4999999999999947,290.57142857142753,0.5579206526851264,1,2020-01-01,2025-03-01,2025-03-01,2025-05-01
2025-04-02 12:00:00,atr_breakdown,0,2025-04-02 13:00:00,19178.75,19231.785714285714,19099.196428571428,2025-04-02 13:00:00,19231.785714285714,stop,1,-0.27577113781128704,-0.9999999999999902,-106.07142857142753,0.6367897759348886,1,2020-01-01,2025-03-01,2025-03-01,2025-05-01
2025-04-02 20:00:00,atr_breakdown,1,2025-04-02 22:00:00,18816.25,19002.071428571428,18537.51785714286,2025-04-03 15:00:00,18537.51785714286,target,18,1.503610920324694,1.4999999999999916,557.4642857142826,0.6018821795099467,1,2020-01-01,2025-03-01,2025-03-01,2025-05-01
2025-04-02 22:00:00,atr_breakdown,0,2025-04-02 23:00:00,18740.0,18943.696428571428,18434.45535714286,2025-04-03 08:00:00,18943.696428571428,stop,10,-1.0752728715827997,-0.9999999999999948,-407.39285714285506,0.6445470101143059,1,2020-01-01,2025-03-01,2025-03-01,2025-05-01
2025-04-04 19:00:00,atr_breakdown,1,2025-04-04 20:00:00,17336.25,17607.589285714286,16929.241071428572,2025-04-06 22:00:00,16929.241071428572,target,5,2.404177049958456,1.4999999999999962,814.0178571428551,0.5164184069785336,1,2020-01-01,2025-03-01,2025-03-01,2025-05-01
2025-04-08 16:00:00,atr_breakdown,1,2025-04-08 17:00:00,17456.0,17638.803571428572,17181.79464285714,2025-04-08 19:00:00,17181.79464285714,target,3,1.5959063813910213,1.5000000000000087,548.4107142857174,0.5140272976726189,1,2020-01-01,2025-03-01,2025-03-01,2025-05-01
2025-04-08 18:00:00,atr_breakdown,1,2025-04-08 19:00:00,17233.5,17441.625,16921.3125,2025-04-08 19:00:00,16921.3125,target,1,1.844936673795261,1.5,624.375,0.5376470975031125,1,2020-01-01,2025-03-01,2025-03-01,2025-05-01
2025-04-08 19:00:00,atr_breakdown,1,2025-04-08 20:00:00,17025.25,17259.48214285714,16673.901785714286,2025-04-08 23:00:00,16673.901785714286,target,3,2.107174546192536,1.4999999999999978,702.6964285714275,0.5196377981485083,1,2020-01-01,2025-03-01,2025-03-01,2025-05-01
2025-05-04 22:00:00,rsi_rollover,1,2025-05-04 23:00:00,19907.0,19962.23214285714,19824.151785714286,2025-05-05 01:00:00,19824.151785714286,target,3,0.4179155566464976,1.4999999999999907,165.69642857142753,0.544717067528487,1,2020-01-01,2025-05-01,2025-05-01,2025-07-01
2025-05-04 22:00:00,atr_breakdown,1,2025-05-04 23:00:00,19907.0,19962.23214285714,19824.151785714286,2025-05-05 01:00:00,19824.151785714286,target,3,0.4179155566464976,1.4999999999999907,165.69642857142753,0.544717067528487,1,2020-01-01,2025-05-01,2025-05-01,2025-07-01
2025-05-05 08:00:00,atr_breakdown,0,2025-05-05 09:00:00,19792.25,19855.85714285714,19696.839285714286,2025-05-05 13:00:00,19855.85714285714,stop,5,-0.3203444827362789,-0.9999999999999756,-127.2142857142826,0.5124577032539464,1,2020-01-01,2025-05-01,2025-05-01,2025-07-01
2025-05-07 14:00:00,atr_breakdown,0,2025-05-07 15:00:00,19635.75,19698.571428571428,19541.51785714286,2025-05-07 17:00:00,19698.571428571428,stop,3,-0.31891362680397384,-0.9999999999999835,-125.64285714285506,0.5015907259983576,1,2020-01-01,2025-05-01,2025-05-01,2025-07-01
2026-02-12 14:00:00,atr_breakdown,1,2026-02-12 15:00:00,25208.25,25266.285714285714,25121.196428571428,2026-02-12 15:00:00,25121.196428571428,target,1,0.3465343367546003,1.500000000000018,174.10714285714494,0.5595238762233017,1,2020-01-01,2026-01-01,2026-01-01,2026-03-01
2026-02-12 14:00:00,rsi_rollover,1,2026-02-12 15:00:00,25208.25,25266.285714285714,25121.196428571428,2026-02-12 15:00:00,25121.196428571428,target,1,0.3465343367546003,1.500000000000018,174.10714285714494,0.5582806602975825,1,2020-01-01,2026-01-01,2026-01-01,2026-03-01
2026-02-12 15:00:00,atr_breakdown,1,2026-02-12 16:00:00,25011.25,25082.25,24904.75,2026-02-12 16:00:00,24904.75,target,1,0.4276292675092108,1.5,213.0,0.5429305094621937,1,2020-01-01,2026-01-01,2026-01-01,2026-03-01
2026-02-12 16:00:00,atr_breakdown,1,2026-02-12 17:00:00,24878.5,24962.75,24752.125,2026-02-12 20:00:00,24752.125,target,4,0.5105622244554686,1.5,252.75,0.5713196800567624,1,2020-01-01,2026-01-01,2026-01-01,2026-03-01
2026-02-12 20:00:00,atr_breakdown,1,2026-02-12 21:00:00,24765.5,24877.553571428572,24597.41964285714,2026-02-13 14:00:00,24597.41964285714,target,18,0.6833251600505408,1.500000000000014,336.1607142857174,0.6054992079812466,1,2020-01-01,2026-01-01,2026-01-01,2026-03-01
2026-02-16 15:00:00,atr_breakdown,0,2026-02-16 16:00:00,24692.25,24744.303571428572,24614.16964285714,2026-02-16 16:00:00,24744.303571428572,stop,1,-0.2103658778607853,-1.00000000000002,-104.10714285714494,0.5107175644142643,1,2020-01-01,2026-01-01,2026-01-01,2026-03-01
2026-02-17 01:00:00,atr_breakdown,1,2026-02-17 02:00:00,24667.0,24741.85714285714,24554.714285714286,2026-02-17 13:00:00,24554.714285714286,target,12,0.45728780624028076,1.499999999999993,224.57142857142753,0.5240157783230288,1,2020-01-01,2026-01-01,2026-01-01,2026-03-01
2026-02-17 03:00:00,atr_breakdown,0,2026-02-17 04:00:00,24609.75,24687.928571428572,24492.48214285714,2026-02-17 08:00:00,24687.928571428572,stop,5,-0.3166671970974866,-1.0000000000000133,-156.35714285714494,0.5209547413236106,1,2020-01-01,2026-01-01,2026-01-01,2026-03-01
2026-02-17 14:00:00,atr_breakdown,0,2026-02-17 15:00:00,24484.25,24593.660714285714,24320.133928571428,2026-02-17 15:00:00,24593.660714285714,stop,1,-0.4448736426706956,-0.9999999999999952,-218.82142857142753,0.5531594170070968,1,2020-01-01,2026-01-01,2026-01-01,2026-03-01
2026-02-20 11:00:00,atr_breakdown,1,2026-02-20 12:00:00,24829.25,24877.714285714286,24756.553571428572,2026-02-20 13:00:00,24756.553571428572,target,2,0.2936451891887071,1.4999999999999785,145.39285714285506,0.5547925975396297,1,2020-01-01,2026-01-01,2026-01-01,2026-03-01
2026-02-20 13:00:00,atr_breakdown,0,2026-02-20 14:00:00,24769.0,24824.214285714286,24686.178571428572,2026-02-20 14:00:00,24824.214285714286,stop,1,-0.2224210807995619,-1.0000000000000093,-110.42857142857247,0.5258933932556915,1,2020-01-01,2026-01-01,2026-01-01,2026-03-01
2026-02-27 12:00:00,atr_breakdown,1,2026-02-27 13:00:00,24921.0,24980.553571428572,24831.66964285714,2026-02-27 13:00:00,24831.66964285714,target,1,0.35974365972026856,1.5000000000000262,178.6607142857174,0.5061550501754503,1,2020-01-01,2026-01-01,2026-01-01,2026-03-01
2026-02-27 13:00:00,atr_breakdown,0,2026-02-27 14:00:00,24871.0,24935.160714285714,24774.758928571428,2026-02-27 14:00:00,24935.160714285714,stop,1,-0.2573102095506208,-0.9999999999999918,-128.32142857142753,0.5178011165050453,1,2020-01-01,2026-01-01,2026-01-01,2026-03-01
2026-03-08 22:00:00,atr_breakdown,1,2026-03-08 23:00:00,24305.75,24474.285714285714,24052.946428571428,2026-03-09 01:00:00,24052.946428571428,target,3,1.0510295367734068,1.5000000000000062,505.60714285714494,0.5093409217833785,1,2020-01-01,2026-03-01,2026-03-01,2026-05-01
2026-03-08 23:00:00,atr_breakdown,0,2026-03-09 00:00:00,24215.25,24380.89285714286,23966.785714285714,2026-03-09 09:00:00,24380.89285714286,stop,10,-0.6793961899321133,-1.0000000000000095,-331.2857142857174,0.656105878848478,1,2020-01-01,2026-03-01,2026-03-01,2026-05-01
2026-03-12 14:00:00,atr_breakdown,0,2026-03-12 15:00:00,24620.25,24708.339285714286,24488.116071428572,2026-03-12 15:00:00,24708.339285714286,stop,1,-0.35651641616082363,-1.000000000000006,-176.17857142857247,0.5039301339452581,1,2020-01-01,2026-03-01,2026-03-01,2026-05-01
2026-03-13 06:00:00,atr_breakdown,0,2026-03-13 07:00:00,24479.5,24565.51785714286,24350.473214285714,2026-03-13 09:00:00,24565.51785714286,stop,3,-0.35015690547653966,-1.0000000000000182,-172.0357142857174,0.541158244559013,1,2020-01-01,2026-03-01,2026-03-01,2026-05-01
2026-03-13 14:00:00,atr_breakdown,1,2026-03-13 15:00:00,24490.75,24589.89285714286,24342.035714285714,2026-03-13 20:00:00,24342.035714285714,target,6,0.610936108466098,1.5000000000000053,297.42857142857247,0.5734418043505822,1,2020-01-01,2026-03-01,2026-03-01,2026-05-01
2026-03-13 15:00:00,atr_breakdown,0,2026-03-13 16:00:00,24409.0,24517.821428571428,24245.76785714286,2026-03-16 00:00:00,24517.821428571428,stop,12,-0.4438462401256227,-0.9999999999999905,-217.64285714285506,0.626469436392581,1,2020-01-01,2026-03-01,2026-03-01,2026-05-01
2026-03-18 11:00:00,atr_breakdown,1,2026-03-18 12:00:00,24893.0,24932.446428571428,24833.83035714286,2026-03-18 12:00:00,24833.83035714286,target,1,0.2382622495450848,1.4999999999999605,118.3392857142826,0.5067324067682789,1,2020-01-01,2026-03-01,2026-03-01,2026-05-01
2026-03-20 09:00:00,atr_breakdown,0,2026-03-20 10:00:00,24431.75,24522.464285714286,24295.678571428572,2026-03-20 13:00:00,24522.464285714286,stop,4,-0.36992320452530203,-1.0000000000000058,-181.42857142857247,0.5412436271152204,1,2020-01-01,2026-03-01,2026-03-01,2026-05-01
2026-03-20 10:00:00,atr_breakdown,0,2026-03-20 11:00:00,24407.25,24493.625,24277.6875,2026-03-20 12:00:00,24493.625,stop,2,-0.35264277949874634,-1.0,-172.75,0.562846564615401,1,2020-01-01,2026-03-01,2026-03-01,2026-05-01
2026-03-20 13:00:00,atr_breakdown,1,2026-03-20 14:00:00,24285.75,24387.410714285714,24133.258928571428,2026-03-20 18:00:00,24133.258928571428,target,5,0.631871028607911,1.5000000000000102,304.98214285714494,0.5045618273306038,1,2020-01-01,2026-03-01,2026-03-01,2026-05-01
2026-03-20 17:00:00,atr_breakdown,1,2026-03-20 18:00:00,24211.75,24319.303571428572,24050.41964285714,2026-03-20 19:00:00,24050.41964285714,target,2,0.6708005911687742,1.5000000000000144,322.6607142857174,0.5759637224585664,1,2020-01-01,2026-03-01,2026-03-01,2026-05-01
2026-03-20 18:00:00,atr_breakdown,0,2026-03-20 19:00:00,24094.75,24210.26785714286,23921.473214285714,2026-03-20 20:00:00,24210.26785714286,stop,2,-0.4771440688904893,-1.0000000000000135,-231.0357142857174,0.5999888152338126,1,2020-01-01,2026-03-01,2026-03-01,2026-05-01
2026-03-26 08:00:00,atr_breakdown,1,2026-03-26 09:00:00,24194.0,24282.089285714286,24061.866071428572,2026-03-26 14:00:00,24061.866071428572,target,6,0.5491424820468271,1.4999999999999882,264.26785714285506,0.5720280855342026,1,2020-01-01,2026-03-01,2026-03-01,2026-05-01
2026-03-26 16:00:00,atr_breakdown,1,2026-03-26 17:00:00,23998.0,24105.535714285714,23836.696428571428,2026-03-26 19:00:00,23836.696428571428,target,3,0.676702713028754,1.5000000000000095,322.60714285714494,0.5366673752791388,1,2020-01-01,2026-03-01,2026-03-01,2026-05-01
2026-03-26 17:00:00,atr_breakdown,0,2026-03-26 18:00:00,23861.5,23971.01785714286,23697.223214285714,2026-03-26 20:00:00,23971.01785714286,stop,3,-0.45687612347351525,-1.0000000000000142,-219.0357142857174,0.5871656081911647,1,2020-01-01,2026-03-01,2026-03-01,2026-05-01
2026-03-27 08:00:00,atr_breakdown,1,2026-03-27 09:00:00,23779.5,23858.875,23660.4375,2026-03-27 10:00:00,23660.4375,target,2,0.5032134338175176,1.5,238.125,0.5059266318118468,1,2020-01-01,2026-03-01,2026-03-01,2026-05-01
