signal_time,trigger,label,return_pct,r_multiple,bars_held,entry_time,exit_time,exit_reason,prob_target_hit_first,pred_label,fold_train_start,fold_train_end,fold_test_start,fold_test_end,strategy
2022-05-02 11:00:00,atr_breakdown,0,-0.6223240816583209,-0.9999999999999969,2,2022-05-02 12:00:00,2022-05-02 13:00:00,stop,0.3800416929396593,0,2021-11-01,2022-05-01,2022-05-01,2022-07-01,raw_oos_all
2022-05-04 13:00:00,atr_breakdown,1,0.41798410723847823,1.4999999999999787,1,2022-05-04 14:00:00,2022-05-04 14:00:00,target,0.467349428658499,0,2021-11-01,2022-05-01,2022-05-01,2022-07-01,raw_oos_all
2022-05-04 14:00:00,atr_breakdown,0,-0.3275932203389842,-0.9999999999999939,1,2022-05-04 15:00:00,2022-05-04 15:00:00,stop,0.4901247677044148,0,2021-11-01,2022-05-01,2022-05-01,2022-07-01,raw_oos_all
2022-05-05 13:00:00,atr_breakdown,1,0.6267810861249501,1.499999999999986,1,2022-05-05 14:00:00,2022-05-05 14:00:00,target,0.3657061248195245,0,2021-11-01,2022-05-01,2022-05-01,2022-07-01,raw_oos_all
2022-05-05 14:00:00,atr_breakdown,1,0.8248230105732501,1.5000000000000109,1,2022-05-05 15:00:00,2022-05-05 15:00:00,target,0.4725343288931538,0,2021-11-01,2022-05-01,2022-05-01,2022-07-01,raw_oos_all
2022-05-05 15:00:00,atr_breakdown,0,-0.6138126918164621,-1.0,1,2022-05-05 16:00:00,2022-05-05 16:00:00,stop,0.47778211404926024,0,2021-11-01,2022-05-01,2022-05-01,2022-07-01,raw_oos_all
2022-05-06 12:00:00,atr_breakdown,0,-0.4986402595955619,-1.000000000000004,1,2022-05-06 13:00:00,2022-05-06 13:00:00,stop,0.46882194337311583,0,2021-11-01,2022-05-01,2022-05-01,2022-07-01,raw_oos_all
2022-05-06 13:00:00,atr_breakdown,0,-0.6379694114338919,-1.0000000000000064,1,2022-05-06 14:00:00,2022-05-06 14:00:00,stop,0.4046766789455565,0,2021-11-01,2022-05-01,2022-05-01,2022-07-01,raw_oos_all
2022-05-09 14:00:00,atr_breakdown,0,-0.6177871574121641,-0.9999999999999899,2,2022-05-09 15:00:00,2022-05-09 16:00:00,stop,0.47295009429631457,0,2021-11-01,2022-05-01,2022-05-01,2022-07-01,raw_oos_all
2022-05-09 19:00:00,atr_breakdown,0,-0.8934501746191703,-1.000000000000007,7,2022-05-09 20:00:00,2022-05-10 03:00:00,stop,0.5902501969268644,1,2021-11-01,2022-05-01,2022-05-01,2022-07-01,raw_oos_all
2022-05-10 14:00:00,atr_breakdown,0,-0.7582135056425243,-1.0000000000000056,3,2022-05-10 15:00:00,2022-05-10 17:00:00,stop,0.4892926784226931,0,2021-11-01,2022-05-01,2022-05-01,2022-07-01,raw_oos_all
2022-05-11 12:00:00,atr_breakdown,0,-0.6289290077137633,-0.99999999999999,1,2022-05-11 13:00:00,2022-05-11 13:00:00,stop,0.38736142099746634,0,2021-11-01,2022-05-01,2022-05-01,2022-07-01,raw_oos_all
2022-05-11 12:00:00,rsi_rollover,0,-0.6289290077137633,-0.99999999999999,1,2022-05-11 13:00:00,2022-05-11 13:00:00,stop,0.38736142099746634,0,2021-11-01,2022-05-01,2022-05-01,2022-07-01,raw_oos_all
2022-05-11 17:00:00,atr_breakdown,0,-1.0621122059643384,-1.000000000000002,1,2022-05-11 18:00:00,2022-05-11 18:00:00,stop,0.6082423298076641,1,2021-11-01,2022-05-01,2022-05-01,2022-07-01,raw_oos_all
2022-05-12 11:00:00,atr_breakdown,0,-0.693201583020342,-1.000000000000003,2,2022-05-12 12:00:00,2022-05-12 13:00:00,stop,0.49681602004188447,0,2021-11-01,2022-05-01,2022-05-01,2022-07-01,raw_oos_all
2022-05-16 13:00:00,atr_breakdown,0,-0.5684486048532889,-1.0,1,2022-05-16 14:00:00,2022-05-16 14:00:00,stop,0.5040227180931264,1,2021-11-01,2022-05-01,2022-05-01,2022-07-01,raw_oos_all
2022-05-16 14:00:00,atr_breakdown,0,-0.6450320799387677,-0.9999999999999968,1,2022-05-16 15:00:00,2022-05-16 15:00:00,stop,0.645434846666938,1,2021-11-01,2022-05-01,2022-05-01,2022-07-01,raw_oos_all
2022-05-17 14:00:00,atr_breakdown,0,-0.5231261953532518,-0.999999999999992,1,2022-05-17 15:00:00,2022-05-17 15:00:00,stop,0.548104263354095,1,2021-11-01,2022-05-01,2022-05-01,2022-07-01,raw_oos_all
2022-05-18 11:00:00,atr_breakdown,1,0.5101325405056034,1.4999999999999818,2,2022-05-18 12:00:00,2022-05-18 13:00:00,target,0.5213847147513062,1,2021-11-01,2022-05-01,2022-05-01,2022-07-01,raw_oos_all
2022-05-18 12:00:00,atr_breakdown,1,0.5629757144787417,1.5,1,2022-05-18 13:00:00,2022-05-18 13:00:00,target,0.5412025064644146,1,2021-11-01,2022-05-01,2022-05-01,2022-07-01,raw_oos_all
2022-05-18 13:00:00,atr_breakdown,0,-0.4230544760928767,-1.0000000000000147,1,2022-05-18 14:00:00,2022-05-18 14:00:00,stop,0.5110337099053567,1,2021-11-01,2022-05-01,2022-05-01,2022-07-01,raw_oos_all
2022-05-18 15:00:00,atr_breakdown,1,0.8389718207268082,1.4999999999999885,2,2022-05-18 16:00:00,2022-05-18 17:00:00,target,0.40508206992732076,0,2021-11-01,2022-05-01,2022-05-01,2022-07-01,raw_oos_all
2022-05-18 17:00:00,atr_breakdown,1,0.9870548603357676,1.4999999999999967,5,2022-05-18 18:00:00,2022-05-18 23:00:00,target,0.4202358531689529,0,2021-11-01,2022-05-01,2022-05-01,2022-07-01,raw_oos_all
2022-05-18 18:00:00,atr_breakdown,1,1.046172260022371,1.4999999999999907,12,2022-05-18 19:00:00,2022-05-19 07:00:00,target,0.5768352411034822,1,2021-11-01,2022-05-01,2022-05-01,2022-07-01,raw_oos_all
2022-05-19 07:00:00,atr_breakdown,0,-0.6514605038217325,-1.0000000000000033,6,2022-05-19 08:00:00,2022-05-19 13:00:00,stop,0.46662935057370625,0,2021-11-01,2022-05-01,2022-05-01,2022-07-01,raw_oos_all
2022-05-20 13:00:00,atr_breakdown,1,0.6883723125784114,1.4999999999999953,1,2022-05-20 14:00:00,2022-05-20 14:00:00,target,0.5843662196791666,1,2021-11-01,2022-05-01,2022-05-01,2022-07-01,raw_oos_all
2022-05-20 14:00:00,atr_breakdown,1,0.8533136751642578,1.4999999999999885,2,2022-05-20 15:00:00,2022-05-20 16:00:00,target,0.3656741354321477,0,2021-11-01,2022-05-01,2022-05-01,2022-07-01,raw_oos_all
2022-05-20 15:00:00,atr_breakdown,1,0.9018917065241494,1.5000000000000038,1,2022-05-20 16:00:00,2022-05-20 16:00:00,target,0.6227064416408075,1,2021-11-01,2022-05-01,2022-05-01,2022-07-01,raw_oos_all
2022-05-20 16:00:00,atr_breakdown,0,-0.701515430024735,-0.9999999999999969,3,2022-05-20 17:00:00,2022-05-20 19:00:00,stop,0.4192185745081551,0,2021-11-01,2022-05-01,2022-05-01,2022-07-01,raw_oos_all
2022-05-23 08:00:00,atr_breakdown,0,-0.6467914273724285,-1.0000000000000067,5,2022-05-23 09:00:00,2022-05-23 13:00:00,stop,0.5759671463547339,1,2021-11-01,2022-05-01,2022-05-01,2022-07-01,raw_oos_all
2022-05-23 13:00:00,atr_breakdown,0,-0.5994182636909873,-0.9999999999999964,1,2022-05-23 14:00:00,2022-05-23 14:00:00,stop,0.6045425565842987,1,2021-11-01,2022-05-01,2022-05-01,2022-07-01,raw_oos_all
2022-05-23 22:00:00,atr_breakdown,1,1.3813403251085488,1.5000000000000024,15,2022-05-23 23:00:00,2022-05-24 13:00:00,target,0.5670312487531238,1,2021-11-01,2022-05-01,2022-05-01,2022-07-01,raw_oos_all
2022-05-23 22:00:00,rsi_rollover,1,1.3813403251085488,1.5000000000000024,15,2022-05-23 23:00:00,2022-05-24 13:00:00,target,0.5670312487531238,1,2021-11-01,2022-05-01,2022-05-01,2022-07-01,raw_oos_all
2022-05-24 13:00:00,atr_breakdown,1,0.6869937661676762,1.5,1,2022-05-24 14:00:00,2022-05-24 14:00:00,target,0.32083931201311505,0,2021-11-01,2022-05-01,2022-05-01,2022-07-01,raw_oos_all
2022-05-24 14:00:00,atr_breakdown,0,-0.4986507715782573,-1.0000000000000044,1,2022-05-24 15:00:00,2022-05-24 15:00:00,stop,0.5550026891325769,1,2021-11-01,2022-05-01,2022-05-01,2022-07-01,raw_oos_all
2022-05-25 11:00:00,atr_breakdown,0,-0.43588747047744736,-1.000000000000015,2,2022-05-25 12:00:00,2022-05-25 13:00:00,stop,0.5231414297510734,1,2021-11-01,2022-05-01,2022-05-01,2022-07-01,raw_oos_all
2022-05-30 13:00:00,atr_breakdown,0,-0.31838694929285927,-0.9999999999999875,2,2022-05-30 14:00:00,2022-05-30 15:00:00,stop,0.5357113253406003,1,2021-11-01,2022-05-01,2022-05-01,2022-07-01,raw_oos_all
2022-05-31 00:00:00,rsi_rollover,0,-0.4261334281215001,-1.0000000000000047,2,2022-05-31 01:00:00,2022-05-31 02:00:00,stop,0.4841244613640978,0,2021-11-01,2022-05-01,2022-05-01,2022-07-01,raw_oos_all
2022-05-31 00:00:00,atr_breakdown,0,-0.4261334281215001,-1.0000000000000047,2,2022-05-31 01:00:00,2022-05-31 02:00:00,stop,0.4841244613640978,0,2021-11-01,2022-05-01,2022-05-01,2022-07-01,raw_oos_all
2022-05-31 07:00:00,atr_breakdown,0,-0.4856631840747916,-1.0000000000000124,1,2022-05-31 08:00:00,2022-05-31 08:00:00,stop,0.5733080083601944,1,2021-11-01,2022-05-01,2022-05-01,2022-07-01,raw_oos_all
2022-05-31 12:00:00,atr_breakdown,0,-0.5372867573800622,-0.9999999999999963,1,2022-05-31 13:00:00,2022-05-31 13:00:00,stop,0.6356213700192526,1,2021-11-01,2022-05-01,2022-05-01,2022-07-01,raw_oos_all
2022-05-31 13:00:00,atr_breakdown,0,-0.6032075432280237,-1.0000000000000069,1,2022-05-31 14:00:00,2022-05-31 14:00:00,stop,0.5615746831141701,1,2021-11-01,2022-05-01,2022-05-01,2022-07-01,raw_oos_all
2022-06-01 14:00:00,rsi_rollover,1,0.8122920268029077,1.5000000000000038,1,2022-06-01 15:00:00,2022-06-01 15:00:00,target,0.5325981154463719,1,2021-11-01,2022-05-01,2022-05-01,2022-07-01,raw_oos_all
2022-06-01 15:00:00,atr_breakdown,0,-0.6004675737728338,-1.0000000000000033,3,2022-06-01 16:00:00,2022-06-01 18:00:00,stop,0.5123721696290596,1,2021-11-01,2022-05-01,2022-05-01,2022-07-01,raw_oos_all
2022-06-02 13:00:00,atr_breakdown,0,-0.42167672755378804,-1.0,1,2022-06-02 14:00:00,2022-06-02 14:00:00,stop,0.4760896550064492,0,2021-11-01,2022-05-01,2022-05-01,2022-07-01,raw_oos_all
2022-06-03 10:00:00,atr_breakdown,1,0.40526246655652187,1.5000000000000147,2,2022-06-03 11:00:00,2022-06-03 12:00:00,target,0.5448612763633683,1,2021-11-01,2022-05-01,2022-05-01,2022-07-01,raw_oos_all
2022-06-03 12:00:00,atr_breakdown,1,0.4852152191183512,1.4999999999999938,1,2022-06-03 13:00:00,2022-06-03 13:00:00,target,0.5282207580222947,1,2021-11-01,2022-05-01,2022-05-01,2022-07-01,raw_oos_all
2022-06-03 14:00:00,atr_breakdown,0,-0.4566222767036221,-0.9999999999999911,3,2022-06-03 15:00:00,2022-06-03 17:00:00,stop,0.4850916080922285,0,2021-11-01,2022-05-01,2022-05-01,2022-07-01,raw_oos_all
2022-06-03 15:00:00,atr_breakdown,0,-0.4816524319053883,-0.9999999999999916,1,2022-06-03 16:00:00,2022-06-03 16:00:00,stop,0.6040591751931003,1,2021-11-01,2022-05-01,2022-05-01,2022-07-01,raw_oos_all
2022-06-06 15:00:00,atr_breakdown,1,0.638344706141325,1.5,1,2022-06-06 16:00:00,2022-06-06 16:00:00,target,0.49496699854382636,0,2021-11-01,2022-05-01,2022-05-01,2022-07-01,raw_oos_all
2022-06-06 15:00:00,rsi_rollover,1,0.638344706141325,1.5,1,2022-06-06 16:00:00,2022-06-06 16:00:00,target,0.49496699854382636,0,2021-11-01,2022-05-01,2022-05-01,2022-07-01,raw_oos_all
2022-06-06 16:00:00,atr_breakdown,0,-0.47686364254946323,-1.0000000000000127,1,2022-06-06 17:00:00,2022-06-06 17:00:00,stop,0.6129571667900517,1,2021-11-01,2022-05-01,2022-05-01,2022-07-01,raw_oos_all
2022-06-07 01:00:00,atr_breakdown,0,-0.6291712238566061,-0.9999999999999934,13,2022-06-07 02:00:00,2022-06-07 14:00:00,stop,0.6368341907534989,1,2021-11-01,2022-05-01,2022-05-01,2022-07-01,raw_oos_all
2022-06-09 12:00:00,atr_breakdown,0,-0.36894190141828487,-1.0000000000000109,1,2022-06-09 13:00:00,2022-06-09 13:00:00,stop,0.5911084712490825,1,2021-11-01,2022-05-01,2022-05-01,2022-07-01,raw_oos_all
2022-06-09 18:00:00,atr_breakdown,1,0.9678641693301904,1.4999999999999936,1,2022-06-09 19:00:00,2022-06-09 19:00:00,target,0.5781647061460391,1,2021-11-01,2022-05-01,2022-05-01,2022-07-01,raw_oos_all
2022-06-09 19:00:00,atr_breakdown,1,1.0970422582126105,1.4999999999999971,16,2022-06-09 20:00:00,2022-06-10 12:00:00,target,0.4785893158923429,0,2021-11-01,2022-05-01,2022-05-01,2022-07-01,raw_oos_all
2022-06-10 12:00:00,atr_breakdown,1,0.7216762480777739,1.4999999999999867,1,2022-06-10 13:00:00,2022-06-10 13:00:00,target,0.35870287667424344,0,2021-11-01,2022-05-01,2022-05-01,2022-07-01,raw_oos_all
2022-06-10 13:00:00,atr_breakdown,1,0.8398552878418508,1.500000000000004,1,2022-06-10 14:00:00,2022-06-10 14:00:00,target,0.542330675992802,1,2021-11-01,2022-05-01,2022-05-01,2022-07-01,raw_oos_all
2022-06-10 14:00:00,atr_breakdown,0,-0.5948768112952973,-1.0000000000000036,3,2022-06-10 15:00:00,2022-06-10 17:00:00,stop,0.5278845274274307,1,2021-11-01,2022-05-01,2022-05-01,2022-07-01,raw_oos_all
2022-06-12 22:00:00,atr_breakdown,1,1.317666345359103,1.500000000000005,10,2022-06-12 23:00:00,2022-06-13 08:00:00,target,0.45677967665411123,0,2021-11-01,2022-05-01,2022-05-01,2022-07-01,raw_oos_all
2022-06-13 08:00:00,atr_breakdown,0,-0.612177542133785,-1.0,5,2022-06-13 09:00:00,2022-06-13 13:00:00,stop,0.42379952440160773,0,2021-11-01,2022-05-01,2022-05-01,2022-07-01,raw_oos_all
2022-06-13 14:00:00,atr_breakdown,0,-0.6174100730476417,-0.9999999999999964,1,2022-06-13 15:00:00,2022-06-13 15:00:00,stop,0.38785125733740894,0,2021-11-01,2022-05-01,2022-05-01,2022-07-01,raw_oos_all
2022-06-13 19:00:00,atr_breakdown,0,-0.8584987057808413,-1.0,7,2022-06-13 20:00:00,2022-06-14 03:00:00,stop,0.5844542679832213,1,2021-11-01,2022-05-01,2022-05-01,2022-07-01,raw_oos_all
2022-06-16 06:00:00,atr_breakdown,1,1.321602337908634,1.5000000000000078,1,2022-06-16 07:00:00,2022-06-16 07:00:00,target,0.5410569870733107,1,2021-11-01,2022-05-01,2022-05-01,2022-07-01,raw_oos_all
2022-06-16 07:00:00,atr_breakdown,1,1.4227455525949395,1.5000000000000073,7,2022-06-16 08:00:00,2022-06-16 14:00:00,target,0.5280748153878364,1,2021-11-01,2022-05-01,2022-05-01,2022-07-01,raw_oos_all
2022-06-16 14:00:00,atr_breakdown,0,-0.7872460806178871,-1.0000000000000087,1,2022-06-16 15:00:00,2022-06-16 15:00:00,stop,0.4636498677413521,0,2021-11-01,2022-05-01,2022-05-01,2022-07-01,raw_oos_all
2022-06-16 17:00:00,atr_breakdown,0,-0.8669821422403357,-1.0000000000000027,4,2022-06-16 18:00:00,2022-06-16 22:00:00,stop,0.6113647030507557,1,2021-11-01,2022-05-01,2022-05-01,2022-07-01,raw_oos_all
2022-06-17 13:00:00,atr_breakdown,0,-0.49782163797756906,-0.9999999999999953,4,2022-06-18 12:00:00,2022-06-19 22:00:00,stop,0.4975369232031477,0,2021-11-01,2022-05-01,2022-05-01,2022-07-01,raw_oos_all
2022-06-22 05:00:00,atr_breakdown,1,0.5886772769329252,1.5000000000000113,2,2022-06-22 06:00:00,2022-06-22 07:00:00,target,0.5177401220758596,1,2021-11-01,2022-05-01,2022-05-01,2022-07-01,raw_oos_all
2022-06-22 07:00:00,atr_breakdown,0,-0.40127304687197496,-0.9999999999999943,3,2022-06-22 08:00:00,2022-06-22 10:00:00,stop,0.43794358086844104,0,2021-11-01,2022-05-01,2022-05-01,2022-07-01,raw_oos_all
2022-06-27 13:00:00,atr_breakdown,0,-0.5123308725926257,-1.0000000000000042,1,2022-06-27 14:00:00,2022-06-27 14:00:00,stop,0.4617705578548567,0,2021-11-01,2022-05-01,2022-05-01,2022-07-01,raw_oos_all
2022-06-28 14:00:00,atr_breakdown,1,0.8628433081311337,1.5000000000000038,1,2022-06-28 15:00:00,2022-06-28 15:00:00,target,0.4192617175898533,0,2021-11-01,2022-05-01,2022-05-01,2022-07-01,raw_oos_all
2022-06-28 15:00:00,atr_breakdown,1,0.9845636853747841,1.5000000000000033,4,2022-06-28 16:00:00,2022-06-28 19:00:00,target,0.48680784653242304,0,2021-11-01,2022-05-01,2022-05-01,2022-07-01,raw_oos_all
2022-06-28 18:00:00,atr_breakdown,1,1.1078959568991742,1.5,18,2022-06-28 19:00:00,2022-06-29 13:00:00,target,0.5803204330756238,1,2021-11-01,2022-05-01,2022-05-01,2022-07-01,raw_oos_all
2022-06-29 06:00:00,atr_breakdown,0,-0.4162704701531905,-1.0,1,2022-06-29 07:00:00,2022-06-29 07:00:00,stop,0.4670788029255083,0,2021-11-01,2022-05-01,2022-05-01,2022-07-01,raw_oos_all
2022-06-30 05:00:00,atr_breakdown,1,0.6511576646492045,1.5000000000000102,1,2022-06-30 06:00:00,2022-06-30 06:00:00,target,0.519954127795971,1,2021-11-01,2022-05-01,2022-05-01,2022-07-01,raw_oos_all
2022-06-30 06:00:00,atr_breakdown,0,-0.45242801000248134,-0.999999999999995,6,2022-06-30 07:00:00,2022-06-30 12:00:00,stop,0.500541184821957,1,2021-11-01,2022-05-01,2022-05-01,2022-07-01,raw_oos_all
2022-06-30 13:00:00,atr_breakdown,0,-0.5535234220273688,-1.000000000000004,1,2022-06-30 14:00:00,2022-06-30 14:00:00,stop,0.36772637821408405,0,2021-11-01,2022-05-01,2022-05-01,2022-07-01,raw_oos_all
2022-07-05 07:00:00,atr_breakdown,1,0.5417841599601125,1.4999999999999938,1,2022-07-05 08:00:00,2022-07-05 08:00:00,target,0.3041623227172546,0,2022-01-01,2022-07-01,2022-07-01,2022-09-01,raw_oos_all
2022-07-05 08:00:00,atr_breakdown,1,0.6340170349252272,1.5000000000000104,4,2022-07-05 09:00:00,2022-07-05 12:00:00,target,0.4545581904728956,0,2022-01-01,2022-07-01,2022-07-01,2022-09-01,raw_oos_all
2022-07-05 11:00:00,atr_breakdown,1,0.6925299841208155,1.5000000000000049,2,2022-07-05 12:00:00,2022-07-05 13:00:00,target,0.4351555063009214,0,2022-01-01,2022-07-01,2022-07-01,2022-09-01,raw_oos_all
2022-07-05 12:00:00,atr_breakdown,0,-0.42862581825774404,-1.0000000000000053,2,2022-07-05 13:00:00,2022-07-05 14:00:00,stop,0.45186415661272394,0,2022-01-01,2022-07-01,2022-07-01,2022-09-01,raw_oos_all
2022-07-08 02:00:00,atr_breakdown,0,-0.38394506833698827,-1.000000000000011,8,2022-07-08 03:00:00,2022-07-08 10:00:00,stop,0.26420893398800027,0,2022-01-01,2022-07-01,2022-07-01,2022-09-01,raw_oos_all
2022-07-08 12:00:00,atr_breakdown,0,-0.3646605699596406,-1.000000000000006,1,2022-07-08 13:00:00,2022-07-08 13:00:00,stop,0.37566306755920853,0,2022-01-01,2022-07-01,2022-07-01,2022-09-01,raw_oos_all
2022-07-08 16:00:00,rsi_rollover,0,-0.5767344955319054,-0.9999999999999926,1,2022-07-08 17:00:00,2022-07-08 17:00:00,stop,0.34717351123977364,0,2022-01-01,2022-07-01,2022-07-01,2022-09-01,raw_oos_all
2022-07-11 13:00:00,atr_breakdown,0,-0.41871316669575,-1.0000000000000155,1,2022-07-11 14:00:00,2022-07-11 14:00:00,stop,0.36779461773357336,0,2022-01-01,2022-07-01,2022-07-01,2022-09-01,raw_oos_all
2022-07-12 00:00:00,atr_breakdown,0,-0.5690559492482761,-0.9999999999999886,11,2022-07-12 01:00:00,2022-07-12 11:00:00,stop,0.30501559820094765,0,2022-01-01,2022-07-01,2022-07-01,2022-09-01,raw_oos_all
2022-07-12 19:00:00,atr_breakdown,0,-0.6325120102868786,-0.9999999999999967,16,2022-07-12 20:00:00,2022-07-13 12:00:00,stop,0.46606791552847215,0,2022-01-01,2022-07-01,2022-07-01,2022-09-01,raw_oos_all
2022-07-13 12:00:00,atr_breakdown,0,-0.5906604657935688,-0.9999999999999925,1,2022-07-13 13:00:00,2022-07-13 13:00:00,stop,0.3508729636796905,0,2022-01-01,2022-07-01,2022-07-01,2022-09-01,raw_oos_all
2022-07-14 13:00:00,atr_breakdown,0,-0.4608504786105305,-1.0000000000000095,2,2022-07-14 14:00:00,2022-07-14 15:00:00,stop,0.46252407682547936,0,2022-01-01,2022-07-01,2022-07-01,2022-09-01,raw_oos_all
2022-07-18 17:00:00,rsi_rollover,1,0.7105837313763574,1.4999999999999953,2,2022-07-18 18:00:00,2022-07-18 19:00:00,target,0.3587962396886576,0,2022-01-01,2022-07-01,2022-07-01,2022-09-01,raw_oos_all
2022-07-18 17:00:00,atr_breakdown,1,0.7105837313763574,1.4999999999999953,2,2022-07-18 18:00:00,2022-07-18 19:00:00,target,0.3587962396886576,0,2022-01-01,2022-07-01,2022-07-01,2022-09-01,raw_oos_all
2022-07-18 18:00:00,atr_breakdown,0,-0.5164337218854231,-0.9999999999999958,14,2022-07-18 19:00:00,2022-07-19 09:00:00,stop,0.5314682813767168,1,2022-01-01,2022-07-01,2022-07-01,2022-09-01,raw_oos_all
2022-07-18 19:00:00,atr_breakdown,0,-0.5609134961151674,-1.0000000000000078,13,2022-07-18 20:00:00,2022-07-19 09:00:00,stop,0.5129874272983037,1,2022-01-01,2022-07-01,2022-07-01,2022-09-01,raw_oos_all
2022-07-22 15:00:00,atr_breakdown,1,0.6142892269534572,1.499999999999995,2,2022-07-22 16:00:00,2022-07-22 17:00:00,target,0.42926754497159275,0,2022-01-01,2022-07-01,2022-07-01,2022-09-01,raw_oos_all
2022-07-22 17:00:00,atr_breakdown,0,-0.45935293617263007,-1.0000000000000044,4,2022-07-22 18:00:00,2022-07-24 22:00:00,stop,0.572677776217051,1,2022-01-01,2022-07-01,2022-07-01,2022-09-01,raw_oos_all
2022-07-25 13:00:00,atr_breakdown,1,0.4561333180620686,1.4999999999999931,1,2022-07-25 14:00:00,2022-07-25 14:00:00,target,0.41347579560636194,0,2022-01-01,2022-07-01,2022-07-01,2022-09-01,raw_oos_all
2022-07-25 14:00:00,atr_breakdown,0,-0.34192294273039936,-1.0,2,2022-07-25 15:00:00,2022-07-25 16:00:00,stop,0.5163455577614697,1,2022-01-01,2022-07-01,2022-07-01,2022-09-01,raw_oos_all
2022-07-26 13:00:00,atr_breakdown,1,0.4216670192633831,1.5000000000000149,1,2022-07-26 14:00:00,2022-07-26 14:00:00,target,0.4019634997360844,0,2022-01-01,2022-07-01,2022-07-01,2022-09-01,raw_oos_all
2022-07-26 14:00:00,atr_breakdown,1,0.4875828181777786,1.4999999999999805,1,2022-07-26 15:00:00,2022-07-26 15:00:00,target,0.501319764572438,1,2022-01-01,2022-07-01,2022-07-01,2022-09-01,raw_oos_all
2022-07-26 15:00:00,atr_breakdown,0,-0.36437011874692615,-1.0000000000000175,2,2022-07-26 16:00:00,2022-07-26 17:00:00,stop,0.41501930130803544,0,2022-01-01,2022-07-01,2022-07-01,2022-09-01,raw_oos_all
2022-07-26 18:00:00,atr_breakdown,0,-0.4322040665219684,-0.9999999999999902,2,2022-07-26 19:00:00,2022-07-26 20:00:00,stop,0.46166116394033563,0,2022-01-01,2022-07-01,2022-07-01,2022-09-01,raw_oos_all
2022-08-30 13:00:00,atr_breakdown,1,0.5862035103898489,1.4999999999999842,1,2022-08-30 14:00:00,2022-08-30 14:00:00,target,0.5227113787491455,1,2022-01-01,2022-07-01,2022-07-01,2022-09-01,raw_oos_all
2022-08-30 14:00:00,atr_breakdown,0,-0.4900592854986896,-1.0000000000000084,9,2022-08-30 15:00:00,2022-08-31 00:00:00,stop,0.477142457771423,0,2022-01-01,2022-07-01,2022-07-01,2022-09-01,raw_oos_all
2022-08-31 22:00:00,atr_breakdown,1,0.9464825676709587,1.5000000000000033,16,2022-08-31 23:00:00,2022-09-01 14:00:00,target,0.3845323336250723,0,2022-01-01,2022-07-01,2022-07-01,2022-09-01,raw_oos_all
2022-09-01 14:00:00,atr_breakdown,0,-0.4419953934516996,-0.9999999999999951,3,2022-09-01 15:00:00,2022-09-01 17:00:00,stop,0.4633013654232898,0,2022-03-01,2022-09-01,2022-09-01,2022-11-01,raw_oos_all
2022-09-01 15:00:00,atr_breakdown,0,-0.467623695656616,-1.0,2,2022-09-01 16:00:00,2022-09-01 17:00:00,stop,0.5294905701833016,1,2022-03-01,2022-09-01,2022-09-01,2022-11-01,raw_oos_all
2022-09-02 16:00:00,rsi_rollover,1,1.0054381087271969,1.5000000000000064,1,2022-09-02 17:00:00,2022-09-02 17:00:00,target,0.45862407003786443,0,2022-03-01,2022-09-01,2022-09-01,2022-11-01,raw_oos_all
2022-09-02 16:00:00,atr_breakdown,1,1.0054381087271969,1.5000000000000064,1,2022-09-02 17:00:00,2022-09-02 17:00:00,target,0.45862407003786443,0,2022-03-01,2022-09-01,2022-09-01,2022-11-01,raw_oos_all
2022-09-02 17:00:00,atr_breakdown,0,-0.4254279723980736,-0.5705928237129485,25,2022-09-02 18:00:00,2022-09-05 15:00:00,time,0.6437259409826043,1,2022-03-01,2022-09-01,2022-09-01,2022-11-01,raw_oos_all
2022-09-06 13:00:00,atr_breakdown,0,-0.4649155043778941,-0.9999999999999862,1,2022-09-06 14:00:00,2022-09-06 14:00:00,stop,0.6543144938937951,1,2022-03-01,2022-09-01,2022-09-01,2022-11-01,raw_oos_all
2022-09-07 00:00:00,atr_breakdown,0,-0.6648197008384704,-1.0000000000000095,7,2022-09-07 01:00:00,2022-09-07 07:00:00,stop,0.23663485159516814,0,2022-03-01,2022-09-01,2022-09-01,2022-11-01,raw_oos_all
2022-09-08 07:00:00,atr_breakdown,0,-0.30790362602137744,-0.9999999999999931,4,2022-09-08 08:00:00,2022-09-08 11:00:00,stop,0.25082483392735144,0,2022-03-01,2022-09-01,2022-09-01,2022-11-01,raw_oos_all
2022-09-08 12:00:00,atr_breakdown,0,-0.32537162118251306,-1.0000000000000064,1,2022-09-08 13:00:00,2022-09-08 13:00:00,stop,0.3710622603861522,0,2022-03-01,2022-09-01,2022-09-01,2022-11-01,raw_oos_all
2022-09-08 16:00:00,rsi_rollover,0,-0.5945924229641242,-1.0,3,2022-09-08 17:00:00,2022-09-08 19:00:00,stop,0.32857649883700263,0,2022-03-01,2022-09-01,2022-09-01,2022-11-01,raw_oos_all
2022-09-13 12:00:00,atr_breakdown,1,0.7319869983934746,1.5000000000000084,2,2022-09-13 13:00:00,2022-09-13 14:00:00,target,0.42100240593218186,0,2022-03-01,2022-09-01,2022-09-01,2022-11-01,raw_oos_all
2022-09-13 12:00:00,rsi_rollover,1,0.7319869983934746,1.5000000000000084,2,2022-09-13 13:00:00,2022-09-13 14:00:00,target,0.42100240593218186,0,2022-03-01,2022-09-01,2022-09-01,2022-11-01,raw_oos_all
2022-09-13 13:00:00,atr_breakdown,1,0.830991273506787,1.5000000000000078,2,2022-09-13 14:00:00,2022-09-13 15:00:00,target,0.5115588492744175,1,2022-03-01,2022-09-01,2022-09-01,2022-11-01,raw_oos_all
2022-09-13 14:00:00,atr_breakdown,1,0.921976878099029,1.5000000000000104,5,2022-09-13 15:00:00,2022-09-13 19:00:00,target,0.4946659710360273,0,2022-03-01,2022-09-01,2022-09-01,2022-11-01,raw_oos_all
2022-09-13 18:00:00,atr_breakdown,1,1.09335539012958,1.500000000000006,16,2022-09-13 19:00:00,2022-09-14 11:00:00,target,0.44466367100084775,0,2022-03-01,2022-09-01,2022-09-01,2022-11-01,raw_oos_all
2022-09-13 19:00:00,atr_breakdown,0,-0.7825909871119863,-1.0000000000000082,12,2022-09-13 20:00:00,2022-09-14 08:00:00,stop,0.31043725408913536,0,2022-03-01,2022-09-01,2022-09-01,2022-11-01,raw_oos_all
2022-09-14 11:00:00,atr_breakdown,0,-0.37279667792182725,-1.0000000000000113,1,2022-09-14 12:00:00,2022-09-14 12:00:00,stop,0.17730478831126906,0,2022-03-01,2022-09-01,2022-09-01,2022-11-01,raw_oos_all
2022-09-15 10:00:00,atr_breakdown,0,-0.2764548052382465,-1.000000000000023,1,2022-09-15 11:00:00,2022-09-15 11:00:00,stop,0.32327723739558467,0,2022-03-01,2022-09-01,2022-09-01,2022-11-01,raw_oos_all
2022-09-15 14:00:00,atr_breakdown,0,-0.4711123666260475,-0.9999999999999863,1,2022-09-15 15:00:00,2022-09-15 15:00:00,stop,0.563583170439697,1,2022-03-01,2022-09-01,2022-09-01,2022-11-01,raw_oos_all
2022-09-16 12:00:00,atr_breakdown,0,-0.2521672021106647,-1.0000000000000087,1,2022-09-16 13:00:00,2022-09-16 13:00:00,stop,0.2415017427082712,0,2022-03-01,2022-09-01,2022-09-01,2022-11-01,raw_oos_all
2022-09-19 08:00:00,atr_breakdown,0,-0.34744829531304644,-1.0000000000000064,4,2022-09-19 09:00:00,2022-09-19 12:00:00,stop,0.22461410015612165,0,2022-03-01,2022-09-01,2022-09-01,2022-11-01,raw_oos_all
2022-09-20 07:00:00,atr_breakdown,1,0.4662054949313932,1.499999999999993,2,2022-09-20 08:00:00,2022-09-20 09:00:00,target,0.30667094788404103,0,2022-03-01,2022-09-01,2022-09-01,2022-11-01,raw_oos_all
2022-09-20 17:00:00,atr_breakdown,0,-0.45942173598884084,-1.0000000000000095,1,2022-09-20 18:00:00,2022-09-20 18:00:00,stop,0.6524123056090511,1,2022-03-01,2022-09-01,2022-09-01,2022-11-01,raw_oos_all
2022-09-21 19:00:00,rsi_rollover,1,1.3117133702713835,1.5000000000000027,5,2022-09-21 20:00:00,2022-09-22 01:00:00,target,0.6561931681642116,1,2022-03-01,2022-09-01,2022-09-01,2022-11-01,raw_oos_all
2022-09-21 19:00:00,atr_breakdown,1,1.3117133702713835,1.5000000000000027,5,2022-09-21 20:00:00,2022-09-22 01:00:00,target,0.6561931681642116,1,2022-03-01,2022-09-01,2022-09-01,2022-11-01,raw_oos_all
2022-09-22 13:00:00,atr_breakdown,0,-0.5813288344288181,-0.9999999999999886,6,2022-09-22 14:00:00,2022-09-22 19:00:00,stop,0.5130030058037246,1,2022-03-01,2022-09-01,2022-09-01,2022-11-01,raw_oos_all
2022-09-23 10:00:00,atr_breakdown,0,-0.3572595577823745,-1.0,3,2022-09-23 11:00:00,2022-09-23 13:00:00,stop,0.3862983059713043,0,2022-03-01,2022-09-01,2022-09-01,2022-11-01,raw_oos_all
2022-09-23 13:00:00,atr_breakdown,0,-0.4336418742064141,-0.9999999999999947,1,2022-09-23 14:00:00,2022-09-23 14:00:00,stop,0.5000681075828974,1,2022-03-01,2022-09-01,2022-09-01,2022-11-01,raw_oos_all
2022-09-23 18:00:00,atr_breakdown,0,-0.5985197492636485,-0.9999999999999885,1,2022-09-23 19:00:00,2022-09-23 19:00:00,stop,0.49596743636661805,0,2022-03-01,2022-09-01,2022-09-01,2022-11-01,raw_oos_all
2022-09-27 15:00:00,atr_breakdown,1,0.8429797139480888,1.4999999999999918,1,2022-09-27 16:00:00,2022-09-27 16:00:00,target,0.6458190534945282,1,2022-03-01,2022-09-01,2022-09-01,2022-11-01,raw_oos_all
2022-09-27 16:00:00,atr_breakdown,0,-0.6089634793980059,-0.9999999999999963,5,2022-09-27 17:00:00,2022-09-27 22:00:00,stop,0.7120348851975714,1,2022-03-01,2022-09-01,2022-09-01,2022-11-01,raw_oos_all
2022-09-28 01:00:00,atr_breakdown,1,1.060405316854074,1.4999999999999967,8,2022-09-28 02:00:00,2022-09-28 09:00:00,target,0.31373294226027215,0,2022-03-01,2022-09-01,2022-09-01,2022-11-01,raw_oos_all
2022-09-28 02:00:00,atr_breakdown,0,-0.7190032172560867,-1.0000000000000095,8,2022-09-28 03:00:00,2022-09-28 10:00:00,stop,0.39429440874473637,0,2022-03-01,2022-09-01,2022-09-01,2022-11-01,raw_oos_all
2022-09-29 07:00:00,atr_breakdown,0,-0.45464790045931514,-1.000000000000005,2,2022-09-29 08:00:00,2022-09-29 09:00:00,stop,0.5012324838369246,1,2022-03-01,2022-09-01,2022-09-01,2022-11-01,raw_oos_all
2022-09-29 13:00:00,atr_breakdown,1,0.8951912164143927,1.4999999999999922,1,2022-09-29 14:00:00,2022-09-29 14:00:00,target,0.6624461796061193,1,2022-03-01,2022-09-01,2022-09-01,2022-11-01,raw_oos_all
2022-09-29 14:00:00,atr_breakdown,1,0.9690333602042189,1.4999999999999964,4,2022-09-29 15:00:00,2022-09-29 18:00:00,target,0.7138265381759701,1,2022-03-01,2022-09-01,2022-09-01,2022-11-01,raw_oos_all
2022-09-30 19:00:00,atr_breakdown,1,1.2177732774708128,1.4999999999999911,4,2022-09-30 20:00:00,2022-10-03 00:00:00,target,0.694195231881055,1,2022-03-01,2022-09-01,2022-09-01,2022-11-01,raw_oos_all
2022-10-02 23:00:00,atr_breakdown,0,-0.8449959965394549,-0.9999999999999943,7,2022-10-03 00:00:00,2022-10-03 06:00:00,stop,0.43930889519309413,0,2022-03-01,2022-09-01,2022-09-01,2022-11-01,raw_oos_all
2022-10-05 08:00:00,atr_breakdown,1,0.495810985215428,1.5000000000000135,5,2022-10-05 09:00:00,2022-10-05 13:00:00,target,0.24573111515162524,0,2022-03-01,2022-09-01,2022-09-01,2022-11-01,raw_oos_all
2022-10-05 13:00:00,atr_breakdown,1,0.5220312099088131,1.5000000000000195,1,2022-10-05 14:00:00,2022-10-05 14:00:00,target,0.31717501856004576,0,2022-03-01,2022-09-01,2022-09-01,2022-11-01,raw_oos_all
2022-10-05 14:00:00,atr_breakdown,0,-0.4009151323673632,-1.0,1,2022-10-05 15:00:00,2022-10-05 15:00:00,stop,0.4663125551819353,0,2022-03-01,2022-09-01,2022-09-01,2022-11-01,raw_oos_all
2022-10-06 06:00:00,atr_breakdown,1,0.7553741555283544,1.5,3,2022-10-06 07:00:00,2022-10-06 09:00:00,target,0.2681446000967396,0,2022-03-01,2022-09-01,2022-09-01,2022-11-01,raw_oos_all
2022-10-06 08:00:00,atr_breakdown,0,-0.4455476567861494,-0.999999999999985,4,2022-10-06 09:00:00,2022-10-06 12:00:00,stop,0.2984701399033227,0,2022-03-01,2022-09-01,2022-09-01,2022-11-01,raw_oos_all
2022-10-07 12:00:00,atr_breakdown,1,0.72422378672794,1.5000000000000093,1,2022-10-07 13:00:00,2022-10-07 13:00:00,target,0.46242045921408004,0,2022-03-01,2022-09-01,2022-09-01,2022-11-01,raw_oos_all
2022-10-07 13:00:00,atr_breakdown,1,0.8560445564960606,1.4999999999999878,3,2022-10-07 14:00:00,2022-10-07 16:00:00,target,0.623715981200651,1,2022-03-01,2022-09-01,2022-09-01,2022-11-01,raw_oos_all
2022-10-07 15:00:00,atr_breakdown,1,0.9512988888674911,1.5000000000000038,4,2022-10-07 16:00:00,2022-10-07 19:00:00,target,0.6579455775036548,1,2022-03-01,2022-09-01,2022-09-01,2022-11-01,raw_oos_all
2022-10-07 16:00:00,atr_breakdown,1,1.0003524014505771,1.5000000000000107,5,2022-10-07 17:00:00,2022-10-09 22:00:00,target,0.6207050884705836,1,2022-03-01,2022-09-01,2022-09-01,2022-11-01,raw_oos_all
2022-10-09 22:00:00,atr_breakdown,0,-0.7227662542153346,-0.9999999999999934,3,2022-10-09 23:00:00,2022-10-10 01:00:00,stop,0.33322378746484166,0,2022-03-01,2022-09-01,2022-09-01,2022-11-01,raw_oos_all
2022-10-10 14:00:00,atr_breakdown,0,-0.5355383646376777,-1.0000000000000087,1,2022-10-10 15:00:00,2022-10-10 15:00:00,stop,0.3818452146970802,0,2022-03-01,2022-09-01,2022-09-01,2022-11-01,raw_oos_all
2022-10-10 16:00:00,atr_breakdown,0,-0.6094211552265749,-0.9999999999999921,1,2022-10-10 17:00:00,2022-10-10 17:00:00,stop,0.5280376448992765,1,2022-03-01,2022-09-01,2022-09-01,2022-11-01,raw_oos_all
2022-10-11 13:00:00,atr_breakdown,0,-0.5486354368170687,-1.0000000000000087,1,2022-10-11 14:00:00,2022-10-11 14:00:00,stop,0.3666992985918018,0,2022-03-01,2022-09-01,2022-09-01,2022-11-01,raw_oos_all
2022-10-13 12:00:00,atr_breakdown,0,-0.628949789595934,-0.9999999999999962,1,2022-10-13 13:00:00,2022-10-13 13:00:00,stop,0.4458110379503957,0,2022-03-01,2022-09-01,2022-09-01,2022-11-01,raw_oos_all
2022-10-14 14:00:00,atr_breakdown,1,1.3610114144019025,1.5000000000000053,4,2022-10-14 15:00:00,2022-10-14 18:00:00,target,0.6704848243174834,1,2022-03-01,2022-09-01,2022-09-01,2022-11-01,raw_oos_all
2022-10-14 15:00:00,atr_breakdown,0,-0.9232170299960152,-1.0,20,2022-10-14 16:00:00,2022-10-17 12:00:00,stop,0.7187543373539836,1,2022-03-01,2022-09-01,2022-09-01,2022-11-01,raw_oos_all
2022-10-18 15:00:00,atr_breakdown,0,-0.7306962025316555,-1.0000000000000064,1,2022-10-18 16:00:00,2022-10-18 16:00:00,stop,0.4066362794068875,0,2022-03-01,2022-09-01,2022-09-01,2022-11-01,raw_oos_all
2022-10-19 11:00:00,atr_breakdown,0,-0.5015461435125323,-0.9999999999999908,3,2022-10-19 12:00:00,2022-10-19 14:00:00,stop,0.33708055505941437,0,2022-03-01,2022-09-01,2022-09-01,2022-11-01,raw_oos_all
2022-10-24 07:00:00,atr_breakdown,0,-0.5811286129377535,-1.0,4,2022-10-24 08:00:00,2022-10-24 11:00:00,stop,0.22110248146749825,0,2022-03-01,2022-09-01,2022-09-01,2022-11-01,raw_oos_all
2022-10-25 20:00:00,atr_breakdown,0,-0.5999483915362092,-1.0,17,2022-10-25 22:00:00,2022-10-26 14:00:00,stop,0.23233005396100187,0,2022-03-01,2022-09-01,2022-09-01,2022-11-01,raw_oos_all
2022-10-27 13:00:00,atr_breakdown,0,-0.5031708696817239,-1.000000000000009,1,2022-10-27 14:00:00,2022-10-27 14:00:00,stop,0.4481822621767915,0,2022-03-01,2022-09-01,2022-09-01,2022-11-01,raw_oos_all
2022-10-27 20:00:00,atr_breakdown,0,-0.8851321528407285,-0.9999999999999948,16,2022-10-27 22:00:00,2022-10-28 13:00:00,stop,0.3413588132920177,0,2022-03-01,2022-09-01,2022-09-01,2022-11-01,raw_oos_all
2022-10-31 13:00:00,atr_breakdown,0,-0.3467885210672095,-0.999999999999987,2,2022-10-31 14:00:00,2022-10-31 15:00:00,stop,0.44281392211116544,0,2022-03-01,2022-09-01,2022-09-01,2022-11-01,raw_oos_all
2022-10-31 14:00:00,atr_breakdown,0,-0.37373397035281863,-1.0000000000000062,1,2022-10-31 15:00:00,2022-10-31 15:00:00,stop,0.3115035599661046,0,2022-03-01,2022-09-01,2022-09-01,2022-11-01,raw_oos_all
2022-11-01 13:00:00,atr_breakdown,1,0.4843676414794995,1.4999999999999791,1,2022-11-01 14:00:00,2022-11-01 14:00:00,target,0.5710335103680247,1,2022-05-01,2022-11-01,2022-11-01,2023-01-01,raw_oos_all
2022-11-01 14:00:00,atr_breakdown,0,-0.41883020692021766,-1.0000000000000109,2,2022-11-01 15:00:00,2022-11-01 16:00:00,stop,0.6239465362904448,1,2022-05-01,2022-11-01,2022-11-01,2023-01-01,raw_oos_all
2022-11-02 13:00:00,atr_breakdown,1,0.4599754806458689,1.5000000000000075,2,2022-11-02 14:00:00,2022-11-02 15:00:00,target,0.3349457570699393,0,2022-05-01,2022-11-01,2022-11-01,2023-01-01,raw_oos_all
2022-11-02 14:00:00,atr_breakdown,1,0.46493339918236565,1.4999999999999778,2,2022-11-02 15:00:00,2022-11-02 16:00:00,target,0.33315151170428114,0,2022-05-01,2022-11-01,2022-11-01,2023-01-01,raw_oos_all
2022-11-02 15:00:00,atr_breakdown,0,-0.33052244633939853,-0.9999999999999861,2,2022-11-02 16:00:00,2022-11-02 17:00:00,stop,0.3754733391626116,0,2022-05-01,2022-11-01,2022-11-01,2023-01-01,raw_oos_all
2022-11-02 18:00:00,atr_breakdown,0,-0.5812949457917438,-0.9999999999999961,1,2022-11-02 19:00:00,2022-11-02 19:00:00,stop,0.3906651016891785,0,2022-05-01,2022-11-01,2022-11-01,2023-01-01,raw_oos_all
2022-11-02 19:00:00,atr_breakdown,1,1.1929994250902576,1.500000000000009,16,2022-11-02 20:00:00,2022-11-03 12:00:00,target,0.5931853983583931,1,2022-05-01,2022-11-01,2022-11-01,2023-01-01,raw_oos_all
2022-11-03 13:00:00,atr_breakdown,0,-0.44634315310263517,-1.0000000000000162,1,2022-11-03 14:00:00,2022-11-03 14:00:00,stop,0.43482653165928004,0,2022-05-01,2022-11-01,2022-11-01,2023-01-01,raw_oos_all
2022-11-07 14:00:00,atr_breakdown,0,-0.4782059391193916,-0.999999999999995,1,2022-11-07 15:00:00,2022-11-07 15:00:00,stop,0.46081871692539644,0,2022-05-01,2022-11-01,2022-11-01,2023-01-01,raw_oos_all
2022-11-09 14:00:00,atr_breakdown,0,-0.5314331937878003,-0.9999999999999956,1,2022-11-09 15:00:00,2022-11-09 15:00:00,stop,0.3419541008171844,0,2022-05-01,2022-11-01,2022-11-01,2023-01-01,raw_oos_all
2022-11-09 15:00:00,atr_breakdown,0,-0.5647145430946021,-1.0000000000000082,1,2022-11-09 16:00:00,2022-11-09 16:00:00,stop,0.2617363004285494,0,2022-05-01,2022-11-01,2022-11-01,2023-01-01,raw_oos_all
2022-11-09 18:00:00,atr_breakdown,0,-0.624576644244712,-0.9999999999999923,18,2022-11-09 19:00:00,2022-11-10 13:00:00,stop,0.37835770947464076,0,2022-05-01,2022-11-01,2022-11-01,2023-01-01,raw_oos_all
2022-11-14 20:00:00,rsi_rollover,0,-0.523484471768898,-0.9999999999999917,5,2022-11-14 21:00:00,2022-11-15 02:00:00,stop,0.35172070836044306,0,2022-05-01,2022-11-01,2022-11-01,2023-01-01,raw_oos_all
2022-11-16 13:00:00,atr_breakdown,1,0.5758592716971656,1.500000000000017,1,2022-11-16 14:00:00,2022-11-16 14:00:00,target,0.5043989117540219,1,2022-05-01,2022-11-01,2022-11-01,2023-01-01,raw_oos_all
2022-11-16 14:00:00,atr_breakdown,1,0.6216501987093004,1.500000000000016,1,2022-11-16 15:00:00,2022-11-16 15:00:00,target,0.3315046446185006,0,2022-05-01,2022-11-01,2022-11-01,2023-01-01,raw_oos_all
2022-11-16 15:00:00,atr_breakdown,0,-0.4433440201462302,-1.0,1,2022-11-16 16:00:00,2022-11-16 16:00:00,stop,0.3346746589095729,0,2022-05-01,2022-11-01,2022-11-01,2023-01-01,raw_oos_all
2022-11-17 09:00:00,atr_breakdown,1,0.4723127780495773,1.500000000000014,1,2022-11-17 10:00:00,2022-11-17 10:00:00,target,0.3757285139626267,0,2022-05-01,2022-11-01,2022-11-01,2023-01-01,raw_oos_all
2022-11-17 10:00:00,atr_breakdown,1,0.512523500236739,1.5000000000000067,3,2022-11-17 11:00:00,2022-11-17 13:00:00,target,0.34440002166192557,0,2022-05-01,2022-11-01,2022-11-01,2023-01-01,raw_oos_all
2022-11-17 12:00:00,atr_breakdown,1,0.5021603500827698,1.5000000000000133,1,2022-11-17 13:00:00,2022-11-17 13:00:00,target,0.33268794353324077,0,2022-05-01,2022-11-01,2022-11-01,2023-01-01,raw_oos_all
2022-11-17 13:00:00,atr_breakdown,0,-0.37259503012486705,-0.999999999999988,1,2022-11-17 14:00:00,2022-11-17 14:00:00,stop,0.4052149648085191,0,2022-05-01,2022-11-01,2022-11-01,2023-01-01,raw_oos_all
2022-11-18 15:00:00,atr_breakdown,0,-0.40324355333909434,-1.0000000000000164,5,2022-11-18 16:00:00,2022-11-18 20:00:00,stop,0.49860340474591597,0,2022-05-01,2022-11-01,2022-11-01,2023-01-01,raw_oos_all
2022-11-18 17:00:00,atr_breakdown,0,-0.470682405791234,-1.0000000000000047,3,2022-11-18 18:00:00,2022-11-18 20:00:00,stop,0.40760465498144094,0,2022-05-01,2022-11-01,2022-11-01,2023-01-01,raw_oos_all
2022-11-21 17:00:00,atr_breakdown,0,-0.3616927650714308,-1.0,1,2022-11-21 18:00:00,2022-11-21 18:00:00,stop,0.3582269881414711,0,2022-05-01,2022-11-01,2022-11-01,2023-01-01,raw_oos_all
2022-11-22 08:00:00,atr_breakdown,0,-0.25658073540860693,-1.0000000000000173,1,2022-11-22 09:00:00,2022-11-22 09:00:00,stop,0.38406921609552735,0,2022-05-01,2022-11-01,2022-11-01,2023-01-01,raw_oos_all
2022-11-22 14:00:00,atr_breakdown,0,-0.32768760652918116,-1.0000000000000069,1,2022-11-22 15:00:00,2022-11-22 15:00:00,stop,0.3660847785369909,0,2022-05-01,2022-11-01,2022-11-01,2023-01-01,raw_oos_all
2022-11-25 08:00:00,atr_breakdown,1,0.20046452572852758,1.499999999999951,1,2022-11-25 09:00:00,2022-11-25 09:00:00,target,0.4657435250581229,0,2022-05-01,2022-11-01,2022-11-01,2023-01-01,raw_oos_all
2022-11-25 09:00:00,atr_breakdown,1,0.22259291807211756,1.5,4,2022-11-25 10:00:00,2022-11-25 13:00:00,target,0.5095919094961961,1,2022-05-01,2022-11-01,2022-11-01,2023-01-01,raw_oos_all
2022-11-25 11:00:00,atr_breakdown,1,0.2504446955331696,1.499999999999987,2,2022-11-25 12:00:00,2022-11-25 13:00:00,target,0.47207121599469637,0,2022-05-01,2022-11-01,2022-11-01,2023-01-01,raw_oos_all
2022-11-25 13:00:00,atr_breakdown,1,0.27730386693640696,1.5,1,2022-11-25 14:00:00,2022-11-25 14:00:00,target,0.4177470789293161,0,2022-05-01,2022-11-01,2022-11-01,2023-01-01,raw_oos_all
2022-11-25 14:00:00,atr_breakdown,1,0.31222861392716794,1.5000000000000318,5,2022-11-25 15:00:00,2022-11-27 23:00:00,target,0.3848041933645698,0,2022-05-01,2022-11-01,2022-11-01,2023-01-01,raw_oos_all
2022-11-27 23:00:00,atr_breakdown,1,0.44932966230948335,1.4999999999999853,2,2022-11-28 00:00:00,2022-11-28 01:00:00,target,0.41420191604962175,0,2022-05-01,2022-11-01,2022-11-01,2023-01-01,raw_oos_all
2022-11-28 00:00:00,atr_breakdown,1,0.4690190905426661,1.500000000000007,9,2022-11-28 01:00:00,2022-11-28 09:00:00,target,0.3593165473771952,0,2022-05-01,2022-11-01,2022-11-01,2023-01-01,raw_oos_all
2022-11-28 01:00:00,atr_breakdown,0,-0.3226619152701393,-1.0000000000000138,7,2022-11-28 02:00:00,2022-11-28 08:00:00,stop,0.36393611794413017,0,2022-05-01,2022-11-01,2022-11-01,2023-01-01,raw_oos_all
2022-11-28 09:00:00,atr_breakdown,0,-0.29300516754567907,-1.0,2,2022-11-28 10:00:00,2022-11-28 11:00:00,stop,0.29898507872364144,0,2022-05-01,2022-11-01,2022-11-01,2023-01-01,raw_oos_all
2022-11-28 17:00:00,atr_breakdown,1,0.5733894839494713,1.5000000000000115,2,2022-11-28 18:00:00,2022-11-28 19:00:00,target,0.3374812694118498,0,2022-05-01,2022-11-01,2022-11-01,2023-01-01,raw_oos_all
2022-11-28 18:00:00,atr_breakdown,0,-0.4112543562498572,-1.0000000000000107,10,2022-11-28 19:00:00,2022-11-29 05:00:00,stop,0.3441817883545868,0,2022-05-01,2022-11-01,2022-11-01,2023-01-01,raw_oos_all
2022-11-29 09:00:00,atr_breakdown,1,0.3329511411422015,1.5000000000000202,4,2022-11-29 10:00:00,2022-11-29 13:00:00,target,0.4931427199368582,0,2022-05-01,2022-11-01,2022-11-01,2023-01-01,raw_oos_all
2022-11-29 13:00:00,atr_breakdown,1,0.3555437594974675,1.5000000000000282,1,2022-11-29 14:00:00,2022-11-29 14:00:00,target,0.4524091025731632,0,2022-05-01,2022-11-01,2022-11-01,2023-01-01,raw_oos_all
2022-11-29 14:00:00,atr_breakdown,0,-0.27510063536606566,-1.0000000000000244,1,2022-11-29 15:00:00,2022-11-29 15:00:00,stop,0.37347071871311094,0,2022-05-01,2022-11-01,2022-11-01,2023-01-01,raw_oos_all
2022-11-29 16:00:00,atr_breakdown,0,-0.38911462969539734,-1.0000000000000173,15,2022-11-29 17:00:00,2022-11-30 08:00:00,stop,0.35180794324717973,0,2022-05-01,2022-11-01,2022-11-01,2023-01-01,raw_oos_all
2022-12-07 09:00:00,atr_breakdown,1,0.4118363438601058,1.5000000000000164,3,2022-12-07 10:00:00,2022-12-07 12:00:00,target,0.3179101785839176,0,2022-05-01,2022-11-01,2022-11-01,2023-01-01,raw_oos_all
2022-12-07 11:00:00,atr_breakdown,1,0.3558597304036404,1.4999999999999716,1,2022-12-07 12:00:00,2022-12-07 12:00:00,target,0.35834620443123744,0,2022-05-01,2022-11-01,2022-11-01,2023-01-01,raw_oos_all
2022-12-07 12:00:00,atr_breakdown,0,-0.2762786214890012,-1.0000000000000162,1,2022-12-07 13:00:00,2022-12-07 13:00:00,stop,0.3634831605367018,0,2022-05-01,2022-11-01,2022-11-01,2023-01-01,raw_oos_all
2022-12-09 13:00:00,atr_breakdown,0,-0.33841825322473706,-1.0000000000000067,1,2022-12-09 14:00:00,2022-12-09 14:00:00,stop,0.678621326412344,1,2022-05-01,2022-11-01,2022-11-01,2023-01-01,raw_oos_all
2022-12-09 13:00:00,rsi_rollover,0,-0.33841825322473706,-1.0000000000000067,1,2022-12-09 14:00:00,2022-12-09 14:00:00,stop,0.678621326412344,1,2022-05-01,2022-11-01,2022-11-01,2023-01-01,raw_oos_all
2022-12-09 20:00:00,atr_breakdown,0,-0.5912349306914977,-1.0000000000000075,22,2022-12-09 21:00:00,2022-12-12 19:00:00,stop,0.4011959441713268,0,2022-05-01,2022-11-01,2022-11-01,2023-01-01,raw_oos_all
2022-12-14 19:00:00,atr_breakdown,0,-0.542741660403101,-1.0000000000000082,1,2022-12-14 20:00:00,2022-12-14 20:00:00,stop,0.5622787898003642,1,2022-05-01,2022-11-01,2022-11-01,2023-01-01,raw_oos_all
2022-12-15 07:00:00,atr_breakdown,1,0.9286264837367053,1.500000000000011,6,2022-12-15 08:00:00,2022-12-15 13:00:00,target,0.3625632340042851,0,2022-05-01,2022-11-01,2022-11-01,2023-01-01,raw_oos_all
2022-12-15 13:00:00,atr_breakdown,1,0.5127428497252451,1.5,1,2022-12-15 14:00:00,2022-12-15 14:00:00,target,0.28949174199434596,0,2022-05-01,2022-11-01,2022-11-01,2023-01-01,raw_oos_all
2022-12-15 14:00:00,atr_breakdown,1,0.6400583304774443,1.4999999999999947,2,2022-12-15 15:00:00,2022-12-15 16:00:00,target,0.3526028261241003,0,2022-05-01,2022-11-01,2022-11-01,2023-01-01,raw_oos_all
2022-12-15 16:00:00,atr_breakdown,1,0.7187257340391717,1.5000000000000095,15,2022-12-15 17:00:00,2022-12-16 08:00:00,target,0.3769514807219548,0,2022-05-01,2022-11-01,2022-11-01,2023-01-01,raw_oos_all
2022-12-15 17:00:00,atr_breakdown,1,0.7527493363670867,1.5000000000000138,14,2022-12-15 18:00:00,2022-12-16 08:00:00,target,0.40281527934560046,0,2022-05-01,2022-11-01,2022-11-01,2023-01-01,raw_oos_all
2022-12-16 08:00:00,atr_breakdown,0,-0.3667016582870941,-1.0000000000000064,3,2022-12-16 09:00:00,2022-12-16 11:00:00,stop,0.3524650824159434,0,2022-05-01,2022-11-01,2022-11-01,2023-01-01,raw_oos_all
2022-12-19 14:00:00,atr_breakdown,0,-0.30660199542610345,-1.0000000000000075,1,2022-12-19 15:00:00,2022-12-19 15:00:00,stop,0.5078648528162555,1,2022-05-01,2022-11-01,2022-11-01,2023-01-01,raw_oos_all
2022-12-19 15:00:00,atr_breakdown,1,0.5164003150486707,1.5000000000000202,4,2022-12-19 16:00:00,2022-12-19 19:00:00,target,0.35158832718788613,0,2022-05-01,2022-11-01,2022-11-01,2023-01-01,raw_oos_all
2022-12-19 16:00:00,atr_breakdown,0,-0.3689629269585937,-1.0,2,2022-12-19 17:00:00,2022-12-19 18:00:00,stop,0.40274094485157486,0,2022-05-01,2022-11-01,2022-11-01,2023-01-01,raw_oos_all
2022-12-20 03:00:00,atr_breakdown,0,-0.4936670750026684,-1.0000000000000093,5,2022-12-20 04:00:00,2022-12-20 08:00:00,stop,0.41009140459124127,0,2022-05-01,2022-11-01,2022-11-01,2023-01-01,raw_oos_all
2022-12-22 12:00:00,atr_breakdown,1,0.2899099056492327,1.5000000000000238,1,2022-12-22 13:00:00,2022-12-22 13:00:00,target,0.6333849257730366,1,2022-05-01,2022-11-01,2022-11-01,2023-01-01,raw_oos_all
2022-12-22 13:00:00,atr_breakdown,1,0.3788625851725014,1.4999999999999816,1,2022-12-22 14:00:00,2022-12-22 14:00:00,target,0.5799246952084083,1,2022-05-01,2022-11-01,2022-11-01,2023-01-01,raw_oos_all
2022-12-22 14:00:00,atr_breakdown,1,0.47647643153387875,1.5,1,2022-12-22 15:00:00,2022-12-22 15:00:00,target,0.4535091664865933,0,2022-05-01,2022-11-01,2022-11-01,2023-01-01,raw_oos_all
2022-12-22 15:00:00,atr_breakdown,1,0.5802820876530168,1.5000000000000182,2,2022-12-22 16:00:00,2022-12-22 17:00:00,target,0.5072722682608622,1,2022-05-01,2022-11-01,2022-11-01,2023-01-01,raw_oos_all
2022-12-22 16:00:00,atr_breakdown,1,0.6332094569039493,1.5000000000000169,1,2022-12-22 17:00:00,2022-12-22 17:00:00,target,0.40347977557695897,0,2022-05-01,2022-11-01,2022-11-01,2023-01-01,raw_oos_all
2022-12-22 17:00:00,atr_breakdown,0,-0.46062087619823666,-1.0,2,2022-12-22 18:00:00,2022-12-22 19:00:00,stop,0.402364224731148,0,2022-05-01,2022-11-01,2022-11-01,2023-01-01,raw_oos_all
2022-12-22 18:00:00,atr_breakdown,0,-0.4923139728716941,-0.9999999999999951,1,2022-12-22 19:00:00,2022-12-22 19:00:00,stop,0.41068910970694295,0,2022-05-01,2022-11-01,2022-11-01,2023-01-01,raw_oos_all
2022-12-23 14:00:00,atr_breakdown,0,-0.46477226482006806,-0.9999999999999949,1,2022-12-23 15:00:00,2022-12-23 15:00:00,stop,0.30347820686649707,0,2022-05-01,2022-11-01,2022-11-01,2023-01-01,raw_oos_all
2022-12-27 12:00:00,atr_breakdown,1,0.3779782662497011,1.5,1,2022-12-27 13:00:00,2022-12-27 13:00:00,target,0.6221312219110572,1,2022-05-01,2022-11-01,2022-11-01,2023-01-01,raw_oos_all
2022-12-27 13:00:00,atr_breakdown,1,0.347047677970691,1.5000000000000202,1,2022-12-27 14:00:00,2022-12-27 14:00:00,target,0.5428702261673152,1,2022-05-01,2022-11-01,2022-11-01,2023-01-01,raw_oos_all
2022-12-27 14:00:00,atr_breakdown,0,-0.3324463780501108,-0.9999999999999787,1,2022-12-27 15:00:00,2022-12-27 15:00:00,stop,0.5123691580037698,1,2022-05-01,2022-11-01,2022-11-01,2023-01-01,raw_oos_all
2022-12-28 15:00:00,atr_breakdown,0,-0.39066772673176375,-1.0000000000000062,3,2022-12-28 16:00:00,2022-12-28 18:00:00,stop,0.4382436327719223,0,2022-05-01,2022-11-01,2022-11-01,2023-01-01,raw_oos_all
2022-12-30 12:00:00,atr_breakdown,1,0.36839990906119,1.4999999999999711,2,2022-12-30 13:00:00,2022-12-30 14:00:00,target,0.562669244540384,1,2022-05-01,2022-11-01,2022-11-01,2023-01-01,raw_oos_all
2023-01-03 14:00:00,atr_breakdown,1,0.8043288105942015,1.5000000000000133,2,2023-01-03 15:00:00,2023-01-03 16:00:00,target,0.5698072383411414,1,2022-07-01,2023-01-01,2023-01-01,2023-03-01,raw_oos_all
2023-01-03 14:00:00,rsi_rollover,1,0.8043288105942015,1.5000000000000133,2,2023-01-03 15:00:00,2023-01-03 16:00:00,target,0.5698072383411414,1,2022-07-01,2023-01-01,2023-01-01,2023-03-01,raw_oos_all
2023-01-03 15:00:00,atr_breakdown,1,0.8622630244780938,1.4999999999999958,1,2023-01-03 16:00:00,2023-01-03 16:00:00,target,0.4788810976181123,0,2022-07-01,2023-01-01,2023-01-01,2023-03-01,raw_oos_all
2023-01-03 16:00:00,atr_breakdown,0,-0.6282391299058276,-0.9999999999999925,3,2023-01-03 17:00:00,2023-01-03 19:00:00,stop,0.5008820623834715,1,2022-07-01,2023-01-01,2023-01-01,2023-03-01,raw_oos_all
2023-01-05 13:00:00,atr_breakdown,1,0.5252799656506824,1.4999999999999931,1,2023-01-05 14:00:00,2023-01-05 14:00:00,target,0.5487777309309805,1,2022-07-01,2023-01-01,2023-01-01,2023-03-01,raw_oos_all
2023-01-05 14:00:00,atr_breakdown,0,-0.4122842826172146,-0.9999999999999942,1,2023-01-05 15:00:00,2023-01-05 15:00:00,stop,0.437847681042763,0,2022-07-01,2023-01-01,2023-01-01,2023-03-01,raw_oos_all
2023-01-05 20:00:00,atr_breakdown,0,-0.572151799635956,-0.9999999999999958,6,2023-01-05 21:00:00,2023-01-06 03:00:00,stop,0.37923755098144357,0,2022-07-01,2023-01-01,2023-01-01,2023-03-01,raw_oos_all
2023-01-06 14:00:00,rsi_rollover,0,-0.4757759328915867,-0.9999999999999949,1,2023-01-06 15:00:00,2023-01-06 15:00:00,stop,0.5325607296026019,1,2022-07-01,2023-01-01,2023-01-01,2023-03-01,raw_oos_all
2023-01-09 20:00:00,atr_breakdown,0,-0.5510476533133857,-1.0000000000000042,18,2023-01-09 21:00:00,2023-01-10 15:00:00,stop,0.4317542789401574,0,2022-07-01,2023-01-01,2023-01-01,2023-03-01,raw_oos_all
2023-01-10 11:00:00,atr_breakdown,1,0.4101342330169899,1.4999999999999745,1,2023-01-10 12:00:00,2023-01-10 12:00:00,target,0.4935274539281938,0,2022-07-01,2023-01-01,2023-01-01,2023-03-01,raw_oos_all
2023-01-10 12:00:00,atr_breakdown,0,-0.29405068752458297,-1.000000000000008,2,2023-01-10 13:00:00,2023-01-10 14:00:00,stop,0.3743388970225685,0,2022-07-01,2023-01-01,2023-01-01,2023-03-01,raw_oos_all
2023-01-18 15:00:00,rsi_rollover,1,0.6549885757806573,1.499999999999995,1,2023-01-18 16:00:00,2023-01-18 16:00:00,target,0.5861816667719475,1,2022-07-01,2023-01-01,2023-01-01,2023-03-01,raw_oos_all
2023-01-18 16:00:00,atr_breakdown,1,0.6631308969791361,1.50000000000001,4,2023-01-18 17:00:00,2023-01-18 20:00:00,target,0.49648400434973855,0,2022-07-01,2023-01-01,2023-01-01,2023-03-01,raw_oos_all
2023-01-18 20:00:00,atr_breakdown,1,0.7660593101803892,1.5000000000000089,14,2023-01-18 21:00:00,2023-01-19 11:00:00,target,0.4537233018335693,0,2022-07-01,2023-01-01,2023-01-01,2023-03-01,raw_oos_all
2023-01-19 15:00:00,atr_breakdown,0,-0.3457237175835126,-0.9999999999999802,1,2023-01-19 16:00:00,2023-01-19 16:00:00,stop,0.42470480838089897,0,2022-07-01,2023-01-01,2023-01-01,2023-03-01,raw_oos_all
2022-05-09 19:00:00,atr_breakdown,0,-0.8934501746191703,-1.000000000000007,7,2022-05-09 20:00:00,2022-05-10 03:00:00,stop,0.5902501969268644,1,2021-11-01,2022-05-01,2022-05-01,2022-07-01,rf_ge_0.50
2022-05-11 17:00:00,atr_breakdown,0,-1.0621122059643384,-1.000000000000002,1,2022-05-11 18:00:00,2022-05-11 18:00:00,stop,0.6082423298076641,1,2021-11-01,2022-05-01,2022-05-01,2022-07-01,rf_ge_0.50
2022-05-16 13:00:00,atr_breakdown,0,-0.5684486048532889,-1.0,1,2022-05-16 14:00:00,2022-05-16 14:00:00,stop,0.5040227180931264,1,2021-11-01,2022-05-01,2022-05-01,2022-07-01,rf_ge_0.50
2022-05-16 14:00:00,atr_breakdown,0,-0.6450320799387677,-0.9999999999999968,1,2022-05-16 15:00:00,2022-05-16 15:00:00,stop,0.645434846666938,1,2021-11-01,2022-05-01,2022-05-01,2022-07-01,rf_ge_0.50
2022-05-17 14:00:00,atr_breakdown,0,-0.5231261953532518,-0.999999999999992,1,2022-05-17 15:00:00,2022-05-17 15:00:00,stop,0.548104263354095,1,2021-11-01,2022-05-01,2022-05-01,2022-07-01,rf_ge_0.50
2022-05-18 11:00:00,atr_breakdown,1,0.5101325405056034,1.4999999999999818,2,2022-05-18 12:00:00,2022-05-18 13:00:00,target,0.5213847147513062,1,2021-11-01,2022-05-01,2022-05-01,2022-07-01,rf_ge_0.50
2022-05-18 12:00:00,atr_breakdown,1,0.5629757144787417,1.5,1,2022-05-18 13:00:00,2022-05-18 13:00:00,target,0.5412025064644146,1,2021-11-01,2022-05-01,2022-05-01,2022-07-01,rf_ge_0.50
2022-05-18 13:00:00,atr_breakdown,0,-0.4230544760928767,-1.0000000000000147,1,2022-05-18 14:00:00,2022-05-18 14:00:00,stop,0.5110337099053567,1,2021-11-01,2022-05-01,2022-05-01,2022-07-01,rf_ge_0.50
2022-05-18 18:00:00,atr_breakdown,1,1.046172260022371,1.4999999999999907,12,2022-05-18 19:00:00,2022-05-19 07:00:00,target,0.5768352411034822,1,2021-11-01,2022-05-01,2022-05-01,2022-07-01,rf_ge_0.50
2022-05-20 13:00:00,atr_breakdown,1,0.6883723125784114,1.4999999999999953,1,2022-05-20 14:00:00,2022-05-20 14:00:00,target,0.5843662196791666,1,2021-11-01,2022-05-01,2022-05-01,2022-07-01,rf_ge_0.50
2022-05-20 15:00:00,atr_breakdown,1,0.9018917065241494,1.5000000000000038,1,2022-05-20 16:00:00,2022-05-20 16:00:00,target,0.6227064416408075,1,2021-11-01,2022-05-01,2022-05-01,2022-07-01,rf_ge_0.50
2022-05-23 08:00:00,atr_breakdown,0,-0.6467914273724285,-1.0000000000000067,5,2022-05-23 09:00:00,2022-05-23 13:00:00,stop,0.5759671463547339,1,2021-11-01,2022-05-01,2022-05-01,2022-07-01,rf_ge_0.50
2022-05-23 13:00:00,atr_breakdown,0,-0.5994182636909873,-0.9999999999999964,1,2022-05-23 14:00:00,2022-05-23 14:00:00,stop,0.6045425565842987,1,2021-11-01,2022-05-01,2022-05-01,2022-07-01,rf_ge_0.50
2022-05-23 22:00:00,atr_breakdown,1,1.3813403251085488,1.5000000000000024,15,2022-05-23 23:00:00,2022-05-24 13:00:00,target,0.5670312487531238,1,2021-11-01,2022-05-01,2022-05-01,2022-07-01,rf_ge_0.50
2022-05-23 22:00:00,rsi_rollover,1,1.3813403251085488,1.5000000000000024,15,2022-05-23 23:00:00,2022-05-24 13:00:00,target,0.5670312487531238,1,2021-11-01,2022-05-01,2022-05-01,2022-07-01,rf_ge_0.50
2022-05-24 14:00:00,atr_breakdown,0,-0.4986507715782573,-1.0000000000000044,1,2022-05-24 15:00:00,2022-05-24 15:00:00,stop,0.5550026891325769,1,2021-11-01,2022-05-01,2022-05-01,2022-07-01,rf_ge_0.50
2022-05-25 11:00:00,atr_breakdown,0,-0.43588747047744736,-1.000000000000015,2,2022-05-25 12:00:00,2022-05-25 13:00:00,stop,0.5231414297510734,1,2021-11-01,2022-05-01,2022-05-01,2022-07-01,rf_ge_0.50
2022-05-30 13:00:00,atr_breakdown,0,-0.31838694929285927,-0.9999999999999875,2,2022-05-30 14:00:00,2022-05-30 15:00:00,stop,0.5357113253406003,1,2021-11-01,2022-05-01,2022-05-01,2022-07-01,rf_ge_0.50
2022-05-31 07:00:00,atr_breakdown,0,-0.4856631840747916,-1.0000000000000124,1,2022-05-31 08:00:00,2022-05-31 08:00:00,stop,0.5733080083601944,1,2021-11-01,2022-05-01,2022-05-01,2022-07-01,rf_ge_0.50
2022-05-31 12:00:00,atr_breakdown,0,-0.5372867573800622,-0.9999999999999963,1,2022-05-31 13:00:00,2022-05-31 13:00:00,stop,0.6356213700192526,1,2021-11-01,2022-05-01,2022-05-01,2022-07-01,rf_ge_0.50
2022-05-31 13:00:00,atr_breakdown,0,-0.6032075432280237,-1.0000000000000069,1,2022-05-31 14:00:00,2022-05-31 14:00:00,stop,0.5615746831141701,1,2021-11-01,2022-05-01,2022-05-01,2022-07-01,rf_ge_0.50
2022-06-01 14:00:00,rsi_rollover,1,0.8122920268029077,1.5000000000000038,1,2022-06-01 15:00:00,2022-06-01 15:00:00,target,0.5325981154463719,1,2021-11-01,2022-05-01,2022-05-01,2022-07-01,rf_ge_0.50
2022-06-01 15:00:00,atr_breakdown,0,-0.6004675737728338,-1.0000000000000033,3,2022-06-01 16:00:00,2022-06-01 18:00:00,stop,0.5123721696290596,1,2021-11-01,2022-05-01,2022-05-01,2022-07-01,rf_ge_0.50
2022-06-03 10:00:00,atr_breakdown,1,0.40526246655652187,1.5000000000000147,2,2022-06-03 11:00:00,2022-06-03 12:00:00,target,0.5448612763633683,1,2021-11-01,2022-05-01,2022-05-01,2022-07-01,rf_ge_0.50
2022-06-03 12:00:00,atr_breakdown,1,0.4852152191183512,1.4999999999999938,1,2022-06-03 13:00:00,2022-06-03 13:00:00,target,0.5282207580222947,1,2021-11-01,2022-05-01,2022-05-01,2022-07-01,rf_ge_0.50
2022-06-03 15:00:00,atr_breakdown,0,-0.4816524319053883,-0.9999999999999916,1,2022-06-03 16:00:00,2022-06-03 16:00:00,stop,0.6040591751931003,1,2021-11-01,2022-05-01,2022-05-01,2022-07-01,rf_ge_0.50
2022-06-06 16:00:00,atr_breakdown,0,-0.47686364254946323,-1.0000000000000127,1,2022-06-06 17:00:00,2022-06-06 17:00:00,stop,0.6129571667900517,1,2021-11-01,2022-05-01,2022-05-01,2022-07-01,rf_ge_0.50
2022-06-07 01:00:00,atr_breakdown,0,-0.6291712238566061,-0.9999999999999934,13,2022-06-07 02:00:00,2022-06-07 14:00:00,stop,0.6368341907534989,1,2021-11-01,2022-05-01,2022-05-01,2022-07-01,rf_ge_0.50
2022-06-09 12:00:00,atr_breakdown,0,-0.36894190141828487,-1.0000000000000109,1,2022-06-09 13:00:00,2022-06-09 13:00:00,stop,0.5911084712490825,1,2021-11-01,2022-05-01,2022-05-01,2022-07-01,rf_ge_0.50
2022-06-09 18:00:00,atr_breakdown,1,0.9678641693301904,1.4999999999999936,1,2022-06-09 19:00:00,2022-06-09 19:00:00,target,0.5781647061460391,1,2021-11-01,2022-05-01,2022-05-01,2022-07-01,rf_ge_0.50
2022-06-10 13:00:00,atr_breakdown,1,0.8398552878418508,1.500000000000004,1,2022-06-10 14:00:00,2022-06-10 14:00:00,target,0.542330675992802,1,2021-11-01,2022-05-01,2022-05-01,2022-07-01,rf_ge_0.50
2022-06-10 14:00:00,atr_breakdown,0,-0.5948768112952973,-1.0000000000000036,3,2022-06-10 15:00:00,2022-06-10 17:00:00,stop,0.5278845274274307,1,2021-11-01,2022-05-01,2022-05-01,2022-07-01,rf_ge_0.50
2022-06-13 19:00:00,atr_breakdown,0,-0.8584987057808413,-1.0,7,2022-06-13 20:00:00,2022-06-14 03:00:00,stop,0.5844542679832213,1,2021-11-01,2022-05-01,2022-05-01,2022-07-01,rf_ge_0.50
2022-06-16 06:00:00,atr_breakdown,1,1.321602337908634,1.5000000000000078,1,2022-06-16 07:00:00,2022-06-16 07:00:00,target,0.5410569870733107,1,2021-11-01,2022-05-01,2022-05-01,2022-07-01,rf_ge_0.50
2022-06-16 07:00:00,atr_breakdown,1,1.4227455525949395,1.5000000000000073,7,2022-06-16 08:00:00,2022-06-16 14:00:00,target,0.5280748153878364,1,2021-11-01,2022-05-01,2022-05-01,2022-07-01,rf_ge_0.50
2022-06-16 17:00:00,atr_breakdown,0,-0.8669821422403357,-1.0000000000000027,4,2022-06-16 18:00:00,2022-06-16 22:00:00,stop,0.6113647030507557,1,2021-11-01,2022-05-01,2022-05-01,2022-07-01,rf_ge_0.50
2022-06-22 05:00:00,atr_breakdown,1,0.5886772769329252,1.5000000000000113,2,2022-06-22 06:00:00,2022-06-22 07:00:00,target,0.5177401220758596,1,2021-11-01,2022-05-01,2022-05-01,2022-07-01,rf_ge_0.50
2022-06-28 18:00:00,atr_breakdown,1,1.1078959568991742,1.5,18,2022-06-28 19:00:00,2022-06-29 13:00:00,target,0.5803204330756238,1,2021-11-01,2022-05-01,2022-05-01,2022-07-01,rf_ge_0.50
2022-06-30 05:00:00,atr_breakdown,1,0.6511576646492045,1.5000000000000102,1,2022-06-30 06:00:00,2022-06-30 06:00:00,target,0.519954127795971,1,2021-11-01,2022-05-01,2022-05-01,2022-07-01,rf_ge_0.50
2022-06-30 06:00:00,atr_breakdown,0,-0.45242801000248134,-0.999999999999995,6,2022-06-30 07:00:00,2022-06-30 12:00:00,stop,0.500541184821957,1,2021-11-01,2022-05-01,2022-05-01,2022-07-01,rf_ge_0.50
2022-07-18 18:00:00,atr_breakdown,0,-0.5164337218854231,-0.9999999999999958,14,2022-07-18 19:00:00,2022-07-19 09:00:00,stop,0.5314682813767168,1,2022-01-01,2022-07-01,2022-07-01,2022-09-01,rf_ge_0.50
2022-07-18 19:00:00,atr_breakdown,0,-0.5609134961151674,-1.0000000000000078,13,2022-07-18 20:00:00,2022-07-19 09:00:00,stop,0.5129874272983037,1,2022-01-01,2022-07-01,2022-07-01,2022-09-01,rf_ge_0.50
2022-07-22 17:00:00,atr_breakdown,0,-0.45935293617263007,-1.0000000000000044,4,2022-07-22 18:00:00,2022-07-24 22:00:00,stop,0.572677776217051,1,2022-01-01,2022-07-01,2022-07-01,2022-09-01,rf_ge_0.50
2022-07-25 14:00:00,atr_breakdown,0,-0.34192294273039936,-1.0,2,2022-07-25 15:00:00,2022-07-25 16:00:00,stop,0.5163455577614697,1,2022-01-01,2022-07-01,2022-07-01,2022-09-01,rf_ge_0.50
2022-07-26 14:00:00,atr_breakdown,1,0.4875828181777786,1.4999999999999805,1,2022-07-26 15:00:00,2022-07-26 15:00:00,target,0.501319764572438,1,2022-01-01,2022-07-01,2022-07-01,2022-09-01,rf_ge_0.50
2022-08-30 13:00:00,atr_breakdown,1,0.5862035103898489,1.4999999999999842,1,2022-08-30 14:00:00,2022-08-30 14:00:00,target,0.5227113787491455,1,2022-01-01,2022-07-01,2022-07-01,2022-09-01,rf_ge_0.50
2022-09-01 15:00:00,atr_breakdown,0,-0.467623695656616,-1.0,2,2022-09-01 16:00:00,2022-09-01 17:00:00,stop,0.5294905701833016,1,2022-03-01,2022-09-01,2022-09-01,2022-11-01,rf_ge_0.50
2022-09-02 17:00:00,atr_breakdown,0,-0.4254279723980736,-0.5705928237129485,25,2022-09-02 18:00:00,2022-09-05 15:00:00,time,0.6437259409826043,1,2022-03-01,2022-09-01,2022-09-01,2022-11-01,rf_ge_0.50
2022-09-06 13:00:00,atr_breakdown,0,-0.4649155043778941,-0.9999999999999862,1,2022-09-06 14:00:00,2022-09-06 14:00:00,stop,0.6543144938937951,1,2022-03-01,2022-09-01,2022-09-01,2022-11-01,rf_ge_0.50
2022-09-13 13:00:00,atr_breakdown,1,0.830991273506787,1.5000000000000078,2,2022-09-13 14:00:00,2022-09-13 15:00:00,target,0.5115588492744175,1,2022-03-01,2022-09-01,2022-09-01,2022-11-01,rf_ge_0.50
2022-09-15 14:00:00,atr_breakdown,0,-0.4711123666260475,-0.9999999999999863,1,2022-09-15 15:00:00,2022-09-15 15:00:00,stop,0.563583170439697,1,2022-03-01,2022-09-01,2022-09-01,2022-11-01,rf_ge_0.50
2022-09-20 17:00:00,atr_breakdown,0,-0.45942173598884084,-1.0000000000000095,1,2022-09-20 18:00:00,2022-09-20 18:00:00,stop,0.6524123056090511,1,2022-03-01,2022-09-01,2022-09-01,2022-11-01,rf_ge_0.50
2022-09-21 19:00:00,rsi_rollover,1,1.3117133702713835,1.5000000000000027,5,2022-09-21 20:00:00,2022-09-22 01:00:00,target,0.6561931681642116,1,2022-03-01,2022-09-01,2022-09-01,2022-11-01,rf_ge_0.50
2022-09-21 19:00:00,atr_breakdown,1,1.3117133702713835,1.5000000000000027,5,2022-09-21 20:00:00,2022-09-22 01:00:00,target,0.6561931681642116,1,2022-03-01,2022-09-01,2022-09-01,2022-11-01,rf_ge_0.50
2022-09-22 13:00:00,atr_breakdown,0,-0.5813288344288181,-0.9999999999999886,6,2022-09-22 14:00:00,2022-09-22 19:00:00,stop,0.5130030058037246,1,2022-03-01,2022-09-01,2022-09-01,2022-11-01,rf_ge_0.50
2022-09-23 13:00:00,atr_breakdown,0,-0.4336418742064141,-0.9999999999999947,1,2022-09-23 14:00:00,2022-09-23 14:00:00,stop,0.5000681075828974,1,2022-03-01,2022-09-01,2022-09-01,2022-11-01,rf_ge_0.50
2022-09-27 15:00:00,atr_breakdown,1,0.8429797139480888,1.4999999999999918,1,2022-09-27 16:00:00,2022-09-27 16:00:00,target,0.6458190534945282,1,2022-03-01,2022-09-01,2022-09-01,2022-11-01,rf_ge_0.50
2022-09-27 16:00:00,atr_breakdown,0,-0.6089634793980059,-0.9999999999999963,5,2022-09-27 17:00:00,2022-09-27 22:00:00,stop,0.7120348851975714,1,2022-03-01,2022-09-01,2022-09-01,2022-11-01,rf_ge_0.50
2022-09-29 07:00:00,atr_breakdown,0,-0.45464790045931514,-1.000000000000005,2,2022-09-29 08:00:00,2022-09-29 09:00:00,stop,0.5012324838369246,1,2022-03-01,2022-09-01,2022-09-01,2022-11-01,rf_ge_0.50
2022-09-29 13:00:00,atr_breakdown,1,0.8951912164143927,1.4999999999999922,1,2022-09-29 14:00:00,2022-09-29 14:00:00,target,0.6624461796061193,1,2022-03-01,2022-09-01,2022-09-01,2022-11-01,rf_ge_0.50
2022-09-29 14:00:00,atr_breakdown,1,0.9690333602042189,1.4999999999999964,4,2022-09-29 15:00:00,2022-09-29 18:00:00,target,0.7138265381759701,1,2022-03-01,2022-09-01,2022-09-01,2022-11-01,rf_ge_0.50
2022-09-30 19:00:00,atr_breakdown,1,1.2177732774708128,1.4999999999999911,4,2022-09-30 20:00:00,2022-10-03 00:00:00,target,0.694195231881055,1,2022-03-01,2022-09-01,2022-09-01,2022-11-01,rf_ge_0.50
2022-10-07 13:00:00,atr_breakdown,1,0.8560445564960606,1.4999999999999878,3,2022-10-07 14:00:00,2022-10-07 16:00:00,target,0.623715981200651,1,2022-03-01,2022-09-01,2022-09-01,2022-11-01,rf_ge_0.50
2022-10-07 15:00:00,atr_breakdown,1,0.9512988888674911,1.5000000000000038,4,2022-10-07 16:00:00,2022-10-07 19:00:00,target,0.6579455775036548,1,2022-03-01,2022-09-01,2022-09-01,2022-11-01,rf_ge_0.50
2022-10-07 16:00:00,atr_breakdown,1,1.0003524014505771,1.5000000000000107,5,2022-10-07 17:00:00,2022-10-09 22:00:00,target,0.6207050884705836,1,2022-03-01,2022-09-01,2022-09-01,2022-11-01,rf_ge_0.50
2022-10-10 16:00:00,atr_breakdown,0,-0.6094211552265749,-0.9999999999999921,1,2022-10-10 17:00:00,2022-10-10 17:00:00,stop,0.5280376448992765,1,2022-03-01,2022-09-01,2022-09-01,2022-11-01,rf_ge_0.50
2022-10-14 14:00:00,atr_breakdown,1,1.3610114144019025,1.5000000000000053,4,2022-10-14 15:00:00,2022-10-14 18:00:00,target,0.6704848243174834,1,2022-03-01,2022-09-01,2022-09-01,2022-11-01,rf_ge_0.50
2022-10-14 15:00:00,atr_breakdown,0,-0.9232170299960152,-1.0,20,2022-10-14 16:00:00,2022-10-17 12:00:00,stop,0.7187543373539836,1,2022-03-01,2022-09-01,2022-09-01,2022-11-01,rf_ge_0.50
2022-11-01 13:00:00,atr_breakdown,1,0.4843676414794995,1.4999999999999791,1,2022-11-01 14:00:00,2022-11-01 14:00:00,target,0.5710335103680247,1,2022-05-01,2022-11-01,2022-11-01,2023-01-01,rf_ge_0.50
2022-11-01 14:00:00,atr_breakdown,0,-0.41883020692021766,-1.0000000000000109,2,2022-11-01 15:00:00,2022-11-01 16:00:00,stop,0.6239465362904448,1,2022-05-01,2022-11-01,2022-11-01,2023-01-01,rf_ge_0.50
2022-11-02 19:00:00,atr_breakdown,1,1.1929994250902576,1.500000000000009,16,2022-11-02 20:00:00,2022-11-03 12:00:00,target,0.5931853983583931,1,2022-05-01,2022-11-01,2022-11-01,2023-01-01,rf_ge_0.50
2022-11-16 13:00:00,atr_breakdown,1,0.5758592716971656,1.500000000000017,1,2022-11-16 14:00:00,2022-11-16 14:00:00,target,0.5043989117540219,1,2022-05-01,2022-11-01,2022-11-01,2023-01-01,rf_ge_0.50
2022-11-25 09:00:00,atr_breakdown,1,0.22259291807211756,1.5,4,2022-11-25 10:00:00,2022-11-25 13:00:00,target,0.5095919094961961,1,2022-05-01,2022-11-01,2022-11-01,2023-01-01,rf_ge_0.50
2022-12-09 13:00:00,atr_breakdown,0,-0.33841825322473706,-1.0000000000000067,1,2022-12-09 14:00:00,2022-12-09 14:00:00,stop,0.678621326412344,1,2022-05-01,2022-11-01,2022-11-01,2023-01-01,rf_ge_0.50
2022-12-09 13:00:00,rsi_rollover,0,-0.33841825322473706,-1.0000000000000067,1,2022-12-09 14:00:00,2022-12-09 14:00:00,stop,0.678621326412344,1,2022-05-01,2022-11-01,2022-11-01,2023-01-01,rf_ge_0.50
2022-12-14 19:00:00,atr_breakdown,0,-0.542741660403101,-1.0000000000000082,1,2022-12-14 20:00:00,2022-12-14 20:00:00,stop,0.5622787898003642,1,2022-05-01,2022-11-01,2022-11-01,2023-01-01,rf_ge_0.50
2022-12-19 14:00:00,atr_breakdown,0,-0.30660199542610345,-1.0000000000000075,1,2022-12-19 15:00:00,2022-12-19 15:00:00,stop,0.5078648528162555,1,2022-05-01,2022-11-01,2022-11-01,2023-01-01,rf_ge_0.50
2022-12-22 12:00:00,atr_breakdown,1,0.2899099056492327,1.5000000000000238,1,2022-12-22 13:00:00,2022-12-22 13:00:00,target,0.6333849257730366,1,2022-05-01,2022-11-01,2022-11-01,2023-01-01,rf_ge_0.50
2022-12-22 13:00:00,atr_breakdown,1,0.3788625851725014,1.4999999999999816,1,2022-12-22 14:00:00,2022-12-22 14:00:00,target,0.5799246952084083,1,2022-05-01,2022-11-01,2022-11-01,2023-01-01,rf_ge_0.50
2022-12-22 15:00:00,atr_breakdown,1,0.5802820876530168,1.5000000000000182,2,2022-12-22 16:00:00,2022-12-22 17:00:00,target,0.5072722682608622,1,2022-05-01,2022-11-01,2022-11-01,2023-01-01,rf_ge_0.50
2022-12-27 12:00:00,atr_breakdown,1,0.3779782662497011,1.5,1,2022-12-27 13:00:00,2022-12-27 13:00:00,target,0.6221312219110572,1,2022-05-01,2022-11-01,2022-11-01,2023-01-01,rf_ge_0.50
2022-12-27 13:00:00,atr_breakdown,1,0.347047677970691,1.5000000000000202,1,2022-12-27 14:00:00,2022-12-27 14:00:00,target,0.5428702261673152,1,2022-05-01,2022-11-01,2022-11-01,2023-01-01,rf_ge_0.50
2022-12-27 14:00:00,atr_breakdown,0,-0.3324463780501108,-0.9999999999999787,1,2022-12-27 15:00:00,2022-12-27 15:00:00,stop,0.5123691580037698,1,2022-05-01,2022-11-01,2022-11-01,2023-01-01,rf_ge_0.50
2022-12-30 12:00:00,atr_breakdown,1,0.36839990906119,1.4999999999999711,2,2022-12-30 13:00:00,2022-12-30 14:00:00,target,0.562669244540384,1,2022-05-01,2022-11-01,2022-11-01,2023-01-01,rf_ge_0.50
2023-01-03 14:00:00,atr_breakdown,1,0.8043288105942015,1.5000000000000133,2,2023-01-03 15:00:00,2023-01-03 16:00:00,target,0.5698072383411414,1,2022-07-01,2023-01-01,2023-01-01,2023-03-01,rf_ge_0.50
2023-01-03 14:00:00,rsi_rollover,1,0.8043288105942015,1.5000000000000133,2,2023-01-03 15:00:00,2023-01-03 16:00:00,target,0.5698072383411414,1,2022-07-01,2023-01-01,2023-01-01,2023-03-01,rf_ge_0.50
2023-01-03 16:00:00,atr_breakdown,0,-0.6282391299058276,-0.9999999999999925,3,2023-01-03 17:00:00,2023-01-03 19:00:00,stop,0.5008820623834715,1,2022-07-01,2023-01-01,2023-01-01,2023-03-01,rf_ge_0.50
2023-01-05 13:00:00,atr_breakdown,1,0.5252799656506824,1.4999999999999931,1,2023-01-05 14:00:00,2023-01-05 14:00:00,target,0.5487777309309805,1,2022-07-01,2023-01-01,2023-01-01,2023-03-01,rf_ge_0.50
2023-01-06 14:00:00,rsi_rollover,0,-0.4757759328915867,-0.9999999999999949,1,2023-01-06 15:00:00,2023-01-06 15:00:00,stop,0.5325607296026019,1,2022-07-01,2023-01-01,2023-01-01,2023-03-01,rf_ge_0.50
2023-01-18 15:00:00,rsi_rollover,1,0.6549885757806573,1.499999999999995,1,2023-01-18 16:00:00,2023-01-18 16:00:00,target,0.5861816667719475,1,2022-07-01,2023-01-01,2023-01-01,2023-03-01,rf_ge_0.50
2022-05-09 19:00:00,atr_breakdown,0,-0.8934501746191703,-1.000000000000007,7,2022-05-09 20:00:00,2022-05-10 03:00:00,stop,0.5902501969268644,1,2021-11-01,2022-05-01,2022-05-01,2022-07-01,rf_ge_0.55
2022-05-11 17:00:00,atr_breakdown,0,-1.0621122059643384,-1.000000000000002,1,2022-05-11 18:00:00,2022-05-11 18:00:00,stop,0.6082423298076641,1,2021-11-01,2022-05-01,2022-05-01,2022-07-01,rf_ge_0.55
2022-05-16 14:00:00,atr_breakdown,0,-0.6450320799387677,-0.9999999999999968,1,2022-05-16 15:00:00,2022-05-16 15:00:00,stop,0.645434846666938,1,2021-11-01,2022-05-01,2022-05-01,2022-07-01,rf_ge_0.55
2022-05-18 18:00:00,atr_breakdown,1,1.046172260022371,1.4999999999999907,12,2022-05-18 19:00:00,2022-05-19 07:00:00,target,0.5768352411034822,1,2021-11-01,2022-05-01,2022-05-01,2022-07-01,rf_ge_0.55
2022-05-20 13:00:00,atr_breakdown,1,0.6883723125784114,1.4999999999999953,1,2022-05-20 14:00:00,2022-05-20 14:00:00,target,0.5843662196791666,1,2021-11-01,2022-05-01,2022-05-01,2022-07-01,rf_ge_0.55
2022-05-20 15:00:00,atr_breakdown,1,0.9018917065241494,1.5000000000000038,1,2022-05-20 16:00:00,2022-05-20 16:00:00,target,0.6227064416408075,1,2021-11-01,2022-05-01,2022-05-01,2022-07-01,rf_ge_0.55
2022-05-23 08:00:00,atr_breakdown,0,-0.6467914273724285,-1.0000000000000067,5,2022-05-23 09:00:00,2022-05-23 13:00:00,stop,0.5759671463547339,1,2021-11-01,2022-05-01,2022-05-01,2022-07-01,rf_ge_0.55
2022-05-23 13:00:00,atr_breakdown,0,-0.5994182636909873,-0.9999999999999964,1,2022-05-23 14:00:00,2022-05-23 14:00:00,stop,0.6045425565842987,1,2021-11-01,2022-05-01,2022-05-01,2022-07-01,rf_ge_0.55
2022-05-23 22:00:00,atr_breakdown,1,1.3813403251085488,1.5000000000000024,15,2022-05-23 23:00:00,2022-05-24 13:00:00,target,0.5670312487531238,1,2021-11-01,2022-05-01,2022-05-01,2022-07-01,rf_ge_0.55
2022-05-23 22:00:00,rsi_rollover,1,1.3813403251085488,1.5000000000000024,15,2022-05-23 23:00:00,2022-05-24 13:00:00,target,0.5670312487531238,1,2021-11-01,2022-05-01,2022-05-01,2022-07-01,rf_ge_0.55
2022-05-24 14:00:00,atr_breakdown,0,-0.4986507715782573,-1.0000000000000044,1,2022-05-24 15:00:00,2022-05-24 15:00:00,stop,0.5550026891325769,1,2021-11-01,2022-05-01,2022-05-01,2022-07-01,rf_ge_0.55
2022-05-31 07:00:00,atr_breakdown,0,-0.4856631840747916,-1.0000000000000124,1,2022-05-31 08:00:00,2022-05-31 08:00:00,stop,0.5733080083601944,1,2021-11-01,2022-05-01,2022-05-01,2022-07-01,rf_ge_0.55
2022-05-31 12:00:00,atr_breakdown,0,-0.5372867573800622,-0.9999999999999963,1,2022-05-31 13:00:00,2022-05-31 13:00:00,stop,0.6356213700192526,1,2021-11-01,2022-05-01,2022-05-01,2022-07-01,rf_ge_0.55
2022-05-31 13:00:00,atr_breakdown,0,-0.6032075432280237,-1.0000000000000069,1,2022-05-31 14:00:00,2022-05-31 14:00:00,stop,0.5615746831141701,1,2021-11-01,2022-05-01,2022-05-01,2022-07-01,rf_ge_0.55
2022-06-03 15:00:00,atr_breakdown,0,-0.4816524319053883,-0.9999999999999916,1,2022-06-03 16:00:00,2022-06-03 16:00:00,stop,0.6040591751931003,1,2021-11-01,2022-05-01,2022-05-01,2022-07-01,rf_ge_0.55
2022-06-06 16:00:00,atr_breakdown,0,-0.47686364254946323,-1.0000000000000127,1,2022-06-06 17:00:00,2022-06-06 17:00:00,stop,0.6129571667900517,1,2021-11-01,2022-05-01,2022-05-01,2022-07-01,rf_ge_0.55
2022-06-07 01:00:00,atr_breakdown,0,-0.6291712238566061,-0.9999999999999934,13,2022-06-07 02:00:00,2022-06-07 14:00:00,stop,0.6368341907534989,1,2021-11-01,2022-05-01,2022-05-01,2022-07-01,rf_ge_0.55
2022-06-09 12:00:00,atr_breakdown,0,-0.36894190141828487,-1.0000000000000109,1,2022-06-09 13:00:00,2022-06-09 13:00:00,stop,0.5911084712490825,1,2021-11-01,2022-05-01,2022-05-01,2022-07-01,rf_ge_0.55
2022-06-09 18:00:00,atr_breakdown,1,0.9678641693301904,1.4999999999999936,1,2022-06-09 19:00:00,2022-06-09 19:00:00,target,0.5781647061460391,1,2021-11-01,2022-05-01,2022-05-01,2022-07-01,rf_ge_0.55
2022-06-13 19:00:00,atr_breakdown,0,-0.8584987057808413,-1.0,7,2022-06-13 20:00:00,2022-06-14 03:00:00,stop,0.5844542679832213,1,2021-11-01,2022-05-01,2022-05-01,2022-07-01,rf_ge_0.55
2022-06-16 17:00:00,atr_breakdown,0,-0.8669821422403357,-1.0000000000000027,4,2022-06-16 18:00:00,2022-06-16 22:00:00,stop,0.6113647030507557,1,2021-11-01,2022-05-01,2022-05-01,2022-07-01,rf_ge_0.55
2022-06-28 18:00:00,atr_breakdown,1,1.1078959568991742,1.5,18,2022-06-28 19:00:00,2022-06-29 13:00:00,target,0.5803204330756238,1,2021-11-01,2022-05-01,2022-05-01,2022-07-01,rf_ge_0.55
2022-07-22 17:00:00,atr_breakdown,0,-0.45935293617263007,-1.0000000000000044,4,2022-07-22 18:00:00,2022-07-24 22:00:00,stop,0.572677776217051,1,2022-01-01,2022-07-01,2022-07-01,2022-09-01,rf_ge_0.55
2022-09-02 17:00:00,atr_breakdown,0,-0.4254279723980736,-0.5705928237129485,25,2022-09-02 18:00:00,2022-09-05 15:00:00,time,0.6437259409826043,1,2022-03-01,2022-09-01,2022-09-01,2022-11-01,rf_ge_0.55
2022-09-06 13:00:00,atr_breakdown,0,-0.4649155043778941,-0.9999999999999862,1,2022-09-06 14:00:00,2022-09-06 14:00:00,stop,0.6543144938937951,1,2022-03-01,2022-09-01,2022-09-01,2022-11-01,rf_ge_0.55
2022-09-15 14:00:00,atr_breakdown,0,-0.4711123666260475,-0.9999999999999863,1,2022-09-15 15:00:00,2022-09-15 15:00:00,stop,0.563583170439697,1,2022-03-01,2022-09-01,2022-09-01,2022-11-01,rf_ge_0.55
2022-09-20 17:00:00,atr_breakdown,0,-0.45942173598884084,-1.0000000000000095,1,2022-09-20 18:00:00,2022-09-20 18:00:00,stop,0.6524123056090511,1,2022-03-01,2022-09-01,2022-09-01,2022-11-01,rf_ge_0.55
2022-09-21 19:00:00,rsi_rollover,1,1.3117133702713835,1.5000000000000027,5,2022-09-21 20:00:00,2022-09-22 01:00:00,target,0.6561931681642116,1,2022-03-01,2022-09-01,2022-09-01,2022-11-01,rf_ge_0.55
2022-09-21 19:00:00,atr_breakdown,1,1.3117133702713835,1.5000000000000027,5,2022-09-21 20:00:00,2022-09-22 01:00:00,target,0.6561931681642116,1,2022-03-01,2022-09-01,2022-09-01,2022-11-01,rf_ge_0.55
2022-09-27 15:00:00,atr_breakdown,1,0.8429797139480888,1.4999999999999918,1,2022-09-27 16:00:00,2022-09-27 16:00:00,target,0.6458190534945282,1,2022-03-01,2022-09-01,2022-09-01,2022-11-01,rf_ge_0.55
2022-09-27 16:00:00,atr_breakdown,0,-0.6089634793980059,-0.9999999999999963,5,2022-09-27 17:00:00,2022-09-27 22:00:00,stop,0.7120348851975714,1,2022-03-01,2022-09-01,2022-09-01,2022-11-01,rf_ge_0.55
2022-09-29 13:00:00,atr_breakdown,1,0.8951912164143927,1.4999999999999922,1,2022-09-29 14:00:00,2022-09-29 14:00:00,target,0.6624461796061193,1,2022-03-01,2022-09-01,2022-09-01,2022-11-01,rf_ge_0.55
2022-09-29 14:00:00,atr_breakdown,1,0.9690333602042189,1.4999999999999964,4,2022-09-29 15:00:00,2022-09-29 18:00:00,target,0.7138265381759701,1,2022-03-01,2022-09-01,2022-09-01,2022-11-01,rf_ge_0.55
2022-09-30 19:00:00,atr_breakdown,1,1.2177732774708128,1.4999999999999911,4,2022-09-30 20:00:00,2022-10-03 00:00:00,target,0.694195231881055,1,2022-03-01,2022-09-01,2022-09-01,2022-11-01,rf_ge_0.55
2022-10-07 13:00:00,atr_breakdown,1,0.8560445564960606,1.4999999999999878,3,2022-10-07 14:00:00,2022-10-07 16:00:00,target,0.623715981200651,1,2022-03-01,2022-09-01,2022-09-01,2022-11-01,rf_ge_0.55
2022-10-07 15:00:00,atr_breakdown,1,0.9512988888674911,1.5000000000000038,4,2022-10-07 16:00:00,2022-10-07 19:00:00,target,0.6579455775036548,1,2022-03-01,2022-09-01,2022-09-01,2022-11-01,rf_ge_0.55
2022-10-07 16:00:00,atr_breakdown,1,1.0003524014505771,1.5000000000000107,5,2022-10-07 17:00:00,2022-10-09 22:00:00,target,0.6207050884705836,1,2022-03-01,2022-09-01,2022-09-01,2022-11-01,rf_ge_0.55
2022-10-14 14:00:00,atr_breakdown,1,1.3610114144019025,1.5000000000000053,4,2022-10-14 15:00:00,2022-10-14 18:00:00,target,0.6704848243174834,1,2022-03-01,2022-09-01,2022-09-01,2022-11-01,rf_ge_0.55
2022-10-14 15:00:00,atr_breakdown,0,-0.9232170299960152,-1.0,20,2022-10-14 16:00:00,2022-10-17 12:00:00,stop,0.7187543373539836,1,2022-03-01,2022-09-01,2022-09-01,2022-11-01,rf_ge_0.55
2022-11-01 13:00:00,atr_breakdown,1,0.4843676414794995,1.4999999999999791,1,2022-11-01 14:00:00,2022-11-01 14:00:00,target,0.5710335103680247,1,2022-05-01,2022-11-01,2022-11-01,2023-01-01,rf_ge_0.55
2022-11-01 14:00:00,atr_breakdown,0,-0.41883020692021766,-1.0000000000000109,2,2022-11-01 15:00:00,2022-11-01 16:00:00,stop,0.6239465362904448,1,2022-05-01,2022-11-01,2022-11-01,2023-01-01,rf_ge_0.55
2022-11-02 19:00:00,atr_breakdown,1,1.1929994250902576,1.500000000000009,16,2022-11-02 20:00:00,2022-11-03 12:00:00,target,0.5931853983583931,1,2022-05-01,2022-11-01,2022-11-01,2023-01-01,rf_ge_0.55
2022-12-09 13:00:00,atr_breakdown,0,-0.33841825322473706,-1.0000000000000067,1,2022-12-09 14:00:00,2022-12-09 14:00:00,stop,0.678621326412344,1,2022-05-01,2022-11-01,2022-11-01,2023-01-01,rf_ge_0.55
2022-12-09 13:00:00,rsi_rollover,0,-0.33841825322473706,-1.0000000000000067,1,2022-12-09 14:00:00,2022-12-09 14:00:00,stop,0.678621326412344,1,2022-05-01,2022-11-01,2022-11-01,2023-01-01,rf_ge_0.55
2022-12-14 19:00:00,atr_breakdown,0,-0.542741660403101,-1.0000000000000082,1,2022-12-14 20:00:00,2022-12-14 20:00:00,stop,0.5622787898003642,1,2022-05-01,2022-11-01,2022-11-01,2023-01-01,rf_ge_0.55
2022-12-22 12:00:00,atr_breakdown,1,0.2899099056492327,1.5000000000000238,1,2022-12-22 13:00:00,2022-12-22 13:00:00,target,0.6333849257730366,1,2022-05-01,2022-11-01,2022-11-01,2023-01-01,rf_ge_0.55
2022-12-22 13:00:00,atr_breakdown,1,0.3788625851725014,1.4999999999999816,1,2022-12-22 14:00:00,2022-12-22 14:00:00,target,0.5799246952084083,1,2022-05-01,2022-11-01,2022-11-01,2023-01-01,rf_ge_0.55
2022-12-27 12:00:00,atr_breakdown,1,0.3779782662497011,1.5,1,2022-12-27 13:00:00,2022-12-27 13:00:00,target,0.6221312219110572,1,2022-05-01,2022-11-01,2022-11-01,2023-01-01,rf_ge_0.55
2022-12-30 12:00:00,atr_breakdown,1,0.36839990906119,1.4999999999999711,2,2022-12-30 13:00:00,2022-12-30 14:00:00,target,0.562669244540384,1,2022-05-01,2022-11-01,2022-11-01,2023-01-01,rf_ge_0.55
2023-01-03 14:00:00,atr_breakdown,1,0.8043288105942015,1.5000000000000133,2,2023-01-03 15:00:00,2023-01-03 16:00:00,target,0.5698072383411414,1,2022-07-01,2023-01-01,2023-01-01,2023-03-01,rf_ge_0.55
2023-01-03 14:00:00,rsi_rollover,1,0.8043288105942015,1.5000000000000133,2,2023-01-03 15:00:00,2023-01-03 16:00:00,target,0.5698072383411414,1,2022-07-01,2023-01-01,2023-01-01,2023-03-01,rf_ge_0.55
2023-01-18 15:00:00,rsi_rollover,1,0.6549885757806573,1.499999999999995,1,2023-01-18 16:00:00,2023-01-18 16:00:00,target,0.5861816667719475,1,2022-07-01,2023-01-01,2023-01-01,2023-03-01,rf_ge_0.55
2022-05-11 17:00:00,atr_breakdown,0,-1.0621122059643384,-1.000000000000002,1,2022-05-11 18:00:00,2022-05-11 18:00:00,stop,0.6082423298076641,1,2021-11-01,2022-05-01,2022-05-01,2022-07-01,rf_ge_0.60
2022-05-16 14:00:00,atr_breakdown,0,-0.6450320799387677,-0.9999999999999968,1,2022-05-16 15:00:00,2022-05-16 15:00:00,stop,0.645434846666938,1,2021-11-01,2022-05-01,2022-05-01,2022-07-01,rf_ge_0.60
2022-05-20 15:00:00,atr_breakdown,1,0.9018917065241494,1.5000000000000038,1,2022-05-20 16:00:00,2022-05-20 16:00:00,target,0.6227064416408075,1,2021-11-01,2022-05-01,2022-05-01,2022-07-01,rf_ge_0.60
2022-05-23 13:00:00,atr_breakdown,0,-0.5994182636909873,-0.9999999999999964,1,2022-05-23 14:00:00,2022-05-23 14:00:00,stop,0.6045425565842987,1,2021-11-01,2022-05-01,2022-05-01,2022-07-01,rf_ge_0.60
2022-05-31 12:00:00,atr_breakdown,0,-0.5372867573800622,-0.9999999999999963,1,2022-05-31 13:00:00,2022-05-31 13:00:00,stop,0.6356213700192526,1,2021-11-01,2022-05-01,2022-05-01,2022-07-01,rf_ge_0.60
2022-06-03 15:00:00,atr_breakdown,0,-0.4816524319053883,-0.9999999999999916,1,2022-06-03 16:00:00,2022-06-03 16:00:00,stop,0.6040591751931003,1,2021-11-01,2022-05-01,2022-05-01,2022-07-01,rf_ge_0.60
2022-06-06 16:00:00,atr_breakdown,0,-0.47686364254946323,-1.0000000000000127,1,2022-06-06 17:00:00,2022-06-06 17:00:00,stop,0.6129571667900517,1,2021-11-01,2022-05-01,2022-05-01,2022-07-01,rf_ge_0.60
2022-06-07 01:00:00,atr_breakdown,0,-0.6291712238566061,-0.9999999999999934,13,2022-06-07 02:00:00,2022-06-07 14:00:00,stop,0.6368341907534989,1,2021-11-01,2022-05-01,2022-05-01,2022-07-01,rf_ge_0.60
2022-06-16 17:00:00,atr_breakdown,0,-0.8669821422403357,-1.0000000000000027,4,2022-06-16 18:00:00,2022-06-16 22:00:00,stop,0.6113647030507557,1,2021-11-01,2022-05-01,2022-05-01,2022-07-01,rf_ge_0.60
2022-09-02 17:00:00,atr_breakdown,0,-0.4254279723980736,-0.5705928237129485,25,2022-09-02 18:00:00,2022-09-05 15:00:00,time,0.6437259409826043,1,2022-03-01,2022-09-01,2022-09-01,2022-11-01,rf_ge_0.60
2022-09-06 13:00:00,atr_breakdown,0,-0.4649155043778941,-0.9999999999999862,1,2022-09-06 14:00:00,2022-09-06 14:00:00,stop,0.6543144938937951,1,2022-03-01,2022-09-01,2022-09-01,2022-11-01,rf_ge_0.60
2022-09-20 17:00:00,atr_breakdown,0,-0.45942173598884084,-1.0000000000000095,1,2022-09-20 18:00:00,2022-09-20 18:00:00,stop,0.6524123056090511,1,2022-03-01,2022-09-01,2022-09-01,2022-11-01,rf_ge_0.60
2022-09-21 19:00:00,rsi_rollover,1,1.3117133702713835,1.5000000000000027,5,2022-09-21 20:00:00,2022-09-22 01:00:00,target,0.6561931681642116,1,2022-03-01,2022-09-01,2022-09-01,2022-11-01,rf_ge_0.60
2022-09-21 19:00:00,atr_breakdown,1,1.3117133702713835,1.5000000000000027,5,2022-09-21 20:00:00,2022-09-22 01:00:00,target,0.6561931681642116,1,2022-03-01,2022-09-01,2022-09-01,2022-11-01,rf_ge_0.60
2022-09-27 15:00:00,atr_breakdown,1,0.8429797139480888,1.4999999999999918,1,2022-09-27 16:00:00,2022-09-27 16:00:00,target,0.6458190534945282,1,2022-03-01,2022-09-01,2022-09-01,2022-11-01,rf_ge_0.60
2022-09-27 16:00:00,atr_breakdown,0,-0.6089634793980059,-0.9999999999999963,5,2022-09-27 17:00:00,2022-09-27 22:00:00,stop,0.7120348851975714,1,2022-03-01,2022-09-01,2022-09-01,2022-11-01,rf_ge_0.60
2022-09-29 13:00:00,atr_breakdown,1,0.8951912164143927,1.4999999999999922,1,2022-09-29 14:00:00,2022-09-29 14:00:00,target,0.6624461796061193,1,2022-03-01,2022-09-01,2022-09-01,2022-11-01,rf_ge_0.60
2022-09-29 14:00:00,atr_breakdown,1,0.9690333602042189,1.4999999999999964,4,2022-09-29 15:00:00,2022-09-29 18:00:00,target,0.7138265381759701,1,2022-03-01,2022-09-01,2022-09-01,2022-11-01,rf_ge_0.60
2022-09-30 19:00:00,atr_breakdown,1,1.2177732774708128,1.4999999999999911,4,2022-09-30 20:00:00,2022-10-03 00:00:00,target,0.694195231881055,1,2022-03-01,2022-09-01,2022-09-01,2022-11-01,rf_ge_0.60
2022-10-07 13:00:00,atr_breakdown,1,0.8560445564960606,1.4999999999999878,3,2022-10-07 14:00:00,2022-10-07 16:00:00,target,0.623715981200651,1,2022-03-01,2022-09-01,2022-09-01,2022-11-01,rf_ge_0.60
2022-10-07 15:00:00,atr_breakdown,1,0.9512988888674911,1.5000000000000038,4,2022-10-07 16:00:00,2022-10-07 19:00:00,target,0.6579455775036548,1,2022-03-01,2022-09-01,2022-09-01,2022-11-01,rf_ge_0.60
2022-10-07 16:00:00,atr_breakdown,1,1.0003524014505771,1.5000000000000107,5,2022-10-07 17:00:00,2022-10-09 22:00:00,target,0.6207050884705836,1,2022-03-01,2022-09-01,2022-09-01,2022-11-01,rf_ge_0.60
2022-10-14 14:00:00,atr_breakdown,1,1.3610114144019025,1.5000000000000053,4,2022-10-14 15:00:00,2022-10-14 18:00:00,target,0.6704848243174834,1,2022-03-01,2022-09-01,2022-09-01,2022-11-01,rf_ge_0.60
2022-10-14 15:00:00,atr_breakdown,0,-0.9232170299960152,-1.0,20,2022-10-14 16:00:00,2022-10-17 12:00:00,stop,0.7187543373539836,1,2022-03-01,2022-09-01,2022-09-01,2022-11-01,rf_ge_0.60
2022-11-01 14:00:00,atr_breakdown,0,-0.41883020692021766,-1.0000000000000109,2,2022-11-01 15:00:00,2022-11-01 16:00:00,stop,0.6239465362904448,1,2022-05-01,2022-11-01,2022-11-01,2023-01-01,rf_ge_0.60
2022-12-09 13:00:00,atr_breakdown,0,-0.33841825322473706,-1.0000000000000067,1,2022-12-09 14:00:00,2022-12-09 14:00:00,stop,0.678621326412344,1,2022-05-01,2022-11-01,2022-11-01,2023-01-01,rf_ge_0.60
2022-12-09 13:00:00,rsi_rollover,0,-0.33841825322473706,-1.0000000000000067,1,2022-12-09 14:00:00,2022-12-09 14:00:00,stop,0.678621326412344,1,2022-05-01,2022-11-01,2022-11-01,2023-01-01,rf_ge_0.60
2022-12-22 12:00:00,atr_breakdown,1,0.2899099056492327,1.5000000000000238,1,2022-12-22 13:00:00,2022-12-22 13:00:00,target,0.6333849257730366,1,2022-05-01,2022-11-01,2022-11-01,2023-01-01,rf_ge_0.60
2022-12-27 12:00:00,atr_breakdown,1,0.3779782662497011,1.5,1,2022-12-27 13:00:00,2022-12-27 13:00:00,target,0.6221312219110572,1,2022-05-01,2022-11-01,2022-11-01,2023-01-01,rf_ge_0.60
