timestamp,wick_body_ratio,upper_wick_ratio,body_atr_ratio,lower_wick_atr,close_pos_in_range,pct_from_ema20,pct_from_ema50,pct_from_ema200,ema20_slope,consec_red_bars,rsi,vol_ratio,hour,session,day_of_week,htf_trend,htf_ema_slope,dist_round_number,outcome
2025-09-01 13:00:00+00:00,3.022222222222222,0.12560386473429952,0.2289619193383825,0.6919738006671116,0.8743961352657005,0.0003569944966876633,-0.0015221295882562379,-0.00249477872303147,0.00434132797965795,0,55.104873243041624,1.478168956825758,13,2,0,1,1.3300061051536902,0.5088042651964055,0.0
2025-09-08 19:00:00+00:00,3.3095238095238093,0.16203703703703703,0.1863192510984488,0.6166279976829615,0.8379629629629629,0.0011318447133590959,0.003918162273836764,0.009416097010189648,0.38657337343533016,0,53.778525346412415,2.0614574795469736,19,2,0,1,1.0259471090852725,0.1730107331628453,0.0
2025-09-09 05:00:00+00:00,10.0,0.2,0.06128513737871748,0.6128513737871747,0.7272727272727273,0.0012493463633608001,0.003793017523413484,0.0098416962023436,0.5306171172573549,1,61.194990909608784,0.2349704549588863,5,0,1,1,1.4803782119208857,0.6588152268212129,1.0
2025-09-09 11:00:00+00:00,8.0,0.09467455621301775,0.13849119040799676,1.107929523263974,0.9053254437869822,0.0010393249053877289,0.0034597953003185212,0.009827773913129943,0.48551196314262945,0,62.89155364587093,0.48393898924580026,11,1,1,1,1.5531374205345274,1.1649553075496197,0.0
2025-09-10 19:00:00+00:00,6.888888888888889,0.17633410672853828,0.1767543314661339,1.2176409501000336,0.8236658932714617,-0.0014290930682211301,0.0003946437201526422,0.007682384705208246,-0.1111108300782119,4,38.72522971123742,2.739626153082399,19,2,2,1,0.5756801843092382,0.6245319711803398,1.0
2025-09-11 00:00:00+00:00,5.75,0.19642857142857142,0.09579238652566938,0.5508062225225989,0.8035714285714286,6.69589419610785e-05,0.001504817893317872,0.00863378325165662,-0.1740739765192313,0,50.35158895008309,0.2514347537614919,0,0,3,1,0.42714680835510016,0.17242629574620488,0.0
2025-09-11 12:00:00+00:00,6.813559322033898,0.1219047619047619,0.3309262335330214,2.254785523394485,0.878095238095238,0.001695631562145769,0.002955138842490465,0.009896422122005418,0.3163772665516625,1,70.10094629676772,2.4382642193920807,12,1,3,1,0.7962799117510017,1.0488678927233053,1.0
2025-09-12 08:00:00+00:00,4.15625,0.1791044776119403,0.27286742309271567,1.1341052272290995,0.6616915422885572,9.482023169665461e-05,0.001930024710482347,0.009520777367392206,0.38189414891893925,2,45.58817651039488,0.40085147560979517,8,1,4,1,1.1232724316849085,0.39224692069577877,1.0
2025-09-12 12:00:00+00:00,12.11111111111111,0.08527131782945736,0.0769138429189441,0.9315120975738784,0.8449612403100775,0.0013127363667149578,0.003120057349558218,0.010759937574816438,0.36406529417831696,0,67.01058508621858,0.9771653993933666,12,1,4,1,1.286317889813034,0.9742420103066252,1.0
2025-09-15 14:00:00+00:00,39.5,0.0898876404494382,0.022062169097411207,0.8714556793477426,0.9101123595505618,0.005355385605094566,0.00803837041299043,0.016589109453502834,1.006064434243971,0,79.16597897377265,6.880598672981953,14,2,0,1,1.2234923775900854,1.0589841166757379,1.0
2025-09-16 00:00:00+00:00,8.333333333333334,0.011764705882352941,0.0649254485984219,0.5410454049868492,0.8823529411764706,0.003112191261960179,0.006928239305863103,0.01675244817916542,1.3873428404454586,0,69.76504186779081,0.13338381337915367,0,0,1,1,2.147076183609373,0.3029854267926355,1.0
2025-09-18 06:00:00+00:00,2.7804878048780486,0.03125,0.20970001879323788,0.5830683449372955,0.96875,0.0027117923853409434,0.004200295607410735,0.013216735589483298,0.9220281930225477,1,65.10773003173776,0.2848539181205894,6,0,3,1,0.9382174208148678,0.6239854217750005,1.0
2025-09-18 13:00:00+00:00,11.548387096774194,0.141280353200883,0.1284680758863678,1.4835990699135377,0.8587196467991169,0.002533722927796719,0.005214042493631114,0.014958334060308972,0.8115622988951914,1,60.20945032497366,3.201190412672441,13,2,3,1,1.0019312061916843,0.6547727738724552,1.0
2025-09-19 04:00:00+00:00,4.555555555555555,0.09090909090909091,0.15519533036448083,0.7070009494381905,0.9090909090909091,0.0007257449403634345,0.0033729971727106483,0.013726763164146408,0.17584450446396424,0,52.597542571483345,0.1189898793934103,4,0,4,1,0.9039254218811964,0.8794402053987247,0.0
2025-09-23 11:00:00+00:00,54.5,0.10483870967741936,0.01806805789336601,0.9847091551884476,0.8790322580645161,0.0015207042556144605,0.008824784307580163,0.030369506488935702,0.9734529592679649,1,59.67783996773456,0.4942814759539148,11,1,1,1,4.323987889288631,0.5510757657476634,0.0
2025-09-24 00:00:00+00:00,7.066666666666666,0.16551724137931034,0.08832324025248423,0.6241508977842218,0.7310344827586207,-0.002276709921734388,0.0008903943100436988,0.02083761550423997,-0.8427468829563209,1,32.870490561986486,0.2982725819652305,0,0,2,1,0.9230727810536938,1.1246492592149657,1.0
2025-09-24 07:00:00+00:00,2.090909090909091,0.023923444976076555,0.5047370482381647,1.055359282679799,0.9760765550239234,0.0007819005691820785,0.0028499050865647075,0.02176324320504215,-0.1765435257490769,0,63.0494328266662,0.39758034357370764,7,1,2,1,1.2711494064511875,0.37472902066166774,0.0
2025-09-24 19:00:00+00:00,21.714285714285715,0.18041237113402062,0.030105565451308873,0.6537208497998498,0.8195876288659794,-0.0026980468894439507,-0.0028650036677306664,0.013409023600137853,-1.050678027997318,0,34.98699692174063,1.5695311910107104,19,2,2,-1,0.10304454679224388,0.76554152147614,0.0
2025-09-26 13:00:00+00:00,13.166666666666666,0.1090146750524109,0.10640416032984339,1.4009881110096045,0.8909853249475891,0.0025183919057266066,0.0009704951803600841,0.008567716698512914,0.15133647348414367,0,66.1742534964824,4.773494500707829,13,2,4,-1,-0.29466754470744316,0.25536998479162415,0.0
2025-09-29 17:00:00+00:00,3.4146341463414633,0.08121827411167512,0.17100626803773364,0.5839238420800661,0.9187817258883249,0.0014676780810345576,0.004548543102525764,0.011761642443859775,0.7204356181615181,3,51.33312431055875,1.9367811967123452,17,2,0,1,1.172027044806262,0.6631706492195036,0.0
2025-09-29 19:00:00+00:00,11.45,0.08455882352941177,0.08596812485240023,0.9843350295599825,0.8419117647058824,0.000942609037248703,0.003916152719134459,0.011231015602652217,0.30868034143790263,1,49.28951555289388,2.262084323232585,19,2,0,1,1.2078608893852156,0.812398779855182,0.0
2025-10-02 16:00:00+00:00,173.0,0.07446808510638298,0.004379650252114399,0.757679493615791,0.925531914893617,0.0009947365700721407,0.0045809862726132215,0.013727253284945774,0.2950575803391886,0,51.462336016658696,1.8272333655732222,16,2,3,1,1.1563861985580872,0.14452845831977518,1.0
2025-10-02 22:00:00+00:00,31.0,0.07246376811594203,0.021626291903735686,0.6704150490158063,0.8985507246376812,0.001250008336226013,0.0046245193552313345,0.01407552429672807,0.4476159812535695,2,56.66791938769593,0.21233841544328874,22,0,3,1,1.2411142913776079,0.410899546170978,1.0
2025-10-03 14:00:00+00:00,6.735294117647059,0.15161290322580645,0.19844809595427249,1.3366062933390706,0.8483870967741935,-0.0006638993225361605,0.0020184191779071014,0.012173000978518023,-0.12850169705982858,4,38.099136266375076,7.650998082864133,14,2,4,1,1.1546745274726342,0.7412620054762531,0.0
2025-10-06 11:00:00+00:00,2.864406779661017,0.02145922746781116,0.24869079151205828,0.7123515892464042,0.9785407725321889,0.004619905892730513,0.005682383009977873,0.01326121662911319,0.8076745814876058,0,70.43340887703198,0.8879480222541666,11,1,0,1,1.0286059946762087,0.008430196322442653,0.0
2025-10-07 06:00:00+00:00,2.41025641025641,0.16352201257861634,0.2924710788283949,0.7049302925607467,0.5911949685534591,0.00038786368706384723,0.002109266268309267,0.010197422065371298,0.27069245737913483,1,50.565351821716504,0.32899071066279134,6,0,1,1,1.2596003830503375,0.6974310341292494,0.0
2025-10-07 07:00:00+00:00,13.571428571428571,0.14285714285714285,0.05325881198044582,0.7227981625917647,0.7983193277310925,0.0002892274787263582,0.0019607725920618223,0.01002677968851817,0.2731133749118692,2,49.74545023038063,0.3705817223638112,7,1,1,1,1.277932451286792,0.760840171149226,1.0
2025-10-07 08:00:00+00:00,2.6875,0.03278688524590164,0.34704859131468996,0.9326930891582293,0.9672131147540983,0.000693434264725865,0.0023429616165319255,0.010403029685669824,0.27062541408568114,3,55.56488673865778,0.4167584615893896,8,1,1,1,1.2894863021499126,0.3687391282718581,1.0
2025-10-08 06:00:00+00:00,3.888888888888889,0.14285714285714285,0.18452294199163183,0.717589218856346,0.6818181818181818,-0.0014034645555767082,-0.0018410639655757303,0.004273424705377894,-0.27750882816419015,1,39.361487533379766,0.26323811603270114,6,0,2,1,0.14940937479888555,0.8884437947745236,1.0
2025-10-08 10:00:00+00:00,3.3333333333333335,0.0658682634730539,0.24062236632021072,0.8020745544007024,0.9341317365269461,0.000338565081835849,-2.4627516706328027e-05,0.0058156382610594455,-0.09048870395270106,0,57.09359155359896,0.22566869339467074,10,1,2,1,0.27288972807743206,0.33419773100029265,0.0
2025-10-08 11:00:00+00:00,3.4571428571428573,0.15217391304347827,0.22698223395555975,0.7847100088177922,0.657608695652174,-2.877727861432971e-06,-0.00035189150835056234,0.0054172784667710205,0.010121316866106633,0,52.422442781257836,0.3829706202914527,11,1,2,1,0.2647753297646524,0.09727810026666846,1.0
2025-10-09 15:00:00+00:00,4.076923076923077,0.14563106796116504,0.2471931185819476,1.0077873296033248,0.8543689320388349,-0.0010244745340230949,0.0011842236781167842,0.009023417224435015,-0.0707833272760666,2,37.666864373546645,3.528350162196738,15,2,3,1,0.7708311754804832,0.40881938842399024,0.0
2025-10-14 13:00:00+00:00,3.4269662921348316,0.15541264737406216,0.35980869007104677,1.233052252490666,0.6538049303322615,-0.006261979893421714,-0.009358875038983366,-0.014254571498763755,-0.6593143047906778,1,32.2626762228886,5.406964023658114,13,2,1,1,-0.2662512364479226,0.0747916940035322,1.0
2025-10-15 13:00:00+00:00,16.17241379310345,0.021611001964636542,0.10497917708450823,1.6977666914701504,0.9214145383104125,0.004813826028125096,0.006302191046581671,0.003543745742615886,0.9193629111312719,0,78.76893230553141,4.774717255575697,13,2,2,1,0.5117562022909986,0.42353667996163663,0.0
2025-10-15 17:00:00+00:00,479.0,0.04,0.004294746824121642,2.0571837287542665,0.96,-0.0003324206999157028,0.0013373283833775622,-0.0008640766223601225,0.28243311895440354,2,44.743265920109174,4.537368513185682,17,2,2,1,0.2953184765779817,0.15890563249250073,
2025-10-15 19:00:00+00:00,2.8636363636363638,0.038461538461538464,0.24148509534906473,0.6915255003177763,0.7126696832579186,0.00032679846113295647,0.0019751115950769537,-2.9239735043343797e-05,0.043281618946452924,0,48.377803532227944,1.6037702976846095,19,2,2,1,0.3019122214152858,0.3512510477804578,1.0
2025-10-16 02:00:00+00:00,41.25,0.21395348837209302,0.01242563038132677,0.5125572532297292,0.7674418604651163,0.0003711694814730729,0.0018804981054193627,0.0003965839688016817,0.10197782122446976,0,49.91139785110605,0.2175825639420841,2,0,3,1,0.3091099865672033,0.5995366658990167,1.0
2025-10-16 16:00:00+00:00,4.404494382022472,0.09501411100658513,0.38291905465827264,1.6865648250117176,0.7375352775164629,-0.0027123560999871713,-0.0006406826331448073,-0.00041818626216903726,0.13970285219611334,1,34.62707439564039,4.969662246919824,16,2,3,-1,0.1661799930022049,0.36570920950509184,0.0
2025-10-16 18:00:00+00:00,2.3134328358208953,0.028446389496717725,0.5011149009632306,1.1592956664074738,0.6783369803063457,-0.006600844633742104,-0.005378491110704597,-0.005413596389472354,-0.2270184969228829,3,22.63072495099742,2.8459298631589336,18,2,3,-1,0.14444226284719308,0.09910108116063888,0.0
2025-10-16 19:00:00+00:00,3.196969696969697,0.09624796084828711,0.24209826394842812,0.773980813532096,0.9037520391517129,-0.004802898971663677,-0.003922393580794446,-0.004076190747865084,-0.3943103541006325,4,30.24114032184673,1.9399869517983228,19,2,3,-1,0.14168031200358883,0.3393043850792364,0.0
2025-10-17 17:00:00+00:00,2.2846153846153845,0.09725158562367865,0.23606821706025755,0.5393250805145884,0.9027484143763214,0.0065198913589896955,0.004798961270466314,0.0016341690573232653,0.43312781722224064,0,72.50460201829453,1.552159523025912,17,2,4,1,0.0654798299282803,0.35955005367639226,0.0
2025-10-21 15:00:00+00:00,2.2626262626262625,0.0471976401179941,0.45370370615788586,1.0265619210037014,0.9528023598820059,0.0017649382757662156,0.005792361887806978,0.012352619063113248,0.188902766631603,0,59.662239033630165,3.486941004704483,15,2,1,1,1.2345823346074587,0.6920127235337451,0.0
2025-10-22 09:00:00+00:00,5.6,0.05172413793103448,0.13979193468519455,0.7828348342370894,0.9482758620689655,-0.0004188569410583443,0.001716034347083759,0.008669301880779018,0.10404385153995042,2,44.62512058598374,0.31480566251994296,9,1,2,1,0.7473895991827695,0.2851755467577969,0.0
2025-10-23 14:00:00+00:00,2.623931623931624,0.08225108225108226,0.3165092178633994,0.8304985460176377,0.9177489177489178,0.0037790099202206604,0.0023467752613216043,0.0051029361915121444,-0.04983769749666223,0,67.6885611592472,4.903079841275144,14,2,3,1,-0.12408130616842655,0.051398932815423834,1.0
2025-10-29 04:00:00+00:00,15.833333333333334,0.12173913043478261,0.03867551396527074,0.6123623044501201,0.8782608695652174,0.004261771461686935,0.010765052111430326,0.029172484851149816,1.5899621868429101,0,83.00558000404561,0.17267831768154243,4,0,2,1,3.2959832503510635,1.0055633630970393,1.0
2025-10-30 13:00:00+00:00,3.9194630872483223,0.10935601458080195,0.32542611542742195,1.2754956470443921,0.8906439854191981,-0.003776669024269061,-0.0015173169166936235,0.01634884440804807,-0.283941047798733,1,37.67445748650897,3.9240769733093517,13,2,3,-1,0.28268063019022904,0.3472667943151684,0.0
2025-10-30 17:00:00+00:00,13.095238095238095,0.03896103896103896,0.0451507960911717,0.591260425003439,0.8928571428571429,-0.0036198160265475546,-0.002944327428683811,0.013665977208146994,-0.6174599116424819,0,39.77619566481248,1.377069106573389,17,2,3,-1,-0.07421301257431913,0.14620257781903218,0.0
2025-10-31 08:00:00+00:00,2.0632911392405062,0.00819672131147541,0.29307116734588046,0.6046911427516268,0.6680327868852459,0.0012010168715003331,0.0017962997461332122,0.016402911179716716,0.21284636211576222,0,56.31356279113898,0.30233697599033366,8,1,4,1,0.5673444753434502,0.19290760382260488,0.0
2025-11-03 19:00:00+00:00,3.8846153846153846,0.12714776632302405,0.1666551005654841,0.6473909675813037,0.6941580756013745,0.0005640818206179783,0.0008347283778212263,0.009912923905599752,0.16872923398747758,1,50.988067151718894,1.8425292024258848,19,2,0,1,0.4214833062663491,0.4038181282932884,0.0
2025-11-03 20:00:00+00:00,6.16,0.15566037735849056,0.08370009800837788,0.5155926037316078,0.7264150943396226,0.00029789704097820557,0.0005763109824409408,0.009578713047725496,0.1872166033539548,2,49.581461101804315,1.4656701623757944,20,2,0,1,0.2912327281660389,0.33814839595384666,0.0
2025-11-04 18:00:00+00:00,6.414634146341464,0.07317073170731707,0.10255569228980668,0.6578572456638819,0.801829268292683,-0.005764244773510913,-0.010035805044986561,-0.006970110417314601,-0.5038235266587695,3,33.1215342043792,2.204255226338346,18,2,1,-1,-0.7329777687363924,0.1625882926545716,0.0
2025-11-04 21:00:00+00:00,33.42857142857143,0.20723684210526316,0.017864315958997037,0.597178562057901,0.7697368421052632,-0.0070023465124915965,-0.012089273840760023,-0.010210935754306405,-0.9558277308895348,6,25.625617311309938,0.627571741492409,21,0,1,-1,-0.9322992685202686,0.09697771520598392,0.0
2025-11-05 15:00:00+00:00,2.0074074074074075,0.13983050847457626,0.3171467144263174,0.6366426637743113,0.8601694915254238,0.0053807247986211535,0.0004187329111303777,-0.0027387823239144846,0.20786489903124292,0,70.24600894455122,3.7321069622951817,15,2,2,-1,-0.6870628095861212,0.32889288903469954,0.0
2025-11-06 01:00:00+00:00,2.375,0.0,0.2491063282344757,0.5916275295568798,0.7037037037037037,-0.0004409071505682279,-0.0019905154278333924,-0.004421000537538775,0.23100583881690476,1,45.69920928159538,0.6181281785958037,1,0,3,-1,0.013960455355321625,0.11676859135991048,1.0
2025-11-07 02:00:00+00:00,18.692307692307693,0.04477611940298507,0.029925052589122154,0.5593682907043602,0.9067164179104478,-0.0063384119978027315,-0.011538004626948884,-0.017583838101451255,-0.8219796486620574,1,33.24584129969264,0.3971228080158187,2,0,4,-1,-0.9801571666995965,0.15192719006785094,0.0
2025-11-07 04:00:00+00:00,2.2477064220183487,0.14492753623188406,0.26111885473270996,0.5869185266927884,0.855072463768116,-0.005674528288313211,-0.01125983745322126,-0.017904440444142123,-0.8325397231564039,3,34.643021359948136,0.3524825031698965,4,0,4,-1,-0.9849476118111666,0.3305908436065502,0.0
2025-11-07 11:00:00+00:00,2.411392405063291,0.009191176470588236,0.42518402125595195,1.0252855196108714,0.7003676470588235,-0.0059438228305431435,-0.011505044842698382,-0.019497312882834867,-0.5590563591159929,3,28.329945043609982,0.7846819709963951,11,1,4,-1,-1.1417523461048393,0.05920283840272749,0.0
2025-11-10 16:00:00+00:00,27.6,0.16129032258064516,0.027760108560252884,0.7661789962629796,0.8093841642228738,0.002759065802920377,0.004490895984822074,-0.0028728324590218475,0.7535357406960009,1,54.55336963688438,4.302038995662652,16,2,0,1,0.6343846445147123,0.4025215741236668,1.0
2025-11-14 06:00:00+00:00,2.096774193548387,0.035175879396984924,0.3222142366466434,0.6756104961945748,0.6532663316582915,-0.005567928511611265,-0.012345654080393948,-0.01855575920314266,-0.8451182145696912,0,33.5654989885404,0.35935247531159337,6,0,4,-1,-1.2104784414363639,0.1611071183233217,0.0
2025-11-14 08:00:00+00:00,5.029850746268656,0.09821428571428571,0.1619862161955457,0.8147664904164016,0.7522321428571429,-0.007336997623832753,-0.01447531516879636,-0.021409192109362384,-0.8714321353095219,2,25.03936095824899,0.5595062069845863,8,1,4,-1,-1.2766521439558551,0.00725311415800951,0.0
2025-11-14 18:00:00+00:00,2.7338709677419355,0.15664845173041894,0.19039648121413874,0.5205194123515567,0.6174863387978142,0.003609424588272382,-0.00266591802861247,-0.012187711916423797,0.29166464169113004,1,61.19110001281593,2.125085073421342,18,2,4,-1,-0.5134184932211334,0.07523731918945804,0.0
2025-11-16 23:00:00+00:00,4.711538461538462,0.11210762331838565,0.1276968436776804,0.6016485904044557,0.8878923766816144,0.0067690135652605,0.00021161868982727026,-0.010862769706756113,-0.48261756009619994,0,59.93799376609825,0.487607734154338,23,0,6,-1,-0.6016956393008444,0.07367125596789253,0.0
2025-11-18 04:00:00+00:00,2.2522935779816513,0.0028129395218002813,0.4273812350264231,0.9625880109998796,0.6905766526019691,-0.008799010482103888,-0.01331975268865204,-0.024263829703877568,-0.6797266256811108,2,31.78843079776668,0.6424859856144572,4,0,1,-1,-0.7180587823057083,0.3548440529347825,0.0
2025-11-19 19:00:00+00:00,2.941666666666667,0.10586011342155009,0.21295958425444186,0.6264561103484831,0.667296786389414,-0.0008208171407405027,-0.0037260117478173636,-0.018714880098787686,0.045721430178254634,0,47.2057776963441,1.832131850146739,19,2,2,-1,-0.28500320619352726,0.18988896262687732,1.0
2025-11-21 04:00:00+00:00,3.4069767441860463,0.10823529411764705,0.15214568139496032,0.5183567982409695,0.6894117647058824,-0.012163070700975387,-0.02016768861478273,-0.033807456354157606,-1.3352650529442476,0,29.604310619525307,0.2540511965167789,4,0,4,-1,-1.3916896926139197,0.10084074231991555,0.0
2025-11-21 10:00:00+00:00,2.2456896551724137,0.014397905759162303,0.40343501963628786,0.9059898501314912,0.9856020942408377,-0.008906219676380597,-0.018639091401900804,-0.0348713551153962,-0.90140634033057,1,38.118370201658216,0.541800101330275,10,1,4,-1,-1.29049018472886,0.05042937745453598,1.0
2025-11-25 14:00:00+00:00,3.116788321167883,0.03009458297506449,0.689407074104046,2.148735917098012,0.7343078245915735,-0.0013120365264682973,0.00353994201280998,-0.00137827476176131,0.14863804749481113,1,36.3647270902977,7.4033452729432225,14,2,1,1,0.6493817719538867,0.30696227387114455,1.0
2025-11-25 19:00:00+00:00,7.214285714285714,0.09448818897637795,0.0917975214109293,0.6622535473217043,0.7952755905511811,0.004796801654974513,0.009754127716879894,0.006246379685924205,0.3768073267393807,0,69.72506050381465,1.4020240986777832,19,2,1,1,0.5925990316785553,0.2513503562442112,1.0
2025-11-26 12:00:00+00:00,16.285714285714285,0.08679245283018867,0.06580463508752278,1.0716754857110855,0.8603773584905661,0.0023831832437520304,0.008667501728285034,0.010833985556001156,0.7415631005825465,1,59.171680414336755,0.6958126355816259,12,1,2,1,2.104848258990614,0.17391224987416737,1.0
2025-11-27 01:00:00+00:00,7.2,0.14583333333333334,0.06985044431710287,0.5029231990831406,0.8541666666666666,0.0032189056113306642,0.009608472898849973,0.015253264488342863,0.8528857648490109,0,66.45565928236013,0.19023172556129817,1,0,3,1,2.030467701668537,0.9127124724101441,0.0
2025-11-28 16:00:00+00:00,2.2916666666666665,0.1474820143884892,0.3905049320225775,0.8949071358850734,0.8525179856115108,0.0034229719583663827,0.0071255853365024095,0.015522850799292718,0.7068239855366444,0,89.77587800460606,4.670278851707874,16,2,4,1,1.6209717670716492,0.9057544951079228,1.0
2025-12-01 07:00:00+00:00,2.8372093023255816,0.12234042553191489,0.1828972962329374,0.5189179102422875,0.8776595744680851,-0.00153286573201481,0.00029859208833460686,0.00850840187255061,-0.6547174961378773,0,40.07144402826803,0.8260343021733438,7,1,0,1,0.5538230432149631,0.10208221185094181,0.0
2025-12-01 15:00:00+00:00,2.020618556701031,0.04560260586319218,0.5571160592029125,1.125719047461555,0.9543973941368078,0.003735943387662064,0.005070250666534967,0.012985844525428322,0.0267445142943762,0,67.6987839916456,5.423987972699394,15,2,0,1,0.3024793333507126,0.3187622812965118,1.0
2025-12-01 16:00:00+00:00,4.0,0.12280701754385964,0.24311689234216355,0.9724675693686542,0.8771929824561403,0.004157644523541855,0.005698772687039523,0.013715389342264035,0.16580153671794737,0,70.12172749137774,2.9020237445861228,16,2,0,1,0.3554482812503563,0.5402597607603634,1.0
2025-12-03 00:00:00+00:00,19.7,0.18823529411764706,0.0344742020554067,0.679141780491512,0.8117647058823529,0.0035941875289297242,0.007175958698675615,0.017072511217478624,0.7619921318762629,0,65.49336956573087,0.37145058803875486,0,0,2,1,1.0566272271627781,0.5791665945308325,0.0
2025-12-03 08:00:00+00:00,4.529411764705882,0.1415525114155251,0.18449799855395274,0.8356674052149624,0.8584474885844748,0.0022253838253057296,0.0061369103579627104,0.01691271109210103,0.7906685863611689,2,66.36284365475763,0.3091243758495734,8,1,2,1,1.4164750793235084,0.5534939956618582,0.0
2025-12-04 19:00:00+00:00,6.783333333333333,0.066,0.18234047801310302,1.2368762425222155,0.814,-0.001263751131231256,-0.00020515797486583855,0.009605517648481818,-0.13941273778272303,2,41.252213387331956,2.731206716119986,19,2,3,1,0.223519093967444,0.045585119503275755,1.0
2025-12-05 17:00:00+00:00,259.0,0.1390728476821192,0.003034441162353945,0.7859202610496718,0.8609271523178808,0.001081591592869354,0.0027843247269446147,0.012399550929973661,0.1820117349905837,2,54.063256917989506,2.2584716999126697,17,2,4,1,0.4682201860079398,0.5461994092237101,0.0
2025-12-05 20:00:00+00:00,4.333333333333333,0.04,0.15498851966997287,0.6716169185698825,0.78,0.0006635338946238185,0.0023332028901391186,0.011893236414250141,0.18891543149622372,0,52.46329667510956,1.5294345852317996,20,2,4,1,0.501496440730097,0.5717354281159,0.0
2025-12-09 11:00:00+00:00,8.823529411764707,0.18137254901960784,0.08886306843859015,0.7840858979875601,0.8186274509803921,-0.000590591947630053,-0.0006281335210797299,0.006310749178609673,-0.16447657289211298,0,45.54332850491269,0.36376122483127893,11,1,1,1,0.2529659463321082,0.26658920531577046,0.0
2025-12-10 21:00:00+00:00,23.0,0.1864406779661017,0.02220639670245093,0.5107471241563714,0.7796610169491526,0.003885792406729627,0.004249248408846517,0.009297014200737731,0.37325278937682427,1,65.27234470884115,0.5705983658712634,21,0,2,1,0.1260750991716032,0.16932377485618835,0.0
2025-12-11 08:00:00+00:00,22.727272727272727,0.06451612903225806,0.03527189047866535,0.8016338745151216,0.8960573476702509,-0.002743669519915392,-0.004261695732558155,-0.000862995670994841,-0.7079337509631058,0,38.3235926358081,0.40135784015534137,8,1,3,-1,-0.41662471942112533,0.6220678866237344,1.0
2025-12-15 12:00:00+00:00,11.6,0.18181818181818182,0.05038812295107804,0.5845022262325053,0.7532467532467533,0.0009005363419526085,-0.003003120974724475,-0.006385486466129165,0.0678052050718999,0,63.97860449591911,0.17019150334509558,12,1,0,-1,-1.1848488105020463,0.6651232229542302,0.0
2025-12-16 03:00:00+00:00,4.325581395348837,0.12595419847328243,0.12783343412580153,0.5529539243581183,0.8740458015267175,-0.007945449633986475,-0.014144378076545528,-0.021143547537263645,-1.2974599977076784,4,17.327968050919992,0.2884097557195715,3,0,1,-1,-1.1890814128897127,0.332961502839297,0.0
2025-12-16 04:00:00+00:00,9.944444444444445,0.1825726141078838,0.05561416890666184,0.5530520130162483,0.8174273858921162,-0.007061615538691843,-0.013457396685857426,-0.02079458826407648,-1.3868576719389523,0,18.621048537831896,0.15723844360417144,4,0,1,-1,-1.4356066478210414,0.392388858397003,0.0
2025-12-16 07:00:00+00:00,9.434782608695652,0.1780821917808219,0.07991160799061404,0.75394864930275,0.7431506849315068,-0.006278329545268832,-0.013203332319982592,-0.021555250458746643,-1.3535679278682822,0,20.878592391045075,0.2423491881850852,7,1,1,-1,-1.6143754625730655,0.06601393703572465,1.0
2025-12-16 15:00:00+00:00,2.0035087719298246,0.06140350877192982,0.6324640812044747,1.2671473346237019,0.6260964912280702,0.0015341721823330014,-0.003480004830916854,-0.012685880794793951,0.1695869872246418,0,57.745513806481085,3.8709823052131274,15,2,1,-1,-0.7136642784895483,0.05104096093930848,0.0
2025-12-16 16:00:00+00:00,9.425531914893616,0.06130268199233716,0.10214371137094269,0.9627588114325024,0.9386973180076629,0.0018745015876845286,-0.0028294948425012217,-0.012035971828534596,0.18979497522378969,1,59.3870423220995,2.016836774834958,16,2,1,-1,-0.46799991173209526,0.06954465455042907,0.0
2025-12-17 13:00:00+00:00,3.632911392405063,0.09405940594059406,0.31384117803578804,1.14015719109204,0.7103960396039604,0.0027903849043943107,0.002685704328579377,-0.005057743737458659,0.8522256346555507,1,65.41829521369976,1.2854865957622372,13,2,2,-1,-0.5129164754269876,0.6475457217700437,0.0
2025-12-18 17:00:00+00:00,5.124031007751938,0.0012642225031605564,0.28353146080351793,1.452823996830429,0.8356510745891277,0.00693933389552048,0.005780004442232102,-0.0046149463659344485,0.870014686260229,0,77.44379333558562,3.6251424758833504,17,2,3,-1,-0.07069729089201345,0.2967189706083327,
2025-12-24 14:00:00+00:00,2.196078431372549,0.1092896174863388,0.4841134710246399,1.0631511520541113,0.6120218579234973,0.0008309164769163727,0.0025498810890521926,0.0032433243528057526,0.4813314805772026,0,59.54919147699594,5.637623782668548,14,2,2,1,1.0770077178829323,0.3702044190188423,1.0
2025-12-26 08:00:00+00:00,4.833333333333333,0.125,0.12682471316451363,0.6129861136284824,0.725,0.00014918230889469035,0.002201661589600742,0.004322001108408702,0.3943295595105279,5,45.085354999655564,0.35394172065370977,8,1,4,1,1.333984929913335,1.8178208886913618,1.0
2025-12-26 15:00:00+00:00,2.5616438356164384,0.09407665505226481,0.4960503214560168,1.2707042481133581,0.9059233449477352,0.0011190254754229025,0.0030199071266625755,0.005592321015347418,0.3342334492913864,1,63.240117175202414,6.100398437711232,15,2,4,1,0.8193665949689658,0.020385629648877402,0.0
2025-12-29 03:00:00+00:00,3.037037037037037,0.0603448275862069,0.18874657269884562,0.5732303319001978,0.9396551724137931,-0.0005558932707793575,0.0005757505438047355,0.003318695569671689,-0.14577559143166424,0,42.85682879697773,0.402206840528694,3,0,0,1,0.4113884535656454,1.3282166226955803,0.0
2025-12-29 17:00:00+00:00,14.846153846153847,0.13807531380753138,0.05066433836565943,0.7521705618901746,0.8619246861924686,-0.0027246654569187422,-0.0038694244375651085,-0.0025590235875643753,-0.6779610762382905,2,31.040720145908097,1.8560855479758738,17,2,0,-1,-0.28276997821211003,0.011691770392075253,0.0
2025-12-30 05:00:00+00:00,4.7894736842105265,0.1791044776119403,0.11766058193642812,0.5635322608534189,0.6791044776119403,3.6958137737523746e-05,-0.001165016032731907,-0.0006665399327033424,-0.14728070625142264,0,54.02166167177656,0.20433867354083832,5,0,1,-1,-0.5320384742784311,1.0961012106709356,0.0
2025-12-30 11:00:00+00:00,6.176470588235294,0.1223021582733813,0.1188242307448519,0.7339143663652617,0.8776978417266187,-0.00016242798582563825,-0.0012393716123017013,-0.0010469042009466124,-0.13897500521178352,2,50.513387316732306,0.2842117863741901,11,1,1,-1,-0.47542088058085885,0.9086558821665146,0.0
2025-12-30 15:00:00+00:00,5.617021276595745,0.06606606606606606,0.2298481693445168,1.2910620575947327,0.7927927927927928,0.0002927044772930121,-0.0006207644573527171,-0.0005546659938274388,-0.00789595890584248,0,54.5915484232065,5.677586959108396,15,2,1,-1,-0.28465239230956935,0.8655984249782867,0.0
2025-12-31 01:00:00+00:00,8.307692307692308,0.17687074829931973,0.0724183937871904,0.6016297330012741,0.8231292517006803,-0.003102677463910068,-0.004548824384153247,-0.005188364271073788,-0.7633858344042799,5,21.00216563598758,0.46574537830288204,1,0,2,-1,-0.6420267079255443,0.4066571343434538,0.0
2026-01-02 10:00:00+00:00,7.75,0.125,0.07546311915362508,0.5848391734405943,0.775,0.00429967444824093,0.003823233860440993,0.0009873201138330188,1.2144692608185654,0,80.73594395920223,0.3786719485364178,10,1,4,1,0.26529420719799474,0.7797855645874591,0.0
2026-01-05 06:00:00+00:00,2.2127659574468086,0.050314465408805034,0.2709215951930271,0.5994860829803154,0.949685534591195,0.0012320892031744404,-0.0008965188493612788,-0.005845650095684665,0.1828656911900432,0,64.729025522918,0.19052026579432474,6,0,0,-1,-0.35326826820919655,0.14410723148565271,1.0
2026-01-05 18:00:00+00:00,4.054545454545455,0.07641196013289037,0.20054099449660337,0.8131025776862283,0.7408637873754153,0.0021754440709495487,0.002468543269697484,-0.0013498678421224061,0.7006606678571043,2,62.39476678319218,1.8276979527451047,18,2,0,1,0.35000670987888827,0.18595619489685042,0.0
2026-01-06 16:00:00+00:00,5.676470588235294,0.18345323741007194,0.12317727274459317,0.69921216587372,0.8165467625899281,0.0025437079578680653,0.003933510699603468,0.002060391568431719,0.48625167030813427,1,60.5274157772681,4.122850946996574,16,2,1,1,0.5599997814711706,0.061588636372296585,1.0
2026-01-07 09:00:00+00:00,26.0,0.14960629921259844,0.03016609656702432,0.7843185107426323,0.8188976377952756,-6.122410466434784e-05,0.0025402309978479914,0.003422024579158658,0.17574699289821807,8,40.446465715512055,0.33214749643087516,9,1,2,1,1.2601712852352003,1.417806538650143,1.0
2026-01-08 16:00:00+00:00,6.214285714285714,0.019417475728155338,0.16508973317063436,1.0259147704175136,0.8446601941747572,-0.003233358253478949,-0.0031730302131211083,-0.0010824919937434626,-0.42027246258183926,0,37.865544123263284,2.9841233921908863,16,2,3,-1,-0.09483865993944599,0.34491962108864677,1.0
2026-01-09 12:00:00+00:00,3.176470588235294,0.09554140127388536,0.19605116314014506,0.6227507535039902,0.9044585987261147,0.001619486540986966,0.0011310930969348498,0.0020373287943916876,0.27870662912628974,0,68.71500848507611,0.3431725677163511,12,1,4,1,0.2316927005626978,1.1301772933961303,0.0
2026-01-12 01:00:00+00:00,4.954545454545454,0.11486486486486487,0.16324919565487503,0.8088255602900627,0.7364864864864865,-0.002207872969546886,-0.0003833270870089609,0.0022418327753682184,0.1986115513687427,2,32.139527530105596,0.7244798697048789,1,0,0,-1,0.3455407396729664,0.32649839130975006,0.0
2026-01-21 17:00:00+00:00,5.2727272727272725,0.1375,0.12642535551103298,0.6666064199672648,0.8625,0.0011852235719706312,-0.0012055737225332187,-0.01103742140610561,0.2913472737547053,1,52.48891230259037,4.156802246247131,17,2,2,1,0.060346896642883605,0.3543741025688046,1.0
2026-01-21 18:00:00+00:00,2.578231292517007,0.08362369337979095,0.2778963403512135,0.7164810407694553,0.9163763066202091,0.0023813663143915365,0.00022908974772933047,-0.009512930803494208,0.4025620084349328,0,55.435636422482915,2.4116774358333375,18,2,2,1,0.05955663970335623,0.1304411393485288,1.0
2026-01-22 06:00:00+00:00,8.416666666666666,0.13076923076923078,0.07359524787604119,0.6194266696233467,0.8692307692307693,0.003674700056757137,0.006417288149866893,0.0004244944977834339,0.8981287978045782,2,57.65830429334384,0.23123872043383148,6,0,3,1,0.6209741206663048,0.48756851717877286,1.0
2026-01-22 20:00:00+00:00,2.4831460674157304,0.043209876543209874,0.2712354602304196,0.6735172664148622,0.9567901234567902,0.0020095424302477793,0.0063367418368752825,0.004506666379863975,0.4679092210650689,2,53.826161577733,2.128390800397077,20,2,3,1,0.5218546776872631,0.4662811844410585,0.0
2026-01-23 20:00:00+00:00,3.4313725490196076,0.1274131274131274,0.1611614245195798,0.5530048880573816,0.6756756756756757,0.001973437887222613,0.004855624842759539,0.0063079268015895995,0.4345346179604735,0,56.04181088206734,1.8071690631907573,20,2,4,1,0.6720517764527981,0.44240391044590527,0.0
2026-01-25 23:00:00+00:00,5.153225806451613,0.0013089005235602095,0.41253445752059686,2.1258832125456566,0.8363874345549738,-0.004334713952953672,-0.0023923453045603432,-0.000757551706964007,-0.17708340169103448,0,28.079911961405983,0.8773027680185682,23,0,6,-1,0.1401081473850794,0.5422831981923975,1.0
2026-01-28 09:00:00+00:00,5.045454545454546,0.14743589743589744,0.11732822063218283,0.5919742040987407,0.8525641025641025,0.004235712523324005,0.010154049990787022,0.02073797913353748,1.5576849447738141,1,73.29664864210557,0.3703049381619862,9,1,2,1,2.344463710144398,0.3146529553317631,0.0
2026-01-28 11:00:00+00:00,23.8,0.21019108280254778,0.02711177807645352,0.6452603182195938,0.7898089171974523,0.004508494582659495,0.010546116848778462,0.02158423806664187,1.4621965241073183,0,78.07038907707911,0.3140417808726572,11,1,2,1,2.3837006109109473,0.40125431553151214,0.0
2026-01-29 00:00:00+00:00,10.173913043478262,0.14333333333333334,0.057321723969492915,0.5831862351678844,0.78,-0.0010268220560179322,0.002449247458226876,0.013648328962695232,-0.0467376757531143,1,44.21036959684802,0.5694512947838033,0,0,3,1,0.49392662027479256,0.36636058363110685,0.0
2026-01-29 23:00:00+00:00,3.911111111111111,0.1814814814814815,0.16967140461942193,0.6636037158448502,0.6518518518518519,-0.001138218539203543,-0.003144213643126344,0.0044248295603789844,-0.32852267127449636,1,50.66714219076808,0.4112585364803149,23,0,3,-1,-0.505480237913812,0.21114663685972507,0.0
2026-01-30 02:00:00+00:00,12.647058823529411,0.10424710424710425,0.06631965804011511,0.838748616389691,0.8301158301158301,-0.004787617454587307,-0.007291548630660449,-0.0005547901350093553,-0.304084088824146,4,38.40609642459956,0.4626359474603399,2,0,4,-1,-0.27200195153015844,0.3413511810888277,0.0
2026-02-01 23:00:00+00:00,44.785714285714285,0.18860759493670887,0.029735426278182233,1.33172230545859,0.8113924050632911,-0.007664940881507432,-0.012425712613027018,-0.011670438624003576,-0.6190722333212404,0,22.7490532310009,0.6999968112902832,23,0,6,-1,-0.6954600684707651,0.2846105086626014,0.0
2026-02-03 15:00:00+00:00,10.350877192982455,0.08615819209039548,0.13304130377550274,1.377094196974502,0.8333333333333334,-0.009276088031672165,-0.007635391615149328,-0.0073176155040484,-0.2980384216759962,2,17.488532356792803,9.618751172553473,15,2,1,-1,0.1687244211669408,0.165718115229135,0.0
2026-02-10 05:00:00+00:00,4.433333333333334,0.11891891891891893,0.12603434646657272,0.558752269335139,0.8810810810810811,0.002687148201480481,0.007195470663151999,0.0007395366971532297,0.48660460312073495,0,62.02646417534361,0.2548627891953968,5,0,1,1,0.8950638073828153,0.7982175276216271,0.0
2026-02-10 14:00:00+00:00,6.298701298701299,0.11635220125786164,0.26180216164089054,1.6490136155302846,0.8836477987421384,0.002494907386981026,0.0065218367162282005,0.0022174054338682625,0.3415194192297238,0,63.828575958524546,8.109647602210831,14,2,1,1,0.7190936006874242,0.11220092641752452,0.0
2026-02-11 08:00:00+00:00,2.0246913580246915,0.125,0.38064700102346877,0.7706926934302331,0.5857142857142857,-0.0018714860937916681,-0.0004212580963041311,-0.0031310114586537976,-0.2881187721339265,0,35.02726062243025,0.3267205963648117,8,1,2,-1,0.2009691418913093,0.9304704469462569,0.0
2026-02-11 10:00:00+00:00,19.166666666666668,0.0,0.052917878798561906,1.0142593436391032,1.0,-0.0029159419690142903,-0.0019564214468768067,-0.004732390342327818,-0.5098701121464233,2,27.717298830785836,0.4555782579363472,10,1,2,-1,0.18858761394089463,0.13229469699640475,1.0
2026-02-11 15:00:00+00:00,3.074074074074074,0.13081650570676032,0.5138790112714959,1.5797021457605245,0.655838454784899,-0.001609278810876237,-0.0007249827646146947,-0.003190232979138021,0.035719951720331114,1,45.026763109672366,8.6153502141477,15,2,2,1,0.0067008255699773575,0.37853639101892084,0.0
2026-02-12 23:00:00+00:00,5.080645161290323,0.15090090090090091,0.14552183955477882,0.7393448299960537,0.7094594594594594,-0.00865175918298297,-0.013410592836371854,-0.018157459317714796,-1.3121889419795667,0,27.429337793826974,0.393456991898694,23,0,3,-1,-0.8896255794800767,0.21828275933216823,0.0
2026-02-13 06:00:00+00:00,34.5,0.20448179271708683,0.02192402720009443,0.7563789384032578,0.7955182072829131,-0.007164604528707249,-0.013819705499771608,-0.021094865509344453,-1.0630640583067794,1,27.716905884097756,0.299049651511136,6,0,4,-1,-1.2542118545151588,0.1507276870006492,0.0
2026-02-13 08:00:00+00:00,2.5982142857142856,0.07990867579908675,0.31425559762179034,0.816503383106616,0.9200913242009132,-0.0037507873077445436,-0.010459889068468061,-0.018285614953079884,-0.9166609151040892,0,42.24786953782329,0.40964690328022063,8,1,4,-1,-1.2713846119697723,0.2777795014692611,0.0
2026-02-13 11:00:00+00:00,10.722222222222221,0.07860262008733625,0.1006683098803449,1.079387989272587,0.8427947598253275,-0.004605212332466396,-0.011313179391628661,-0.019876538039685386,-0.6372414695049388,2,33.48417136869526,0.5078156238657965,11,1,4,-1,-1.2670747243739835,0.23209638111301742,0.0
2026-02-19 13:00:00+00:00,3.85,0.1415929203539823,0.19994688508541644,0.7697955075788534,0.6814159292035398,-0.002732359357237156,-0.001358776740156648,-0.005364535862322667,-0.46365346007066677,1,33.47565405066409,1.0960313622192268,13,2,3,1,0.2705451245590341,0.6131704475952772,0.0
2026-02-20 16:00:00+00:00,6.743589743589744,0.12590448625180897,0.1527148681971291,1.0298464188678194,0.7612156295224313,0.007074896880057676,0.008010087644579514,0.0052603768210900655,0.1905181138990919,0,70.83419375463109,3.646104559004228,16,2,4,1,0.24083749855432357,0.011747297553625316,0.0
2026-02-20 17:00:00+00:00,2.43921568627451,0.04777415852334419,0.45096426761856606,1.0999991155245024,0.6753528773072747,0.004084992750528862,0.005234915196693274,0.0026800153332901294,0.29380943456694025,1,61.01130406287759,3.50105155234519,17,2,4,1,0.2175401081269419,0.24581973803521837,0.0
2026-02-26 01:00:00+00:00,206.0,0.06756756756756757,0.0034129331039762477,0.703064219419107,0.9324324324324325,0.0026117714868461495,0.008131717438761614,0.012761563943351567,0.9123267968275609,2,54.94679058085887,0.5068116527141509,1,0,3,1,1.2169638858674827,0.22525358486243235,0.0
2026-02-27 06:00:00+00:00,4.705882352941177,0.11009174311926606,0.132968689823406,0.6257350109336753,0.7339449541284404,-0.0020575561248397057,-0.0034043748896788804,-0.00011729337894895939,-0.5345881925248214,0,42.634747229704224,0.1922491248254836,6,0,4,-1,-0.2953978117157257,0.49667716492860475,0.0
2026-03-03 02:00:00+00:00,4.24,0.07420494699646643,0.12621835906809806,0.5351658424487358,0.7491166077738516,-0.0011341021061036223,-0.0018832736143578688,-0.004537015409123683,0.19771487808005578,5,43.73368921035476,0.525996568586777,2,0,1,-1,0.11806688572883521,0.39127691311110396,0.0
2026-03-04 06:00:00+00:00,24.333333333333332,0.17391304347826086,0.026440220311917152,0.6433786942566507,0.7934782608695652,-0.003249107913225385,-0.0063625358791797,-0.012990285400443955,-0.34809690532357535,5,36.42312117374226,0.3239351154990581,6,0,2,-1,-0.38442734005205553,0.2511820929632129,1.0
2026-03-05 08:00:00+00:00,3.888888888888889,0.06823529411764706,0.2205936848200658,0.8578643298558114,0.7411764705882353,0.0006840852896470575,0.004992897192053523,0.005167209181761015,0.24573029372227603,1,47.83764066352306,0.7725287151654461,8,1,3,1,0.5484264346234294,0.5256121132132432,0.0
2026-03-05 16:00:00+00:00,2.6346153846153846,0.07049180327868852,0.2841356819608722,0.7485882390122979,0.6737704918032786,-0.0007455017652782928,0.002896259140959832,0.004302300488495999,0.06397824054835674,1,45.900400007558886,3.0179346261616833,16,2,3,-1,0.17277599390146012,0.3114564206109561,0.0
2026-03-10 16:00:00+00:00,10.25925925925926,0.1484593837535014,0.058389311202413946,0.5990310815951356,0.8515406162464986,0.007455112932442906,0.012698525745878965,0.01211851327890226,0.668607069425318,1,72.23331444443713,1.833029573386261,16,2,1,1,0.5702678555911159,0.3806118063564761,0.0
2026-03-16 01:00:00+00:00,7.304347826086956,0.1511111111111111,0.07092305163447135,0.5180466380257038,0.8488888888888889,0.0021120907977867,-0.0024065967540724035,-0.009989732686547546,-0.024522454242822504,0,62.79516670817115,0.29032014413261625,1,0,0,-1,-0.480292045173849,0.2035183220815265,1.0
2026-03-17 10:00:00+00:00,4.4324324324324325,0.04285714285714286,0.13676767449972047,0.6062134761609231,0.780952380952381,0.0009005238868120253,0.0009161960331261885,-0.004029960076089284,-0.11680962277426324,0,55.43000345557142,0.1396729044231364,10,1,1,1,-0.02430246487637834,0.30680316171558913,1.0
2026-03-17 14:00:00+00:00,4.632352941176471,0.0748792270531401,0.18885942100200545,0.8748634943475252,0.7608695652173914,0.008153316548297115,0.009509785438000642,0.005469102939467034,0.6660450614264506,0,76.96086890769566,2.6461716564298805,14,2,1,1,0.18873811924808243,0.4749258969315137,0.0
2026-03-19 13:00:00+00:00,2.042194092827004,0.07445442875481387,0.5512068157317758,1.1256713030134156,0.9255455712451861,-0.005374787941956911,-0.010456884296695456,-0.015758948526667035,-0.6249433020706152,3,36.819645828214945,4.00352265854616,13,2,3,-1,-0.7861916439498141,0.0558184117196735,1.0
2026-03-20 10:00:00+00:00,3.6020408163265305,0.0720164609053498,0.24665354654540755,0.8884561421482537,0.7263374485596708,-0.0031472686448586187,-0.004095034689143515,-0.009531734661441525,0.07207588815491259,2,36.26634062438431,3.784958416549915,10,1,4,-1,0.06294314500919998,0.07298931479404917,0.0
2026-03-20 19:00:00+00:00,6.358974358974359,0.030405405405405407,0.15853380965048836,1.0081124305979772,0.9695945945945946,-0.00945492111568348,-0.013110213873748692,-0.0201654200843502,-0.8169115624944647,3,24.898351781080407,2.3655453826865798,19,2,4,-1,-0.5393133351980733,0.11585163012920302,0.0
2026-03-23 13:00:00+00:00,17.63157894736842,0.15914489311163896,0.04283241924160206,0.7552031813650889,0.7957244655581948,0.018147865273326853,0.01464084097243525,0.0036496087556111053,0.45188231633780446,0,80.04244974363502,5.702832831619829,13,2,0,1,-0.07455769079979703,0.0,0.0
2026-03-24 11:00:00+00:00,3.7311827956989245,0.140625,0.19770042024867215,0.7376564067342929,0.677734375,0.0013801239951157414,0.002505213388418324,-0.004234796650265493,0.3240091447851828,1,52.56306888695201,0.610898846075536,11,1,1,1,0.17646576343955317,0.1424293350178606,0.0
2026-03-24 17:00:00+00:00,2.150326797385621,0.10575139146567718,0.2918224442812033,0.6275136220164438,0.6103896103896104,-0.0027490082082405796,-0.002737026853283764,-0.009447944536135297,-0.2568137978924586,1,40.101902563787974,2.1418692344828485,17,2,1,-1,-0.03889502891732396,0.32424716031244816,1.0
2026-03-25 06:00:00+00:00,21.8,0.12643678160919541,0.02735814354253744,0.5964075292273162,0.8352490421455939,0.0008196424950856098,0.0018187225647153602,-0.0034111798050016733,0.15492439985583792,1,51.90826769712569,0.24960138752816358,6,0,2,1,0.262047652231908,0.2298084057573145,1.0
2026-04-01 09:00:00+00:00,37.714285714285715,0.21902017291066284,0.01872732974623592,0.7062878647151833,0.760806916426513,0.007298305543592124,0.01593649436469268,0.007009620551608113,1.3154279497289718,2,65.71037017480361,0.320828469962997,9,1,2,1,1.5623716657731979,0.3237152713277924,1.0
2026-04-03 07:00:00+00:00,14.222222222222221,0.21264367816091953,0.042340303568362395,0.6021732063055986,0.7873563218390804,0.0009748056564797338,0.005220568330932133,0.007796682971872922,0.4024574670531807,1,50.692316835591825,0.15006815051444014,7,1,4,1,1.4574210519991244,0.856215027715773,1.0
2026-04-05 22:00:00+00:00,7.017857142857143,0.05672268907563025,0.21684916024383627,1.5218164281397795,0.8256302521008403,-0.0020418824102718266,0.0010788716717355508,0.004198817268521036,-0.0753188246368632,0,31.06989622944137,3.0846337406545308,22,0,6,1,0.6746651949811827,0.3214014339328287,1.0
2026-04-05 23:00:00+00:00,3.0,0.045871559633027525,0.2056326295424784,0.6168978886274352,0.9541284403669725,-0.0013695202072756948,0.001545751085364157,0.004683251578987582,-0.1396422738525989,1,36.58733792158127,1.468989539743479,23,0,6,1,0.6889810450172233,0.12654315664152518,1.0
2026-04-06 03:00:00+00:00,7.085106382978723,0.06172839506172839,0.1433564228822595,1.0156955068040938,0.8222222222222222,0.0024374543478201225,0.0055757838726659195,0.009307829988580063,0.30025859825606177,0,62.70716570368255,1.6569459101300088,3,0,0,1,0.5516879277124638,0.14640655953932885,1.0
2026-04-06 15:00:00+00:00,3.130434782608696,0.16666666666666666,0.17685418858996022,0.5536305034120493,0.8333333333333334,0.0022292585693481576,0.006437029109742074,0.012422585265673063,0.41888037951633866,1,55.207667005851526,2.7864098593172852,15,2,0,1,0.7833979911351666,0.2434948973340032,0.0
2026-04-09 14:00:00+00:00,10.068965517241379,0.17054263565891473,0.10628801377777922,1.0702103456245355,0.8294573643410853,0.0008959816637341755,0.006246283324021472,0.02595799633945729,0.07159623557858599,0,55.73961679915551,4.952352049811514,14,2,3,1,1.5209151817828805,0.593746835586215,1.0
2026-04-10 17:00:00+00:00,6.222222222222222,0.06698564593301436,0.09136908081627464,0.5685187250790422,0.9330143540669856,0.0007803901397520785,0.005693599281888963,0.027254222584440154,0.34124460096013143,0,50.808732233056126,1.7202142349292502,17,2,4,1,1.1865862106930714,0.37901248338602817,0.0
2026-04-15 10:00:00+00:00,7.375,0.20866141732283464,0.11922485443919421,0.8792833014890573,0.7913385826771654,0.001944326534201943,0.010168224944320186,0.03636627578559488,0.8050730189261849,1,53.631523383031,0.5738467893082789,10,1,2,1,2.802062358979003,0.3030298383662853,1.0
2026-04-16 18:00:00+00:00,3.6483516483516483,0.1833976833976834,0.24149742311273434,0.8810675216860198,0.640926640926641,0.0015031207490188404,0.00926619382303119,0.04018909158019158,0.43565271315392395,2,52.08910736042568,2.3581567538161026,18,2,3,1,1.5647353114027032,0.4033803111333585,1.0
2026-04-21 09:00:00+00:00,7.411764705882353,0.15384615384615385,0.09597966706143703,0.711378708808298,0.8461538461538461,0.0019348096244679325,0.005562379669177848,0.03254056411076682,0.6447349733678274,0,64.79491199252129,0.2494448250838511,9,1,1,1,1.7251153994878194,0.9259214940044513,0.0
2026-04-21 13:00:00+00:00,5.263888888888889,0.023809523809523808,0.30613246227562396,1.6114472667008537,0.9761904761904762,0.0011228159409314934,0.004610646369831946,0.031132986284749385,0.42835542702843354,1,55.23097467502576,5.9061363443188375,13,2,1,1,1.0446414213107036,0.6632870015971852,0.0
2026-04-23 00:00:00+00:00,6.071428571428571,0.013944223107569721,0.3961274191346907,2.405059330460622,0.8466135458167331,0.003638151585432475,0.007630548798637734,0.030270054198521364,0.8984486527070396,0,66.02497720606115,1.479669215543664,0,0,3,1,0.890170168346947,0.4470580873091509,0.0
2026-04-27 08:00:00+00:00,2.542372881355932,0.08733624454148471,0.3381633587758246,0.859737352819893,0.9126637554585153,0.00018797687459842736,0.004657165501025563,0.026238495486096684,0.22779608965956535,4,46.240840809302185,1.6524070294023585,8,1,0,1,1.5543550363090683,0.9170531763412192,0.0
2026-04-27 13:00:00+00:00,5.763888888888889,0.1014760147601476,0.3057649449754612,1.762395168955783,0.7656826568265682,-0.0013261600809081457,0.0023753262871470527,0.023486527885098436,0.055963112927230885,1,35.851350086621395,13.834273866016845,13,2,0,1,0.7871898140646449,0.029727147428169835,0.0
2026-04-27 15:00:00+00:00,60.0,0.19736842105263158,0.015492326841275128,0.9295396104765077,0.7894736842105263,-0.002119776450843531,0.0010258746155733828,0.021748332415269758,-0.2330064669590773,3,29.37421822646553,3.479170374112366,15,2,0,1,0.7179280605846904,0.5073737040517604,1.0
2026-04-28 08:00:00+00:00,2.508771929824561,0.12663755458515283,0.26823219620985395,0.6729334045264757,0.8733624454148472,-0.0018081802224276613,-0.0006535182827855908,0.017683307439260672,-0.5284924087063262,0,36.59646533471427,0.4030129490651726,8,1,1,-1,-0.25675378281150774,0.8988131487031948,0.0
2026-04-29 01:00:00+00:00,3.217391304347826,0.07028753993610223,0.22934548446689498,0.7378941674152273,0.7092651757188498,0.00043498721333166084,-0.001305308980722878,0.012069659332619498,0.01823483356081205,0,56.13166428191552,0.5055034796826828,1,0,2,1,-0.16580050691484105,0.6248833489822646,0.0
2026-04-29 13:00:00+00:00,18.333333333333332,0.19284294234592445,0.0762294553430482,1.3975400146225503,0.7654075546719682,-0.0009172260531605882,-0.0018769687415887356,0.009669042143624336,-0.084309671711806,2,41.73462915162004,4.934786632235386,13,2,2,-1,-0.11118175926703236,0.29765787324428344,0.0
2026-04-29 18:00:00+00:00,2.095505617977528,0.038394415357766144,0.4707477954244682,0.9864546499625092,0.9616055846422339,0.0016730643748519398,0.0009790048336392773,0.011915968361346166,0.049385746157090626,0,59.3663815401985,2.2967915288169225,18,2,2,1,0.024438176565363453,0.04495905911357281,0.0
2026-05-01 11:00:00+00:00,3.962962962962963,0.11258278145695365,0.13336600699860748,0.5285245462537408,0.7086092715231788,0.00037216359276266345,0.0035705439442365815,0.015523195510238442,0.2118294348616799,0,46.174727447087776,0.37074871605976867,11,1,4,1,1.104985190910257,0.7211643341406182,1.0
2026-05-04 10:00:00+00:00,2.133986928104575,0.028368794326241134,0.9114523666952647,1.945027436117673,0.6616008105369807,-0.0012186998706767251,0.0035281816208497588,0.018846909944840305,0.2277413946722466,2,34.93050617639507,2.516346653481142,10,1,0,1,0.8726653668664912,0.1697803428157846,0.0
2026-05-04 16:00:00+00:00,3.1379310344827585,0.09774436090225563,0.26903620889555374,0.8442170692929445,0.6842105263157895,-0.004457995198660681,-0.0011361384778451062,0.01374193263982858,-0.15705321323862748,2,26.427499862242556,3.3290328310050596,16,2,0,1,0.2812431924063882,0.048704830920746796,1.0
2026-05-05 11:00:00+00:00,4.212121212121212,0.08994708994708994,0.1528533107239091,0.6438366724431323,0.91005291005291,0.0029489889128128765,0.0053689707714516255,0.019312920354547874,0.8044963492364382,1,77.4576317328157,0.40666005916140807,11,1,1,1,0.9334299199854755,0.7920580646602562,1.0
2026-05-06 09:00:00+00:00,2.8333333333333335,0.07537688442211055,0.2842829969995628,0.8054684914987611,0.9246231155778895,0.00847740864506026,0.015478744938105747,0.03383102083667435,1.1337887650404357,0,84.26934038353906,0.7022919952238876,9,1,2,1,1.650261747254724,0.08291587412487247,0.0
2026-05-07 17:00:00+00:00,142.5,0.10452418096723869,0.009561267553358276,1.3624806263535543,0.8892355694227769,-0.0004947695359875883,0.006158186536167922,0.029649282755908675,0.36634237502069156,2,43.56388868847832,3.647785752883628,17,2,3,1,1.126998555967969,0.038245070213433104,1.0
2026-05-11 07:00:00+00:00,28.2,0.20652173913043478,0.025498923433426916,0.719069640822639,0.7934782608695652,0.001056338035217629,0.007392066707055772,0.03457218489467402,0.4485876915036719,0,54.98063474749425,1.4123205745675342,7,1,0,1,1.5002275989828062,0.4691801911750553,0.0
2026-05-11 20:00:00+00:00,2.689655172413793,0.025056947608200455,0.3117637120690491,0.8385368807374424,0.7107061503416856,0.0013583354732685869,0.006249958218311319,0.03268333017905787,0.36798445018024406,0,54.13503265360718,0.47507640908798643,20,2,0,1,0.8598481722822467,0.013438091037459013,0.0
2026-05-13 09:00:00+00:00,6.642857142857143,0.10084033613445378,0.08795207554244625,0.5842530732462501,0.8991596638655462,0.00598726021299878,0.007105649948527525,0.025566988257454622,1.0095061385477948,0,77.58093028437902,0.2461034869681125,9,1,2,1,0.5277763205187077,0.25443278996207663,0.0
2026-05-14 17:00:00+00:00,35.333333333333336,0.1497659906396256,0.03170240924574322,1.1201517933495937,0.8502340093603744,0.0048132530686907085,0.009049645822849093,0.028092555894221657,0.579133879400551,1,70.48017355671911,2.9365138455370694,17,2,3,1,0.7290144759229344,0.26630023766424304,0.0
2026-05-14 18:00:00+00:00,3.066666666666667,0.0,0.19607979618117405,0.6013113749556004,0.7540983606557377,0.003657799592711872,0.00795034933993379,0.027026834794682677,0.6787399109759873,0,65.00371922077024,1.8313647716412254,18,2,3,1,0.751493936123525,0.07625325407045658,0.0
2026-05-18 01:00:00+00:00,9.428571428571429,0.1411764705882353,0.11705912541781692,1.103700325367988,0.7764705882352941,-0.0051359420059099254,-0.008546440404437397,-0.0011955968875556214,-0.48248229014713995,2,21.41950949678447,2.585783185288406,1,0,0,-1,-0.5037263701448044,0.2564152271056942,1.0
2026-05-19 10:00:00+00:00,7.921052631578948,0.07629427792915532,0.0773097079397763,0.6123742655229649,0.9237057220708447,-0.0034953266141313113,-0.006370293762950908,-0.0046333789655193846,-0.20911442921022474,2,39.92991333142005,0.4433915921371746,10,1,1,-1,-0.4422762053326881,0.19530873584785594,0.0
2026-05-20 00:00:00+00:00,14.743589743589743,0.13154172560113153,0.06736310348813165,0.9931739616839923,0.8132956152758133,-0.0005499853833320218,-0.0032815761623060324,-0.0035275934639556576,-0.13192244586205293,0,49.49601955381356,0.7865344415590723,0,0,2,-1,-0.3237016002820765,0.27463419114392135,1.0
2026-05-21 07:00:00+00:00,4.590361445783133,0.09375,0.1967358284675712,0.9030885620017425,0.90625,0.002075239188603766,0.005222167378276297,0.008243239712354375,0.5516048675484462,2,54.395727782569864,0.4698603887215987,7,1,3,1,0.45291400470473153,0.19910613965392748,0.0
2026-05-22 14:00:00+00:00,23.26923076923077,0.0395738203957382,0.06031064489293974,1.403382313854944,0.9604261796042618,0.00420976794579186,0.008531515699213581,0.015981728956732263,0.3478913326840118,0,67.875363592761,3.979901561941169,14,2,4,1,0.7903558490418789,0.4453709161324781,1.0
2026-05-25 07:00:00+00:00,21.2,0.1548223350253807,0.054484194289877406,1.155064918945401,0.8451776649746193,0.005749316720294871,0.012206830865770749,0.023566697669255322,1.591162635792829,2,81.21361569412797,0.42030698697634894,7,1,0,1,1.9593062320976662,0.40681531736441795,0.0
2026-05-25 08:00:00+00:00,4.083333333333333,0.06153846153846154,0.1360537494287872,0.5555528101675478,0.7538461538461538,0.004918380819908786,0.011422665395648573,0.023014127480165264,1.4978820565663644,0,77.33907106747498,0.21125428289155612,8,1,0,1,2.029087916550337,0.5631113518024804,0.0
2026-05-25 23:00:00+00:00,4.239130434782608,0.16319444444444445,0.1894074626091636,0.8029229393214544,0.6770833333333334,-0.0006002134137896801,0.004755381969796561,0.017768519744949633,0.2552109312683476,1,38.76223678440144,1.7829908680446707,23,0,0,1,1.4267776093450348,0.35410960400843633,0.0
