time,setup_type,d1_rsi_14,d1_atr_ratio,d1_trigger_bar_size,d1_trigger_close_pos,d1_consec_red,d1_consec_green,d1_price_vs_slow_ma,d1_ma_band_width,d1_day_of_week,h1_body_ratio,h1_atr_vs_d1,h1_hour_gmt,h1_above_trigger,h1_rsi_7,h1_rsi_14,h1_atr_14,h1_atr_pct_60,h1_close_location,h1_upper_wick_ratio,h1_lower_wick_ratio,h1_down_bars_last_3,h1_down_bars_last_5,h1_pullback_depth_atr,h1_fast_minus_slow_atr,d1_ema50_slope_5,d1_ema100_slope_5,close_above_d_50,close_above_d_100,close_above_d_200,dist_prev_day_high,dist_prev_day_low,dist_prev_day_close,bars_since_20bar_high,label,entry,stop,target,mae_r,mfe_r,exit_r,bars_held,setup_type_code
2020-11-09 14:00:00+00:00,daily_dip,56.37993852792669,1.1860607186048528,2.205924613587222,0.07097858042839143,1,0,6.61666644914893,1.1160695264251403,0,0.2855093256814921,0.3942055766648224,14,0.0,31.22618286811189,43.653042160571005,106.37302293306928,1.0,0.40028694404591103,0.31420373027259685,0.40028694404591103,2.0,3.0,2.777959973798346,4.05908215646475,22.124774246515152,16.82258739628305,1,1,1,-0.5410583680533128,-0.03520585271579774,-0.4474849174139556,10.0,0,12048.25,11888.690465600395,12367.36906879921,-3.8183240023387124,0.9306870978207613,-1.0,6,1
2020-11-09 16:00:00+00:00,daily_dip,56.37993852792669,1.1860607186048528,2.205924613587222,0.07097858042839143,1,0,6.61666644914893,1.1160695264251403,0,0.4209354120267261,0.4074678668180857,16,0.0,35.26409552932998,44.417767024678085,109.95173916167708,1.0,0.34521158129175944,0.23385300668151449,0.34521158129175944,2.0,3.0,2.4669914461393287,3.905015530696124,22.124774246515152,16.82258739628305,1,1,1,-0.5364260190117603,-0.03057350367424541,-0.4428525683724032,12.0,0,12050.25,11885.322391257485,12380.10521748503,-3.706171481296884,0.1925087027094905,-1.0,4,1
2020-11-09 18:00:00+00:00,daily_dip,56.37993852792669,1.1860607186048528,2.205924613587222,0.07097858042839143,1,0,6.61666644914893,1.1160695264251403,0,0.441340782122905,0.3929100584507503,18,0.0,31.484637385339255,41.83313383413104,106.023438358793,0.9333333333333333,0.24860335195530725,0.3100558659217877,0.24860335195530725,2.0,3.0,2.8885122454114533,4.00206079670808,22.124774246515152,16.82258739628305,1,1,1,-0.6661317921752258,-0.1602792768377108,-0.5725583415358686,14.0,0,12014.25,11855.21484246181,12332.32031507638,-3.6171247220091045,0.058163239771550135,-1.0,2,1
2020-11-09 19:00:00+00:00,daily_dip,56.37993852792669,1.1860607186048528,2.205924613587222,0.07097858042839143,1,0,6.61666644914893,1.1160695264251403,0,0.6209150326797386,0.39522002870530415,19,0.0,24.612690437798577,36.97117799214641,106.64676419030779,0.95,0.2984749455337691,0.08061002178649238,0.2984749455337691,2.0,3.0,3.5444113365265437,3.927831303092221,22.124774246515152,16.82258739628305,1,1,1,-0.9320286271603297,-0.42617611182281484,-0.8384551765209727,15.0,0,11943.25,11783.279853714539,12263.190292570922,-3.1521506462848645,0.24223269716120674,-1.0,1,1
2020-11-09 20:00:00+00:00,daily_dip,56.37993852792669,1.1860607186048528,2.205924613587222,0.07097858042839143,1,0,6.61666644914893,1.1160695264251403,0,0.7909967845659164,0.42873262173732996,20,0.0,14.881578307112107,27.978558461444962,115.68985246242866,1.0,0.04287245444801715,0.16613076098606644,0.04287245444801715,3.0,4.0,4.859976808965124,3.5244787096162495,22.124774246515152,16.82258739628305,1,1,1,-1.614836875885144,-1.108984360547629,-1.5212634252457868,16.0,0,11758.75,11585.215221306356,12105.819557387287,-1.8425701315151537,0.8773457467495924,-1.0,13,1
2020-11-09 23:00:00+00:00,daily_dip,56.37993852792669,1.1860607186048528,2.205924613587222,0.07097858042839143,1,0,6.61666644914893,1.1160695264251403,0,0.16097560975609757,0.3972775344599076,23,0.0,21.535747314623592,31.206044260884497,107.20196462321655,0.9166666666666666,0.0975609756097561,0.7414634146341463,0.0975609756097561,2.0,4.0,4.120726719446062,3.6224921527178027,22.124774246515152,16.82258739628305,1,1,1,-1.4953222706130938,-0.9894697552755788,-1.4017488199737365,18.0,0,11791.75,11630.947053065174,12113.355893869651,-2.1936787025611624,0.7415908866914773,-1.0,4,1
2023-02-02 21:00:00+00:00,daily_dip,74.23291847369306,0.949529937017682,1.730281905240855,0.36545961002785515,0,3,1.3434336547867427,0.027011822107978315,3,0.5293674698795181,0.3935611993005979,21,0.0,46.32229682456334,54.74786312345096,102.07041271783926,1.0,0.16265060240963855,0.3079819277108434,0.16265060240963855,2.0,2.0,2.5742033661247077,4.87092196955595,29.46536761128518,14.017321346833342,1,1,1,0.43281146264799103,2.379017126537287,0.49354001976786505,0.0,0,12805.75,12652.64438092324,13111.961238153519,-1.8483972156379056,0.9029714313142772,-1.0,10,1
2023-02-02 23:00:00+00:00,daily_dip,74.23291847369306,0.949529937017682,1.730281905240855,0.36545961002785515,0,3,1.3434336547867427,0.027011822107978315,3,0.6971830985915493,0.39478116503430394,23,0.0,45.764547201031306,54.31595287412712,102.38681180942218,1.0,0.09624413145539906,0.20657276995305165,0.09624413145539906,2.0,3.0,2.7811199017508206,4.89286793284391,29.46536761128518,14.017321346833342,1,1,1,0.406784938168045,2.352990602057341,0.467513495287919,1.0,0,12731.0,12577.419782285866,13038.160435428268,-1.3559689073212888,1.386897369793203,-1.0,33,1
2023-02-07 23:00:00+00:00,rsi_2300,72.61953954521834,0.9265669301516688,1.4301310761692152,0.8108484005563282,0,1,1.6939518291609004,0.3012345795433284,1,0.048,0.3395102369283426,23,0.0,62.99522913824104,60.840392993706345,85.34457589906785,0.8166666666666667,0.184,0.816,0.136,1.0,2.0,0.7967700264914283,4.595883749727179,37.10718298996726,19.2087233688977,1,1,1,0.5648918298081462,1.1705593022608944,0.8562884955366442,2.0,0,12817.25,12689.233136151399,13073.283727697202,-3.968227190761251,0.45306530918140264,-1.0,16,2
2024-08-29 19:00:00+00:00,daily_dip,50.90176079799244,1.234131401800052,1.3724297236289462,0.47704590818363274,0,1,4.071240384712445,0.44317009158218656,3,0.05791505791505792,0.277513888071824,19,0.0,34.79234804319158,43.537792969606144,101.30533864885423,1.0,0.42857142857142855,0.5135135135135135,0.42857142857142855,3.0,4.0,2.9564088526284924,0.16304863477126724,5.983660376422631,6.331628098155488,1,1,1,-0.8149657540511207,0.6944330038721315,0.5444519113198664,5.0,0,19611.0,19459.04199202672,19914.91601594656,-3.739519934348693,1.9117123465522137,-1.0,61,1
2024-09-30 01:00:00+00:00,daily_dip,62.39735299972433,1.1186320667742227,0.6704639074197338,0.8309705561613958,1,0,6.870715026456718,0.7129870013278415,0,0.764505119453925,0.3281811990389864,1,0.0,55.04512732644817,50.672884030919064,112.21415358394162,0.95,0.22866894197952217,0.006825938566552901,0.22866894197952217,2.0,2.0,0.908976245351252,4.706768594367126,36.38746869545357,22.416347575544204,1,1,1,-0.26467604633145436,0.09943630469910993,-0.24420386595222585,15.0,0,20780.0,20611.678769624086,21116.642460751827,-2.223427188383683,0.8272872036938619,-1.0,35,1
2024-09-30 02:00:00+00:00,daily_dip,62.39735299972433,1.1186320667742227,0.6704639074197338,0.8309705561613958,1,0,6.870715026456718,0.7129870013278415,0,0.0759493670886076,0.31299122691354375,2,0.0,54.867683122021155,50.57605457344096,107.02028547080293,0.9333333333333333,0.9240506329113924,0.0,0.9240506329113924,3.0,3.0,0.9741143890747823,4.896955862617796,36.38746869545357,22.416347575544204,1,1,1,-0.2712563900247778,0.09285596100578647,-0.2507842096455493,16.0,0,20777.25,20616.719571793794,21098.310856412412,-2.314203009056932,0.8845675027889215,-1.0,34,1
2024-10-13 23:00:00+00:00,daily_dip,57.994412612054255,1.124112978496033,0.1271986157856413,0.4689265536723164,1,0,6.759995177882896,0.9843638984964477,6,0.4864864864864865,0.3302074911489785,23,0.0,56.812556437102764,53.24817316556233,114.8729598438895,0.9833333333333333,0.15315315315315314,0.36036036036036034,0.15315315315315314,1.0,2.0,0.5876056479412685,2.14722694739025,29.15764245109749,21.107259221473942,1,1,1,1.7319133561773756,1.7319133561773756,1.7319133561773756,5.0,0,21014.5,20842.190560234165,21359.11887953167,-1.2854780347554597,1.469739558924696,-1.0,43,1
2024-10-14 00:00:00+00:00,daily_dip,60.642137593315304,1.1129151258313594,0.8641159737745936,0.8411764705882353,0,1,7.378752693827448,1.0303885707103557,0,0.5238095238095238,0.31418312357157435,0,0.0,56.0779970783474,52.748596101155655,108.16774842646883,0.9666666666666667,0.21428571428571427,0.2619047619047619,0.21428571428571427,2.0,2.0,0.7280358623118917,2.2826025261694896,29.43969568830871,21.409095672534022,1,1,1,-0.1009345549198895,0.027593619330617273,-0.032676654470467824,6.0,0,21003.0,20840.748377360298,21327.503245279404,-1.2942859774433733,1.6317248215625384,-1.0,59,1
2024-10-14 01:00:00+00:00,daily_dip,60.642137593315304,1.1129151258313594,0.8641159737745936,0.8411764705882353,0,1,7.378752693827448,1.0303885707103557,0,0.6039603960396039,0.29698011014426706,1,0.0,54.91822177585789,52.01286139270022,102.24505211029249,0.95,0.2376237623762376,0.15841584158415842,0.2376237623762376,3.0,3.0,0.9242501035459608,2.411603597787155,29.43969568830871,21.409095672534022,1,1,1,-0.14668187117854445,-0.01815369692803768,-0.07842397072912277,7.0,0,20987.25,20833.88242183456,21293.985156330877,-1.266564956711135,1.8289393583396312,-1.0,58,1
2024-12-29 23:00:00+00:00,daily_dip,53.20405448603778,1.2033815871787736,0.19613189417757615,0.45017182130584193,1,0,6.796114081256326,1.3852834899489093,6,0.1134020618556701,0.39304568562390557,23,0.0,51.813950867443964,47.90394643040887,145.79002435600964,1.0,0.45017182130584193,0.436426116838488,0.45017182130584193,1.0,2.0,1.6376291934555702,1.132360812453359,21.235241979798595,21.02610468983403,1,1,1,1.554227312623679,1.554227312623679,1.554227312623679,43.0,0,22297.25,22097.25,22697.25,-3.59875,0.09375,-1.0,13,1
2025-01-19 23:00:00+00:00,daily_dip,53.0407220742718,1.2790309817802776,0.21765523696378858,0.19672131147540983,1,0,4.9997461631786715,0.83867580004528,6,0.6092896174863388,0.3406344789722094,23,0.0,53.90500943280859,54.19695156906372,143.19919548337174,1.0,0.19672131147540983,0.19398907103825136,0.19672131147540983,2.0,4.0,0.9409969067573927,0.31654020450313597,4.621158735788049,9.608091538419831,1,1,1,1.3065261082225232,1.3065261082225232,1.3065261082225232,9.0,1,22140.25,21940.25,22540.25,-0.87875,2.74,2.0,57,1
2025-01-20 02:00:00+00:00,daily_dip,55.274531129060215,1.2439925378673524,0.5995202871797483,0.803680981595092,0,1,5.574273572366853,0.8702349983035507,0,0.13414634146341464,0.2944726347262376,2,0.0,54.539706806799316,54.671970620013255,120.09361606303487,0.95,0.5121951219512195,0.35365853658536583,0.5121951219512195,1.0,2.0,0.9305240666693269,0.5161428090822356,6.922289765757159,10.671297646569291,1,1,1,-0.14221749143732268,0.08214286143362604,0.038006398573767274,12.0,0,22155.0,21974.859575905448,22515.280848189104,-1.057508335275209,2.9601906550420223,-1.0,18,1
2025-05-12 14:00:00+00:00,daily_dip,66.51807058714729,1.0296284709283576,1.1752395985935022,0.842200180342651,0,4,1.2737785826134937,0.9232730574095394,0,0.10658307210031348,0.21807761967241404,14,0.0,55.51934640700772,64.910710278209,102.8930953765279,0.9833333333333333,0.5109717868338558,0.3824451410658307,0.5109717868338558,2.0,3.0,2.138141526357333,5.536445334970782,26.200406678108994,3.0922553096796035,1,1,1,0.5696044041875631,0.8430145181975934,0.6750474520325166,3.0,1,20564.75,20410.41035693521,20873.429286129583,-0.11662590143767279,4.909626489688697,2.0,22,1
2025-05-23 18:00:00+00:00,daily_dip,56.06032057403352,0.9080167709475307,1.2436045365306454,0.4479166666666667,1,0,1.41312573002969,0.2479870127795114,4,0.1762820512820513,0.2468376131455663,18,0.0,52.355517500345165,46.414495939213396,100.0367507281924,0.9333333333333333,0.4198717948717949,0.40384615384615385,0.4198717948717949,1.0,1.0,1.9292909715190165,2.1347417856107826,41.181648830344784,17.56524719047011,1,1,1,-0.7383901935650706,-0.0018506019888848888,-0.34853004123998743,22.0,1,20830.25,20680.194873907712,21130.360252184575,-0.711405220067898,5.303051090108008,2.0,31,1
2025-05-23 19:00:00+00:00,daily_dip,56.06032057403352,0.9080167709475307,1.2436045365306454,0.4479166666666667,1,0,1.41312573002969,0.2479870127795114,4,0.531390134529148,0.248857985707613,19,0.0,43.76394493422149,42.451514397036945,100.85555424760723,0.9333333333333333,0.17713004484304934,0.2914798206278027,0.17713004484304934,2.0,2.0,2.1243252451322783,2.0482343725924723,41.181648830344784,17.56524719047011,1,1,1,-0.8870552200054901,-0.1505156284293043,-0.49719506768040683,23.0,1,20771.25,20619.96666862859,21073.81666274282,-0.3156329224583936,5.649994564844229,2.0,12,1
2025-05-29 17:00:00+00:00,daily_dip,57.67803046027712,0.8910150745942095,1.4164424704392864,0.027790228597041687,1,0,2.29204470872651,0.008769917113827977,3,0.7010752688172043,0.2568286968295787,17,0.0,28.071169398311326,36.07039742619842,101.13097329838753,1.0,0.04086021505376344,0.25806451612903225,0.04086021505376344,2.0,3.0,4.808121430467366,3.6658196677863386,39.61675774531104,18.825580457598697,1,1,1,-1.0247145438319176,0.1333271711305469,-1.0005886747701995,9.0,0,21165.0,21013.30354005242,21468.39291989516,-1.9825775769845095,2.5544432621163673,-1.0,22,1
2025-05-29 18:00:00+00:00,daily_dip,57.67803046027712,0.8910150745942095,1.4164424704392864,0.027790228597041687,1,0,2.29204470872651,0.008769917113827977,3,0.11363636363636363,0.2544467709464974,18,0.0,27.419750181645114,35.585911365800285,100.193046634217,0.9833333333333333,0.5142045454545454,0.3721590909090909,0.5142045454545454,2.0,3.0,4.955433702027381,3.6223752999467336,39.61675774531104,18.825580457598697,1,1,1,-1.050745086766929,0.10729662819553536,-1.0266192177052111,10.0,0,21154.5,21004.210430048675,21455.07913990265,-1.9312717448988994,2.648221031764899,-1.0,21,1
2025-06-16 01:00:00+00:00,daily_dip,57.91786303208644,0.7667890429486104,1.0484585565704294,0.3979213066072754,0,2,3.8895969569962596,0.7646577140100038,0,0.17518248175182483,0.3283323971204888,1,0.0,47.47008682583748,47.865421537334555,105.45570355397965,0.95,0.6423357664233577,0.18248175182481752,0.6423357664233577,1.0,1.0,1.6476112163156973,1.0488800194575043,30.03766321970543,19.428553881833068,1,1,1,-0.045923574489721855,0.5682069386016433,-0.0015567313386346392,4.0,0,21479.75,21321.56644466903,21796.117110661937,-0.801284303762172,1.9565877082003331,-0.05215459965315912,72,1
2025-06-23 23:00:00+00:00,rsi_2300,72.61847946315618,0.7625248454767596,1.7547287865666719,0.9635701275045537,0,2,6.772104037762092,1.032045502877191,0,0.5669642857142857,0.2840398029861248,23,0.0,82.7617263498338,79.71944995215813,88.86721015416452,0.9333333333333333,0.6428571428571429,0.35714285714285715,0.07589285714285714,0.0,1.0,-0.20536258501128116,4.1277743345680955,36.68358580031636,24.002417349023016,1,1,1,1.4391013408955264,2.155056255633112,1.5198060801684015,0.0,1,22523.5,22390.199184768753,22790.101630462494,-0.32257867234648724,3.557742682798176,2.0,36,2
2025-10-06 00:00:00+00:00,daily_dip,61.235242536575974,0.971223620183663,0.6479496822570161,0.46634615384615385,0,2,10.751262119184844,2.3226704555740643,0,0.13402061855670103,0.31591127583908046,0,0.0,60.49055948860321,53.92767421379739,101.4114940926298,0.9666666666666667,0.5567010309278351,0.30927835051546393,0.5567010309278351,1.0,1.0,0.9047297924256501,3.2021537182804227,37.7714476563051,33.60993021811591,1,1,1,-0.07164828217265082,0.21883877489690085,-0.007787856757896828,16.0,1,25579.0,25426.882758861055,25883.23448227789,-0.5176927967558197,2.1628054620020913,2.0,67,1
2025-10-16 17:00:00+00:00,daily_dip,51.490675099766015,1.273984210807315,1.1946045689590077,0.21761416589002797,1,0,6.3896820924112125,1.577432822178954,3,0.45108695652173914,0.22634325443204995,17,0.0,26.63915873666309,39.17042601546433,101.65134066799448,0.65,0.2826086956521739,0.266304347826087,0.2826086956521739,3.0,4.0,3.096368409227493,0.43183552859080426,22.623139911265024,25.649537000806596,1,1,1,-0.5627890117509584,0.44867254547109053,-0.17423636071023738,3.0,0,25380.25,25227.772988998007,25685.204022003985,-2.984056396501987,3.2972183589920308,-1.0,1,1
2025-10-16 18:00:00+00:00,daily_dip,51.490675099766015,1.273984210807315,1.1946045689590077,0.21761416589002797,1,0,6.3896820924112125,1.577432822178954,3,0.29321663019693656,0.2465181962512935,18,0.0,21.295614426180535,34.55598467069973,110.71195919170916,0.8166666666666667,0.6783369803063457,0.028446389496717725,0.6783369803063457,3.0,4.0,3.44587886245779,0.35320427737726023,22.623139911265024,25.649537000806596,1,1,1,-0.7114187507593718,0.30004280646267717,-0.32286609971865077,4.0,0,25313.25,25147.182061212436,25645.38587757513,-2.3363931824091178,3.4308247826742133,-1.0,10,1
2025-10-16 20:00:00+00:00,daily_dip,51.490675099766015,1.273984210807315,1.1946045689590077,0.21761416589002797,1,0,6.3896820924112125,1.577432822178954,3,0.33867276887871856,0.2525679833153451,20,0.0,25.896864432481877,35.83052035104305,113.42893420101454,0.8166666666666667,0.4416475972540046,0.21967963386727687,0.4416475972540046,2.0,4.0,3.4030117863573075,0.2731610450193576,22.623139911265024,25.649537000806596,1,1,1,-0.7214387331644334,0.2900228240576156,-0.33288608212371235,6.0,0,25308.75,25138.60659869848,25649.03680260304,-2.253981036386939,3.3750941594398944,-1.0,8,1
2025-10-16 22:00:00+00:00,daily_dip,51.490675099766015,1.273984210807315,1.1946045689590077,0.21761416589002797,1,0,6.3896820924112125,1.577432822178954,3,0.4322033898305085,0.2532949991705548,22,0.0,21.72976455742763,32.61301292807755,113.75543890094208,0.8333333333333334,0.019067796610169493,0.548728813559322,0.019067796610169493,2.0,4.0,3.8415745587385794,0.2195880502720222,22.623139911265024,25.649537000806596,1,1,1,-0.8349985337551312,0.17646302346691772,-0.44644588271441016,7.0,0,25257.0,25086.366841648585,25598.26631670283,-1.9442293819397582,3.6686890522812017,-1.0,8,1
2025-10-17 01:00:00+00:00,daily_dip,54.669816817842445,1.3027035805381646,1.3908571432711319,0.9670031055900621,0,1,6.741924997586816,1.5294438825507999,4,0.18544600938967137,0.22667333704142373,1,0.0,28.826227827841947,35.51137839878763,104.95515643781698,0.6833333333333333,0.2676056338028169,0.5469483568075117,0.2676056338028169,1.0,3.0,4.02076481349464,0.10050648899754437,23.67321285592043,26.119843198810848,1,1,1,-0.9114001777335679,0.24728748898221212,-0.004859361137205042,10.0,0,25273.5,25116.067265343274,25588.365469313452,-2.2120558393357075,3.8714947137835285,-1.0,5,1
2025-10-20 08:00:00+00:00,daily_dip,57.01018385761541,1.3054628793361474,0.8497621910073915,0.9216791979949874,0,1,7.138834217821038,1.4923566408582298,0,0.6937269372693727,0.2355357507929499,8,0.0,55.70684155351128,56.763162560193386,110.5941939532228,0.6166666666666667,0.1070110701107011,0.1992619926199262,0.1070110701107011,2.0,2.0,0.7143232133272208,0.24552883436099962,22.93053741989206,25.535175289514882,1,1,1,-0.05590540730311786,0.1836891954245301,0.13097838282444754,1.0,0,25589.25,25423.358709070166,25921.03258185967,-1.6215438344727626,1.7707379233322456,-1.0,54,1
2025-10-20 10:00:00+00:00,daily_dip,57.01018385761541,1.3054628793361474,0.8497621910073915,0.9216791979949874,0,1,7.138834217821038,1.4923566408582298,0,0.7109375,0.21819319545316962,10,0.0,49.60316278270456,54.333746337326566,102.45111621476863,0.5,0.03515625,0.25390625,0.03515625,2.0,3.0,1.085883727872581,0.35257346558105374,22.93053741989206,25.535175289514882,1,1,1,-0.12458919341837695,0.11500540930927103,0.06229459670918847,3.0,1,25556.0,25402.323325677848,25863.353348644305,-1.5340649518859142,2.127844068999762,2.0,7,1
2025-10-26 23:00:00+00:00,daily_dip,58.76528686788774,1.2804527726578132,0.19163404634825895,0.20949720670391062,0,1,7.7397767246344555,1.5211371581702842,6,0.11538461538461539,0.2861872250212317,23,0.0,62.321610425056,61.94408185121592,133.65973910946929,0.9833333333333333,0.23076923076923078,0.6538461538461539,0.23076923076923078,1.0,2.0,0.5293291792381453,1.8962473000088311,31.163920650636282,29.64948898340226,1,1,1,1.5459193459602565,1.5459193459602565,1.5459193459602565,1.0,1,26232.0,26032.0,26632.0,-0.0475,3.3075,2.0,40,1
2025-10-27 01:00:00+00:00,daily_dip,61.19141689867068,1.252953088459277,0.6978125598731313,0.901883830455259,0,2,8.470822385880913,1.5846247514001237,0,0.21176470588235294,0.26127445317323833,1,0.0,62.20417381304274,61.87885124466031,119.25253015051179,0.95,0.3411764705882353,0.4470588235294118,0.3411764705882353,2.0,2.0,0.5848932505831672,2.2977939230493654,37.7712178800226,33.015835736205915,1,1,1,-0.15281766421083487,0.0432709515148959,0.0021909342539187795,3.0,1,26233.0,26054.121204774234,26590.757590451532,-0.0321446708803177,3.8098422965106975,2.0,35,1
2025-10-30 14:00:00+00:00,daily_dip,62.22897733491121,1.2170511850249035,1.2300922418424591,0.5809698078682525,1,0,8.91615824300578,1.722477931300533,3,0.539227895392279,0.2416213045630546,14,0.0,28.523196025905392,36.5189238460619,107.3464561860238,1.0,0.19053549190535493,0.27023661270236615,0.19053549190535493,2.0,2.0,3.407192123475238,5.911995990334803,54.60253230180533,41.937129925141925,1,1,1,-0.8136840721428161,-0.06865107662615738,-0.4923745249826861,11.0,0,26531.5,26370.480315720964,26853.53936855807,-3.4017580052559815,1.5929729408455668,-1.0,6,1
2025-10-30 15:00:00+00:00,daily_dip,62.22897733491121,1.2170511850249035,1.2300922418424591,0.5809698078682525,1,0,8.91615824300578,1.722477931300533,3,0.23076923076923078,0.24212831668955861,15,0.0,26.771064319772563,35.22531102531909,107.57170931559352,1.0,0.2171945701357466,0.5520361990950227,0.2171945701357466,2.0,3.0,3.135117979863805,5.811441993984756,54.60253230180533,41.937129925141925,1,1,1,-0.8722063013979011,-0.12717330588124234,-0.5508967542377711,12.0,0,26506.5,26345.14243602661,26829.21512794678,-3.239699380229914,1.7445726935145305,-1.0,29,1
2025-10-30 17:00:00+00:00,daily_dip,62.22897733491121,1.2170511850249035,1.2300922418424591,0.5809698078682525,1,0,8.91615824300578,1.722477931300533,3,0.06818181818181818,0.2378742449894635,17,0.0,39.76528699623967,41.89466297589852,105.68172895069034,0.95,0.8928571428571429,0.03896103896103896,0.8928571428571429,2.0,3.0,2.112474901921461,5.790177127577044,54.60253230180533,41.937129925141925,1,1,1,-0.6988904686039956,0.04614252691266316,-0.37758092144386557,14.0,0,26582.5,26423.977406573966,26899.54518685207,-3.777064121016751,1.296345180574434,-1.0,2,1
2025-10-30 18:00:00+00:00,daily_dip,62.22897733491121,1.2170511850249035,1.2300922418424591,0.5809698078682525,1,0,8.91615824300578,1.722477931300533,3,0.8463611859838275,0.23583533551418012,18,0.0,32.11937782107309,37.43965319782167,104.77589116849818,0.9333333333333333,0.1509433962264151,0.0026954177897574125,0.1509433962264151,2.0,4.0,2.8847285060446635,5.754289161354394,54.60253230180533,41.937129925141925,1,1,1,-0.8767080113406,-0.1316750158239412,-0.5553984641804699,15.0,0,26503.75,26346.58616324725,26818.077673505497,-3.308649182560162,1.8086221733513963,-1.0,26,1
2025-10-30 19:00:00+00:00,daily_dip,62.22897733491121,1.2170511850249035,1.2300922418424591,0.5809698078682525,1,0,8.91615824300578,1.722477931300533,3,0.9362549800796812,0.239167261470621,19,0.0,24.071119370126183,31.98083890326926,106.2561846564626,0.95,0.02390438247011952,0.0398406374501992,0.02390438247011952,3.0,4.0,3.952711094962652,5.556488413178685,54.60253230180533,41.937129925141925,1,1,1,-1.1417461842169945,-0.3967131887003357,-0.8204366370568643,16.0,1,26386.5,26227.115723015308,26705.268553969385,-2.5269117357082904,2.5190690549643167,2.0,4,1
2025-10-30 22:00:00+00:00,daily_dip,62.22897733491121,1.2170511850249035,1.2300922418424591,0.5809698078682525,1,0,8.91615824300578,1.722477931300533,3,0.14146341463414633,0.2586507426542385,22,0.0,55.04907206090377,50.354426956918026,114.91222044358254,0.9833333333333333,0.2682926829268293,0.5902439024390244,0.2682926829268293,2.0,4.0,1.2030922339358625,5.080906268418418,54.60253230180533,41.937129925141925,1,1,1,-0.5171339296675297,0.227899065849129,-0.19582438250739972,18.0,0,26664.0,26491.631669334627,27008.736661330746,-4.301834316882202,0.7193896902136117,-1.0,18,1
2025-11-03 01:00:00+00:00,daily_dip,58.35853530856131,1.2047036982043262,0.5704445409746942,0.22233201581027667,1,0,8.482844053602857,1.7641748129862012,0,0.7746478873239436,0.29314304778860595,1,0.0,57.195537183098175,52.15245607464728,130.01297367802735,0.9666666666666667,0.04225352112676056,0.18309859154929578,0.04225352112676056,1.0,1.0,0.7230047689916528,3.391336511745343,42.48786701473946,36.64403297171812,1,1,1,-0.008455205646858116,0.17248619519590555,0.018601452423087854,13.0,0,26604.5,26409.48053948296,26994.53892103408,-4.13676664811361,0.9037559612395708,-1.0,27,1
2025-11-03 05:00:00+00:00,daily_dip,58.35853530856131,1.2047036982043262,0.5704445409746942,0.22233201581027667,1,0,8.482844053602857,1.7641748129862012,0,0.5038167938931297,0.23718844683269413,5,0.0,55.0211987118037,51.16907800755343,105.19633853649884,0.7166666666666667,0.3816793893129771,0.11450381679389313,0.3816793893129771,2.0,4.0,0.5252083938342635,4.085481374488796,42.48786701473946,36.64403297171812,1,1,1,-0.05636803764572077,0.1245733631970429,-0.0293113795757748,17.0,0,26583.0,26425.20549219525,26898.589015609497,-4.976408944293867,1.2532121855894458,-1.0,22,1
2025-11-03 06:00:00+00:00,daily_dip,58.35853530856131,1.2047036982043262,0.5704445409746942,0.22233201581027667,1,0,8.482844053602857,1.7641748129862012,0,0.39800995024875624,0.22833925460663732,6,0.0,52.73646387331554,50.18006841870315,101.27160006960607,0.6666666666666666,0.3283582089552239,0.2736318407960199,0.3283582089552239,2.0,4.0,0.7405827492451087,4.2073587457429795,42.48786701473946,36.64403297171812,1,1,1,-0.10089878738584018,0.0800426134569235,-0.0738421293158942,18.0,0,26563.25,26411.34259989559,26867.06480020882,-5.039254173752242,1.431793315207201,-1.0,22,1
2025-12-07 23:00:00+00:00,daily_dip,56.29287460386686,1.083188472814133,0.1189216717974833,0.5096153846153846,1,0,6.561425930748131,1.077366536280399,6,0.057692307692307696,0.2789231772995538,23,0.0,57.8008874402825,54.460891187439024,121.96267509824682,1.0,0.5096153846153846,0.4326923076923077,0.5096153846153846,1.0,2.0,1.0023558428963757,2.3626330814665066,19.258890813073958,19.072745988093082,1,1,1,1.2017949717226437,1.2017949717226437,1.2017949717226437,9.0,0,26260.75,26077.80598735263,26626.638025294742,-1.2162190868135934,0.6778029966961149,-1.0,38,1
2025-12-11 16:00:00+00:00,daily_dip,54.870131720029796,1.0235886887184962,1.17183431841651,0.6024973985431842,1,0,6.634764387088585,1.1543337031905412,3,0.22889305816135083,0.24477992931229764,16,0.0,41.97923771928404,43.13033005216563,100.36978281494056,1.0,0.33583489681050654,0.4352720450281426,0.33583489681050654,2.0,3.0,1.9926315908121002,1.3909403874825512,20.829285695739237,19.861738385868374,1,1,1,-0.8999102257974864,-0.06706648024236009,-0.5572614812865193,19.0,1,26015.75,25865.19532577759,26316.85934844482,-4.481760553001558,2.402781593254262,2.0,5,1
2025-12-11 23:00:00+00:00,daily_dip,54.870131720029796,1.0235886887184962,1.17183431841651,0.6024973985431842,1,0,6.634764387088585,1.1543337031905412,3,0.5680473372781065,0.26738830641571687,23,0.0,52.404477078262424,52.20255006151532,109.64014213747043,1.0,0.26331360946745563,0.16863905325443787,0.26331360946745563,1.0,1.0,1.7420626813901599,1.326240336517736,20.829285695739237,19.861738385868374,1,1,1,-0.4834883530199232,0.34935539253520304,-0.1408396085089562,1.0,0,26187.0,26022.539786793794,26515.920426412413,-5.14410132096359,0.19761618549801027,-1.0,15,1
2026-01-29 15:00:00+00:00,daily_dip,55.860803159965734,0.9223737885668883,2.2621046558608526,0.585431352802954,1,0,5.852366150752746,0.5799368877909638,3,0.8646616541353384,0.30427008894464497,15,0.0,7.852913448017063,17.221213556469493,100.17447608112052,1.0,0.12255639097744361,0.012781954887218045,0.12255639097744361,2.0,3.0,7.027738277661729,3.091280636779375,10.325665732312336,8.830866927387252,0,1,1,-2.345633193002408,-1.2741898665775464,-1.801938351244647,32.0,1,25576.75,25426.48828587832,25877.27342824336,-2.6387293817167574,3.0846180792577984,2.0,2,1
2026-01-29 21:00:00+00:00,daily_dip,55.860803159965734,0.9223737885668883,2.2621046558608526,0.585431352802954,1,0,5.852366150752746,0.5799368877909638,3,0.10840108401084012,0.34641153525992335,21,0.0,52.65729369279138,46.933482206254936,114.04865385710849,0.9833333333333333,0.37398373983739835,0.5176151761517616,0.37398373983739835,1.0,1.0,2.099980945852017,2.243081117391411,10.325665732312336,8.830866927387252,1,1,1,-1.1132075949956395,-0.041764268570777745,-0.5695127532378783,38.0,0,25994.5,25823.427019214338,26336.645961571325,-4.759664537675738,0.19436149324865615,-1.0,3,1
2026-01-29 23:00:00+00:00,daily_dip,55.860803159965734,0.9223737885668883,2.2621046558608526,0.585431352802954,1,0,5.852366150752746,0.5799368877909638,3,0.16666666666666666,0.3509570814793054,23,0.0,51.51101290716411,46.36663907095641,115.54517858160074,0.9833333333333333,0.6518518518518519,0.1814814814814815,0.6518518518518519,2.0,2.0,2.163655836348412,2.175980138067199,10.325665732312336,8.830866927387252,1,1,1,-1.1451003091769607,-0.07365698275209893,-0.6014054674191995,39.0,0,25971.5,25798.182232127598,26318.135535744805,-4.565313814695118,0.32454837545225956,-1.0,2,1
2026-02-02 01:00:00+00:00,daily_dip,54.9739045724428,0.9611994699751057,2.3230047887339547,0.9614902943018159,0,2,5.40918881875497,0.5075711785294913,0,0.8244514106583072,0.36920024051116324,1,0.0,22.593093587526994,29.084189283615075,126.90735442212942,1.0,0.03761755485893417,0.13793103448275862,0.03761755485893417,1.0,1.0,3.640450958131698,0.30916133150368313,1.2362151603912934,4.266500034234196,0,0,1,-0.4756559586199143,0.09891316570689349,-0.3672878579557442,66.0,0,25407.25,25216.888968366806,25787.97206326639,-3.2740419331249346,3.2595956991640946,-1.0,3,1
2026-02-02 02:00:00+00:00,daily_dip,54.9739045724428,0.9611994699751057,2.3230047887339547,0.9614902943018159,0,2,5.40918881875497,0.5075711785294913,0,0.4343163538873995,0.3622062164035756,2,0.0,20.60289853880053,27.642480240429535,124.50325767769161,0.9833333333333333,0.10723860589812333,0.4584450402144772,0.10723860589812333,2.0,2.0,3.4456929722319054,0.19460958404940049,1.2362151603912934,4.266500034234196,0,0,1,-0.593478994241361,-0.01890986991455317,-0.4851108935771909,67.0,1,25366.75,25179.995113483463,25740.259773033074,-3.1204002790491763,3.53939868631747,2.0,12,1
2026-02-02 03:00:00+00:00,daily_dip,54.9739045724428,0.9611994699751057,2.3230047887339547,0.9614902943018159,0,2,5.40918881875497,0.5075711785294913,0,0.6898608349900597,0.36246529041601316,3,0.0,16.88580872026101,24.80601886877379,124.59231070071364,0.9833333333333333,0.1411530815109344,0.16898608349900596,0.1411530815109344,3.0,3.0,4.023121468579753,0.057251570809580564,1.2362151603912934,4.266500034234196,0,0,1,-0.8458530273317436,-0.2712839030049358,-0.7374849266675735,68.0,1,25280.75,25093.86153394893,25654.52693210214,-2.6580024465728935,3.997036391726123,2.0,11,1
2026-03-05 15:00:00+00:00,daily_dip,50.09545635203241,1.1195609246022036,1.1079108533074629,0.6108742004264393,1,0,1.9256877115390132,0.20842052850427265,3,0.3726372637263726,0.2853748300429559,15,0.0,49.7487563433977,52.979469827756404,120.80466121492479,0.6833333333333333,0.5445544554455446,0.08280828082808281,0.5445544554455446,2.0,4.0,1.0326588290997814,0.0007286382369943287,-11.881582548304868,-7.570227748234174,0,0,1,-0.3194988121744869,1.3778017168263919,-0.2126054942381059,15.0,0,25081.75,24900.543008177614,25444.163983644772,-5.975210940322219,0.7505229165401264,-1.0,2,1
2026-03-05 16:00:00+00:00,daily_dip,50.09545635203241,1.1195609246022036,1.1079108533074629,0.6108742004264393,1,0,1.9256877115390132,0.20842052850427265,3,0.25573770491803277,0.2907229277948964,16,0.0,45.44104087214533,50.39668125559092,123.0686139852873,0.7166666666666667,0.6737704918032786,0.07049180327868852,0.6737704918032786,2.0,4.0,1.3447782878239396,0.020661866570974033,-11.881582548304868,-7.570227748234174,0,0,1,-0.41162785967766613,1.2856726693232126,-0.3047345417412851,16.0,0,25043.0,24858.39707902207,25412.20584195586,-5.655381802570799,0.9466264080452559,-1.0,1,1
2026-04-08 07:00:00+00:00,daily_dip,61.96215059212523,1.16564965322045,0.7062237861981445,0.30083144368858655,1,0,1.6604406400151202,0.6403725172758797,2,0.543778801843318,0.23113371801912838,7,0.0,78.16128090323706,75.10938339664813,108.24823339124679,0.75,0.11059907834101383,0.3456221198156682,0.11059907834101383,2.0,3.0,0.5658290955993821,2.9980082272994752,2.029563436892931,-5.576834864599368,1,1,1,0.11743706195282826,2.5627969747069477,0.19430495704922493,1.0,0,25142.0,24979.62764991313,25466.74470017374,-1.4011006176746694,1.548909034484305,-1.0,7,1
2026-04-08 13:00:00+00:00,daily_dip,61.96215059212523,1.16564965322045,0.7062237861981445,0.30083144368858655,1,0,1.6604406400151202,0.6403725172758797,2,0.7068273092369478,0.2202031558984872,13,0.0,49.68749764993501,63.7711113352668,103.129058007953,0.6833333333333333,0.08701472556894244,0.20615796519410978,0.08701472556894244,1.0,2.0,1.7065995113271315,4.138710913105281,2.029563436892931,-5.576834864599368,1,1,1,-0.011743706195282826,2.4336162065588365,0.06512418890111385,1.0,1,25081.0,24926.30641298807,25390.38717402386,-1.0763212827119908,2.290010897301638,2.0,48,1
2026-04-08 14:00:00+00:00,daily_dip,61.96215059212523,1.16564965322045,0.7062237861981445,0.30083144368858655,1,0,1.6604406400151202,0.6403725172758797,2,0.48614958448753465,0.23200343655831668,14,0.0,38.44052993874431,57.106371124226605,108.65555386452779,0.75,0.3698060941828255,0.1440443213296399,0.3698060941828255,2.0,2.0,2.429696325777846,4.002139581964083,2.029563436892931,-5.576834864599368,1,1,1,-0.19964300531980803,2.245716907434311,-0.12277511022341137,2.0,1,24992.75,24829.766669203207,25318.716661593586,-0.4801104482124118,2.7518151568468587,2.0,44,1
2026-04-08 17:00:00+00:00,daily_dip,61.96215059212523,1.16564965322045,0.7062237861981445,0.30083144368858655,1,0,1.6604406400151202,0.6403725172758797,2,0.5190217391304348,0.22798426908410555,17,0.0,51.59633497389487,60.59163020822174,106.77323317797651,0.6666666666666666,0.32065217391304346,0.16032608695652173,0.32065217391304346,1.0,3.0,1.5242584227895188,4.3679765704300415,2.029563436892931,-5.576834864599368,1,1,1,0.016547949638807617,2.461907862392927,0.0934158447352043,5.0,0,25094.0,24933.840150233034,25414.31969953393,-1.1207552970433883,3.098466942383183,-1.0,50,1
2026-04-08 18:00:00+00:00,daily_dip,61.96215059212523,1.16564965322045,0.7062237861981445,0.30083144368858655,1,0,1.6604406400151202,0.6403725172758797,2,0.76775956284153,0.23961004510714679,18,0.0,36.796228325327995,51.44169448349477,112.21800223669247,0.7833333333333333,0.025956284153005466,0.2062841530054645,0.025956284153005466,2.0,3.0,2.7067849538020146,4.196429349300209,2.029563436892931,-5.576834864599368,1,1,1,-0.28451797282207936,2.1608419399320398,-0.2076500777256827,6.0,1,24953.5,24785.17299664496,25290.15400671008,-0.23169188081926562,3.8407384858885956,2.0,29,1
2026-04-08 20:00:00+00:00,daily_dip,61.96215059212523,1.16564965322045,0.7062237861981445,0.30083144368858655,1,0,1.6604406400151202,0.6403725172758797,2,0.7016129032258065,0.23708933090407416,20,0.0,47.231854111953034,55.12669108282648,111.03746111225014,0.7333333333333333,0.08870967741935484,0.20967741935483872,0.08870967741935484,2.0,3.0,1.9678043590992564,4.373652885947087,2.029563436892931,-5.576834864599368,1,1,1,-0.10249052679519557,2.342869385958924,-0.025622631698798894,8.0,1,25038.75,24872.193808331624,25371.862383336753,-0.7459944824350293,3.4823082479864547,2.0,39,1
2026-04-08 22:00:00+00:00,daily_dip,61.96215059212523,1.16564965322045,0.7062237861981445,0.30083144368858655,1,0,1.6604406400151202,0.6403725172758797,2,0.06726457399103139,0.2286571270133548,22,0.0,46.833992851446226,54.89769378255961,107.08835674708942,0.6166666666666667,0.43946188340807174,0.49327354260089684,0.43946188340807174,2.0,4.0,2.0753890222154388,4.589951083455615,2.029563436892931,-5.576834864599368,1,1,1,-0.11049759920107022,2.334862313553049,-0.033629704104673544,9.0,1,25034.25,24873.617464879368,25355.515070241265,-0.7454903199409119,3.6387398079788142,2.0,37,1
2026-04-08 23:00:00+00:00,daily_dip,61.96215059212523,1.16564965322045,0.7062237861981445,0.30083144368858655,1,0,1.6604406400151202,0.6403725172758797,2,0.25,0.21735749202466495,23,0.0,45.75481871084312,54.31454349265786,101.79633126515446,0.5333333333333333,0.11363636363636363,0.6363636363636364,0.11363636363636363,3.0,4.0,2.2716928707150603,4.879790778571887,2.029563436892931,-5.576834864599368,1,1,1,-0.1297145729751694,2.31564533977895,-0.052846677878772716,10.0,1,25026.5,24873.805503102267,25331.888993795466,-0.7334907431209636,3.878659755476703,2.0,36,1
2026-04-21 23:00:00+00:00,rsi_2300,72.3360539834838,1.0437939925839164,0.8396741467880394,0.6338329764453962,1,0,5.737107805939069,0.08014031216962463,1,0.803680981595092,0.21708843816986848,23,0.0,55.469271507680936,52.07912701880362,90.55325302065083,0.9333333333333333,0.9202453987730062,0.07975460122699386,0.1165644171779141,0.0,1.0,1.2285588456400263,10.64741856569961,71.71657377614028,34.721683261054565,1,1,1,-0.1252618819976447,0.4908587624692393,-0.05573854079321033,11.0,1,26774.0,26638.170120469025,27045.65975906195,-0.6920421362706443,5.070681078259641,2.0,18,2
2026-04-23 17:00:00+00:00,daily_dip,74.56516310235531,1.0451949364796826,1.1382862269800613,0.8419117647058824,1,0,6.37084800137113,0.25641763806498813,3,0.49850746268656715,0.2628043344784436,17,0.0,30.311785660103396,40.956910158700765,109.89754619417911,1.0,0.47582089552238804,0.025671641791044777,0.47582089552238804,3.0,3.0,2.518254588787702,8.049686418455478,72.72025899135406,36.69896261558679,1,1,1,-0.6187637840989304,0.2648428563824407,-0.5189246034762044,2.0,1,26879.25,26714.403680708732,27208.942638582535,-0.22748460603321738,4.020411270627062,2.0,17,1
2026-04-23 18:00:00+00:00,daily_dip,74.56516310235531,1.0451949364796826,1.1382862269800613,0.8419117647058824,1,0,6.37084800137113,0.25641763806498813,3,0.12567324955116696,0.26781806405455916,18,0.0,28.749222492387233,39.708063323352704,111.99415003745203,1.0,0.13285457809694792,0.7414721723518851,0.13285457809694792,3.0,4.0,2.627369375111108,7.829185758908363,72.72025899135406,36.69896261558679,1,1,1,-0.6606125424437855,0.22299409803758555,-0.5607733618210596,3.0,1,26860.25,26692.25877494382,27196.23245011236,-0.11012479963648858,4.058247683901411,2.0,16,1
2026-04-23 23:00:00+00:00,rsi_2300,74.56516310235531,1.0451949364796826,1.1382862269800613,0.8419117647058824,1,0,6.37084800137113,0.25641763806498813,3,0.7908163265306123,0.2507315008352453,23,0.0,63.72297934544226,58.74067792587575,104.84901913837119,0.9166666666666666,0.9948979591836735,0.00510204081632653,0.20408163265306123,0.0,1.0,0.7176986548695432,8.2339378797843,72.72025899135406,36.69896261558679,1,1,1,-0.13690522372816913,0.746701416753202,-0.037066043105443175,7.0,1,27081.0,26923.726471292444,27395.54705741511,-0.4482636116793192,2.9311989359456194,2.0,16,2
2026-04-28 23:00:00+00:00,rsi_2300,70.23792800866153,0.9429403351028476,1.3653903517914419,0.4740740740740741,1,0,7.366995551786721,0.760601985106004,1,0.6546762589928058,0.21272681905096588,23,0.0,58.69208144638734,49.18184892807827,78.87338005813092,0.8333333333333334,0.9496402877697842,0.050359712230215826,0.2949640287769784,0.0,1.0,0.05705346970908853,8.794358878897096,77.93480487904162,42.9780162746174,1,1,1,-0.7976576721823584,-0.13957323596090296,-0.656061635700283,43.0,0,27246.75,27128.439929912805,27483.37014017439,-1.333360718016126,5.7433826173816644,-1.0,14,2
2026-04-29 20:00:00+00:00,daily_dip,73.29047934007147,0.9587392239149033,1.2384166925738223,0.9882415820416889,0,1,7.985809857210267,0.8302101546049029,2,0.578416149068323,0.26667694413043985,20,0.0,36.43518818396707,41.38701945610785,100.72388507439113,1.0,0.19021739130434784,0.23136645962732919,0.19021739130434784,1.0,2.0,1.8664887664048084,5.846716159286523,75.74520468770643,42.56459020977345,1,1,1,-0.9590944882626768,0.3812549518559709,-0.2541699679039806,0.0,1,27150.5,26999.414172388413,27452.671655223174,0.0,5.400903664490504,2.0,2,1
2026-04-29 23:00:00+00:00,rsi_2300,73.29047934007147,0.9587392239149033,1.2384166925738223,0.9882415820416889,0,1,7.985809857210267,0.8302101546049029,2,0.763855421686747,0.29455231910272045,23,0.0,73.10114155071211,66.33305649123966,111.25241454389116,0.9833333333333333,0.946987951807229,0.05301204819277108,0.18313253012048192,0.0,1.0,-0.46066415915657194,5.294787278591304,75.74520468770643,42.56459020977345,1,1,1,0.10259464850290885,1.4429440886215568,0.8075191688616051,0.0,0,27552.0,27385.12137818416,27885.757243631677,-2.331035550073557,2.48384122237915,-1.0,5,2
2026-04-30 02:00:00+00:00,daily_dip,73.69534064356141,0.9759385040140346,1.2585493872201143,0.8881443298969072,0,2,7.884354883572465,0.8923336613580456,3,0.7571251548946716,0.28809616713271047,2,0.0,53.905819266727455,55.654497878624795,111.02197695077584,0.9666666666666667,0.20446096654275092,0.03841387856257745,0.20446096654275092,2.0,2.0,1.7609126172080276,5.406045357625352,73.97480450387448,42.32766763136169,1,1,1,-0.3353969243261851,0.8783896238639355,-0.32112471478039,2.0,0,27426.75,27260.217034573838,27759.815930852325,-1.5837705124931678,3.241100034571326,-1.0,2,1
2026-04-30 03:00:00+00:00,daily_dip,73.69534064356141,0.9759385040140346,1.2585493872201143,0.8881443298969072,0,2,7.884354883572465,0.8923336613580456,3,0.33170731707317075,0.27701722973001036,3,0.0,52.06395931798868,54.516145257564915,106.75255002572042,0.9333333333333333,0.14634146341463414,0.5219512195121951,0.14634146341463414,3.0,3.0,1.9976103610510532,5.614693400423525,73.97480450387448,42.32766763136169,1,1,1,-0.38145723695125117,0.8323293112388694,-0.36718502740545605,3.0,0,27410.25,27250.12117496142,27730.50765007716,-1.5440692825943672,3.473765575098551,-1.0,1,1
2026-04-30 04:00:00+00:00,daily_dip,73.69534064356141,0.9759385040140346,1.2585493872201143,0.8881443298969072,0,2,7.884354883572465,0.8923336613580456,3,0.9819694868238558,0.29064022982240667,4,0.0,37.28489303704143,44.72084820848905,112.00236788102612,1.0,0.013869625520110958,0.004160887656033287,0.013869625520110958,3.0,4.0,3.479837144282608,5.29316096905369,73.97480450387448,42.32766763136169,1,1,1,-0.8394654160117669,0.3743211321783536,-0.8251932064659718,4.0,1,27233.5,27065.49644817846,27569.50710364308,-0.419633985327212,4.363002996380801,2.0,14,1
2026-04-30 05:00:00+00:00,daily_dip,73.69534064356141,0.9759385040140346,1.2585493872201143,0.8881443298969072,0,2,7.884354883572465,0.8923336613580456,3,0.10919540229885058,0.2860059566595617,5,0.0,36.64881045914807,44.27189376243013,110.21648446095283,0.9333333333333333,0.02586206896551724,0.8649425287356322,0.02586206896551724,3.0,5.0,3.620148128943058,5.318237729234268,73.97480450387448,42.32766763136169,1,1,1,-0.8634686775206042,0.35031787066951636,-0.8491964679748091,5.0,1,27224.0,27058.67527330857,27554.64945338286,-0.36897082015960925,4.491161212598523,2.0,13,1
2026-04-30 13:00:00+00:00,daily_dip,73.69534064356141,0.9759385040140346,1.2585493872201143,0.8881443298969072,0,2,7.884354883572465,0.8923336613580456,3,0.8223048327137547,0.3217324488469012,13,0.0,38.6685217083955,44.856571154460966,123.98419901137848,1.0,0.12713754646840147,0.05055762081784387,0.12713754646840147,1.0,1.0,2.429745099795767,4.5936715972896245,73.97480450387448,42.32766763136169,1,1,1,-0.803136155349743,0.4106503928403775,-0.7888639458039479,13.0,1,27247.25,27061.273701482933,27619.202597034135,-0.45301471570189494,4.649786058198381,2.0,6,1
2026-04-30 16:00:00+00:00,daily_dip,73.69534064356141,0.9759385040140346,1.2585493872201143,0.8881443298969072,0,2,7.884354883572465,0.8923336613580456,3,0.2023121387283237,0.32569758597307946,16,0.0,50.18151766835286,51.162991339891086,125.51222129300238,0.9666666666666667,0.25722543352601157,0.5404624277456648,0.25722543352601157,1.0,2.0,1.41619675095265,4.483345171752642,73.97480450387448,42.32766763136169,1,1,1,-0.4826601773668892,0.7311263708232314,-0.4683879678210941,16.0,1,27370.75,27182.481668060496,27747.286663879007,-0.0066394596856664285,4.1655970067871175,2.0,20,1
2026-04-30 23:00:00+00:00,rsi_2300,73.69534064356141,0.9759385040140346,1.2585493872201143,0.8881443298969072,0,2,7.884354883572465,0.8923336613580456,3,0.2903225806451613,0.28465053465200385,23,0.0,66.57624422495118,60.87315865808281,109.69415321170597,0.7333333333333333,0.3709677419354839,0.6290322580645161,0.08064516129032258,1.0,1.0,0.4945568967135318,5.309982076105188,73.97480450387448,42.32766763136169,1,1,1,0.09601304603534892,1.3097995942254694,0.11028525558114403,1.0,1,27594.25,27429.708770182442,27923.332459635116,-0.3600921183444171,5.285909197131761,2.0,25,2
2026-05-04 23:00:00+00:00,rsi_2300,73.37734259843201,0.8842624011958741,1.0267913375212916,0.37402413058907025,2,0,9.05198995285824,1.3384365702063026,0,0.18055555555555555,0.2382618327272828,23,0.0,39.56706137135331,44.64269532189516,81.73786387874063,0.45,0.5138888888888888,0.3055555555555556,0.5138888888888888,3.0,4.0,2.3856752641503514,8.148979267269851,73.80326943408508,44.684806751121506,1,1,1,-0.5254198398529818,-0.20040285153893203,-0.22663740664948312,17.0,1,27746.75,27624.143204181888,27991.963591636224,-0.05301500587000735,9.773112428267124,2.0,13,2
2026-05-06 23:00:00+00:00,rsi_2300,81.4339014925004,0.9752943221403256,1.4397907608537914,0.765292251925691,0,2,10.381373911803879,1.3914152414503673,2,0.16981132075471697,0.22963348527697477,23,0.0,68.90351835009076,71.35680079105458,87.9990891360061,0.75,0.42138364779874216,0.4088050314465409,0.42138364779874216,1.0,1.0,1.4716061412846282,10.108977874621077,80.94238750912628,49.46282628837871,1,1,1,0.5388614265814371,2.4274859180502752,0.7835019047509757,2.0,1,28670.0,28538.00136629599,28933.99726740802,-0.9697070068696588,5.8125601642245766,2.0,15,2
2026-05-07 23:00:00+00:00,rsi_2300,81.49558401878683,0.9786399310625419,1.0477640242815798,0.3411910669975186,0,3,10.29751945527171,1.4804816799376959,3,0.8801369863013698,0.2588492359275012,23,0.0,47.537565605228345,51.345870512520655,99.56081680730496,0.9833333333333333,0.9931506849315068,0.00684931506849315,0.11301369863013698,1.0,2.0,2.6667117498027575,9.625338718798941,84.80150956759171,52.03484953019288,1,1,1,-0.31328924299238303,1.1212115024104994,0.023399196572045207,8.0,1,28679.75,28530.40877478904,28978.43245042192,0.0,5.361881817086083,2.0,14,2
2026-05-12 15:00:00+00:00,daily_dip,74.7338030246832,0.9597495162806695,1.832364664528431,0.49563636363636365,1,0,11.227800400941167,2.0452607076173397,1,0.8472906403940886,0.277469485647761,15,0.0,13.773561021734949,23.200312707357824,104.106063097396,1.0,0.06773399014778325,0.08497536945812807,0.06773399014778325,3.0,4.0,4.432979081806653,9.5501232159034,106.21531225603394,66.62678446570935,1,1,1,-1.7024333519527788,-1.080095680436577,-1.562507323025153,22.0,1,28841.75,28685.590905353907,29154.068189292186,-0.6435744279112631,6.032309563108556,2.0,4,1
2026-05-12 16:00:00+00:00,daily_dip,74.7338030246832,0.9597495162806695,1.832364664528431,0.49563636363636365,1,0,11.227800400941167,2.0452607076173397,1,0.5360230547550432,0.29068039452182304,16,0.0,11.325163315048783,20.532993456825324,109.06277287615343,1.0,0.043227665706051875,0.4207492795389049,0.043227665706051875,3.0,4.0,5.015460230606346,8.920732847797504,106.21531225603394,66.62678446570935,1,1,1,-1.9503023174817156,-1.327964645965514,-1.81037628855409,23.0,1,28749.5,28585.90584068577,29076.68831862846,-0.0030563438333981296,6.322047219384031,2.0,3,1
2026-05-12 20:00:00+00:00,daily_dip,74.7338030246832,0.9597495162806695,1.832364664528431,0.49563636363636365,1,0,11.227800400941167,2.0452607076173397,1,0.5353535353535354,0.31472638213445536,20,0.0,54.8529949808795,48.798049694855806,118.0847851446225,0.9833333333333333,0.43097643097643096,0.03367003367003367,0.43097643097643096,1.0,2.0,1.374012746869013,7.878799024515146,106.21531225603394,66.62678446570935,1,1,1,-0.924844419769259,-0.30250674825305734,-0.7849183908416334,27.0,1,29148.0,28970.872822283065,29502.25435543387,-0.5179893971247297,3.5892289833465605,2.0,21,1
2026-05-12 22:00:00+00:00,daily_dip,74.7338030246832,0.9597495162806695,1.832364664528431,0.49563636363636365,1,0,11.227800400941167,2.0452607076173397,1,0.09345794392523364,0.30247861205663357,22,0.0,55.61898962801824,49.3112279479119,113.48944334857804,0.95,0.17289719626168223,0.7336448598130841,0.17289719626168223,2.0,2.0,1.3459401640629678,8.135072476481552,106.21531225603394,66.62678446570935,1,1,1,-0.8995244716775934,-0.27718680016139174,-0.7595984427499678,28.0,1,29143.0,28972.765834977134,29483.468330045733,-0.5095921843206238,3.7639330501837427,2.0,19,1
2026-05-12 23:00:00+00:00,daily_dip,74.7338030246832,0.9597495162806695,1.832364664528431,0.49563636363636365,1,0,11.227800400941167,2.0452607076173397,1,0.7625,0.2961030408746428,23,0.0,49.346932951424925,46.11515745800135,111.09734025225103,0.9166666666666666,0.05,0.1875,0.05,3.0,3.0,1.9239884547611306,8.229420588588392,106.21531225603394,66.62678446570935,1,1,1,-1.062105191003025,-0.43976751948682347,-0.9221791620753995,29.0,1,29082.0,28915.353989621624,29415.29202075675,-0.15451915075274658,4.211021904494754,2.0,9,1
2026-05-13 13:00:00+00:00,daily_dip,79.08832655779848,0.9943265602690504,1.5164319967659383,0.9721518987341772,0,1,12.10880110391229,2.0611106316426446,2,0.2908496732026144,0.2603556379226735,13,0.0,33.14507429743007,44.432201313255305,101.72610166375581,0.8,0.4128540305010893,0.2962962962962963,0.4128540305010893,3.0,4.0,2.7352861797429737,8.611233511377025,104.37745687344432,66.48268972381484,1,1,1,-0.662239289726897,1.0973337023010903,0.2252253429795824,5.0,1,29169.5,29016.910847504365,29474.67830499127,-1.037098623406581,4.025515509810378,2.0,4,1
2026-05-13 15:00:00+00:00,daily_dip,79.08832655779848,0.9943265602690504,1.5164319967659383,0.9721518987341772,0,1,12.10880110391229,2.0611106316426446,2,0.07073170731707316,0.2786224899413184,15,0.0,53.45363037786829,53.73105219060939,108.8633223529323,0.8333333333333334,0.2780487804878049,0.651219512195122,0.2780487804878049,2.0,4.0,1.269941032589441,7.9920389504614135,104.37745687344432,66.48268972381484,1,1,1,-0.30392624407756147,1.455646747950426,0.583538388628918,7.0,1,29309.25,29145.9550164706,29635.839967058797,-2.3592274035205887,2.905784303622373,2.0,8,1
2026-05-13 23:00:00+00:00,rsi_2300,79.08832655779848,0.9943265602690504,1.5164319967659383,0.9721518987341772,0,1,12.10880110391229,2.0611106316426446,2,0.711864406779661,0.24535861411938908,23,0.0,81.70669351288673,70.20470745465504,95.86646758692517,0.6,0.7203389830508474,0.2796610169491525,0.00847457627118644,0.0,0.0,-0.24513263700565377,9.270430149621351,104.37745687344432,66.48268972381484,1,1,1,0.5208336056402842,2.280406597668272,1.4082982383467637,0.0,0,29631.75,29487.950298619613,29919.349402760774,-4.9217765628582235,1.0570258390031084,-1.0,10,2
2026-05-14 18:00:00+00:00,daily_dip,79.47261038302483,0.9857300861101355,0.8674282074835749,0.713859910581222,0,2,12.293273495168528,2.175674746448322,3,0.2459016393442623,0.2759281638921531,18,0.0,65.10150950456008,63.44626318645953,106.72226034057151,0.7166666666666667,0.7540983606557377,0.0,0.7540983606557377,2.0,2.0,0.7027587286912814,8.521090589779513,103.04696836860312,66.56125032334312,1,1,1,0.15512874053357523,1.6870250533026308,0.1977891441803084,2.0,0,29709.0,29548.916609489144,30029.16678102171,-5.58927442219138,0.18740232765101025,-1.0,7,1
2026-05-14 19:00:00+00:00,daily_dip,79.47261038302483,0.9857300861101355,0.8674282074835749,0.713859910581222,0,2,12.293273495168528,2.175674746448322,3,0.38495575221238937,0.26665326390003147,19,0.0,59.61192608986741,60.98210820655047,103.1349560305307,0.6166666666666667,0.15486725663716813,0.46017699115044247,0.15486725663716813,2.0,3.0,0.9356672433295402,8.825363650462524,103.04696836860312,66.56125032334312,1,1,1,0.09954094184237744,1.6314372546114329,0.14220134548911062,3.0,0,29686.75,29532.047565954203,29996.154868091595,-5.639859549602878,0.3377451707355305,-1.0,6,1
2026-05-14 23:00:00+00:00,rsi_2300,79.47261038302483,0.9857300861101355,0.8674282074835749,0.713859910581222,0,2,12.293273495168528,2.175674746448322,3,0.3504273504273504,0.23399703788488552,23,0.0,56.51390203309139,59.84180333901495,90.50432708215295,0.23333333333333334,0.21794871794871795,0.43162393162393164,0.21794871794871795,1.0,2.0,1.0607227642591994,10.074761287316717,103.04696836860312,66.56125032334312,1,1,1,0.1008336813468239,1.6327299941158793,0.1434940849935571,7.0,0,29687.5,29551.74350937677,29959.01298124646,-6.432473290898247,0.2946452122942226,-1.0,2,2
2026-05-15 05:00:00+00:00,daily_dip,67.14267295577238,1.0250466681612291,1.57639799143768,0.1304858934169279,1,0,10.405888113149583,2.137081772596432,4,0.9823609226594301,0.253209774384382,5,0.0,16.43010769509715,29.57719386341087,102.47909280187778,0.6,0.005427408412483039,0.012211668928086838,0.005427408412483039,3.0,4.0,4.469204278432174,8.540654474945011,97.97453823650139,64.72241368327741,1,1,1,-1.2422164423123725,-0.4132485330218683,-1.0050154906226902,13.0,0,29281.0,29127.281360797184,29588.437278405632,-4.020332233000136,1.3401107443333786,-1.0,8,1
2026-05-15 08:00:00+00:00,daily_dip,67.14267295577238,1.0250466681612291,1.57639799143768,0.1304858934169279,1,0,10.405888113149583,2.137081772596432,4,0.6156387665198237,0.28353337483288293,8,0.0,26.463058298334204,33.610331434601974,114.75166431695536,0.9833333333333333,0.3568281938325991,0.02753303964757709,0.3568281938325991,1.0,3.0,4.071836367526746,7.35331605491832,97.97453823650139,64.72241368327741,1,1,1,-1.2786613802021933,-0.44969347091168926,-1.041460428512511,16.0,0,29264.75,29092.622503524566,29609.004992950868,-3.4959551049177207,1.291194054122083,-1.0,5,1
2026-05-15 09:00:00+00:00,daily_dip,67.14267295577238,1.0250466681612291,1.57639799143768,0.1304858934169279,1,0,10.405888113149583,2.137081772596432,4,0.35476718403547675,0.2831801034928941,9,0.0,24.261879472938276,31.93457638484793,114.6086882943157,0.9833333333333333,0.4212860310421286,0.22394678492239467,0.4212860310421286,2.0,3.0,4.439017735667015,7.2389889728863475,97.97453823650139,64.72241368327741,1,1,1,-1.3812013749430456,-0.5522334656525415,-1.1440004232533634,17.0,0,29225.0,29053.086967558527,29568.826064882946,-3.2690947976345606,1.5240264003207382,-1.0,28,1
2026-05-15 11:00:00+00:00,daily_dip,67.14267295577238,1.0250466681612291,1.57639799143768,0.1304858934169279,1,0,10.405888113149583,2.137081772596432,4,0.7359413202933985,0.2901995096686685,11,0.0,33.58187819250615,36.64945135339232,117.44958327418038,0.9833333333333333,0.019559902200488997,0.24449877750611246,0.019559902200488997,2.0,3.0,3.725002573901666,6.86838847895451,97.97453823650139,64.72241368327741,1,1,1,-1.3089292099750955,-0.4799613006845914,-1.0717282582854133,19.0,0,29254.75,29078.575625088728,29607.098749822544,-3.358888035209589,1.3182961490112834,-1.0,26,1
2026-05-15 12:00:00+00:00,daily_dip,67.14267295577238,1.0250466681612291,1.57639799143768,0.1304858934169279,1,0,10.405888113149583,2.137081772596432,4,0.5553145336225597,0.2898113078487605,12,0.0,29.483900873350393,34.0425690501889,117.29247018316751,0.9666666666666667,0.43383947939262474,0.010845986984815618,0.43383947939262474,2.0,4.0,3.4763527391250704,6.756528660195335,97.97453823650139,64.72241368327741,1,1,1,-1.4652100453331414,-0.6362421360426372,-1.2280090936434591,20.0,0,29191.0,29015.06129472525,29542.877410549503,-3.0010451604464077,1.6824041050987437,-1.0,25,1
2026-05-15 13:00:00+00:00,daily_dip,67.14267295577238,1.0250466681612291,1.57639799143768,0.1304858934169279,1,0,10.405888113149583,2.137081772596432,4,0.2360939431396786,0.3048053606209013,13,0.0,26.636067681113104,32.190732834782764,123.36086517008411,1.0,0.2657601977750309,0.49814585908529047,0.2657601977750309,3.0,4.0,3.655940637074672,6.300330352067857,97.97453823650139,64.72241368327741,1,1,1,-1.5825750995545986,-0.7536071902640946,-1.3453741478649164,21.0,0,29143.25,28958.208702244872,29513.332595510255,-2.5953665793866905,1.8576934131476832,-1.0,25,1
2026-05-15 19:00:00+00:00,daily_dip,67.14267295577238,1.0250466681612291,1.57639799143768,0.1304858934169279,1,0,10.405888113149583,2.137081772596432,4,0.8322411533420708,0.34533443494205485,19,0.0,39.93690952680889,41.29397896014274,139.76379739744237,1.0,0.12057667103538663,0.047182175622542594,0.12057667103538663,2.0,2.0,1.8316617376388251,5.197357129584623,97.97453823650139,64.72241368327741,1,1,1,-1.3657586046507486,-0.5367906953602445,-1.1285576529610664,27.0,0,29231.0,29031.0,29631.0,-2.84,0.94375,-1.0,18,1
2026-05-15 20:00:00+00:00,daily_dip,67.14267295577238,1.0250466681612291,1.57639799143768,0.1304858934169279,1,0,10.405888113149583,2.137081772596432,4,0.4757085020242915,0.34246405680160735,20,0.0,35.757479967544256,38.859554582567654,138.60209758333937,0.9833333333333333,0.4979757085020243,0.02631578947368421,0.4979757085020243,3.0,3.0,2.270889153107842,5.1490294697257095,97.97453823650139,64.72241368327741,1,1,1,-1.5109206453983406,-0.6819527361078365,-1.2737196937086583,28.0,0,29172.75,28972.75,29572.75,-2.54875,1.235,-1.0,18,1
2026-05-18 13:00:00+00:00,daily_dip,66.09521550367062,0.9834346716789526,1.5712353315449943,0.5297274979355904,0,1,10.61503094662926,2.3916055588302023,0,0.5778364116094987,0.32164029245871484,13,0.0,55.63561264050634,53.66629330477934,123.9490948133474,0.8666666666666667,0.38522427440633245,0.036939313984168866,0.38522427440633245,1.0,3.0,1.4179208026057681,3.6219451214721543,81.41748685638376,58.1523437077798,1,1,1,-0.10314880995691746,0.6039719627037117,0.32696226552381386,1.0,0,29242.0,29056.076357779977,29613.847284440046,-3.1141816774157682,1.1900046565254554,-1.0,1,1
2026-05-18 14:00:00+00:00,daily_dip,66.09521550367062,0.9834346716789526,1.5712353315449943,0.5297274979355904,0,1,10.61503094662926,2.3916055588302023,0,0.4897025171624714,0.3594153523655356,14,0.0,42.47370714446737,44.79449499671452,138.50630232667973,0.9666666666666667,0.33714721586575136,0.17315026697177727,0.33714721586575136,2.0,3.0,2.4421271401947227,3.1851716979950675,81.41748685638376,58.1523437077798,1,1,1,-0.5248263349380266,0.18229443772260256,-0.09471525945729528,2.0,0,29082.25,28882.25,29482.25,-2.09625,2.3575,-1.0,2,1
2026-05-18 15:00:00+00:00,daily_dip,66.09521550367062,0.9834346716789526,1.5712353315449943,0.5297274979355904,0,1,10.61503094662926,2.3916055588302023,0,0.4668470906630582,0.3679867492801996,15,0.0,37.08782552233337,40.95790631578448,141.80942358905978,1.0,0.29499323410013534,0.2381596752368065,0.29499323410013534,3.0,3.0,2.9881653085901916,3.0386766390659994,81.41748685638376,58.1523437077798,1,1,1,-0.7466935865434716,-0.03957281388284255,-0.3165825110627404,3.0,0,28995.75,28795.75,29395.75,-1.66375,2.79,-1.0,22,1
2026-05-18 18:00:00+00:00,daily_dip,66.09521550367062,0.9834346716789526,1.5712353315449943,0.5297274979355904,0,1,10.61503094662926,2.3916055588302023,0,0.8325242718446602,0.38362990293710914,18,0.0,28.09620668785135,34.78273626657348,147.83775642316488,0.9833333333333333,0.13713592233009708,0.03033980582524272,0.13713592233009708,1.0,3.0,3.9046182380345567,2.6929310593769404,81.41748685638376,58.1523437077798,1,1,1,-1.1450166639871655,-0.4378958913265364,-0.7149055885064343,6.0,1,28842.25,28642.25,29242.25,-0.89625,3.5575,2.0,42,1
2026-05-18 20:00:00+00:00,daily_dip,66.09521550367062,0.9834346716789526,1.5712353315449943,0.5297274979355904,0,1,10.61503094662926,2.3916055588302023,0,0.5705521472392638,0.38588234376767633,20,0.0,50.01541582623352,48.01341888779755,148.7057695689534,0.9833333333333333,0.147239263803681,0.2822085889570552,0.147239263803681,2.0,2.0,2.3166552380488423,2.599345592957115,81.41748685638376,58.1523437077798,1,1,1,-0.5410447012834538,0.16607607137717528,-0.11093362580272255,8.0,0,29100.0,28900.0,29500.0,-2.185,2.515,-1.0,8,1
2026-05-18 23:00:00+00:00,daily_dip,66.09521550367062,0.9834346716789526,1.5712353315449943,0.5297274979355904,0,1,10.61503094662926,2.3916055588302023,0,0.32752613240418116,0.3629342718475811,23,0.0,53.997033240254495,50.74653584992907,139.86237274057717,0.8833333333333333,0.30313588850174217,0.3693379790940767,0.30313588850174217,2.0,3.0,2.0359299961839397,2.7120086224333373,81.41748685638376,58.1523437077798,1,1,1,-0.3859971190211691,0.32112365363946,0.04411395645956218,10.0,0,29134.75,28934.75,29534.75,-2.35875,2.34125,-1.0,3,1
2026-05-19 00:00:00+00:00,daily_dip,61.60429018914092,1.005783389412032,1.332550102339361,0.5455407969639469,1,0,9.811124767370773,2.359913731768696,1,0.45739910313901344,0.3485275663901199,0,0.0,49.11155475447457,48.22946157467138,137.8364889733931,0.8166666666666667,0.04708520179372197,0.49551569506726456,0.04708520179372197,2.0,3.0,2.4304159406198007,2.7118991501392316,72.44229129338855,54.08101016901128,1,1,1,-0.8495955111689285,0.6814463995834115,-0.12958860103395115,11.0,0,29083.25,28883.25,29483.25,-2.10125,2.59875,-1.0,9,1
2026-05-19 01:00:00+00:00,daily_dip,61.60429018914092,1.005783389412032,1.332550102339361,0.5455407969639469,1,0,9.811124767370773,2.359913731768696,1,0.6564705882352941,0.3428226898498602,1,0.0,42.90382918471004,44.93904692601583,135.5803111895793,0.7833333333333333,0.23058823529411765,0.11294117647058824,0.23058823529411765,3.0,4.0,2.1039190535647943,2.701034739890017,72.44229129338855,54.08101016901128,1,1,1,-1.0272267155130275,0.5038151952393125,-0.30721980537805005,12.0,0,29012.75,28812.75,29412.75,-1.74875,2.95125,-1.0,12,1
2026-05-19 02:00:00+00:00,daily_dip,61.60429018914092,1.005783389412032,1.332550102339361,0.5455407969639469,1,0,9.811124767370773,2.359913731768696,1,0.4782608695652174,0.33391307867825454,2,0.0,39.42766974414384,43.048097872929546,132.05671753318077,0.7,0.4811594202898551,0.04057971014492753,0.4811594202898551,3.0,4.0,1.6545920880177818,2.7073743165865185,72.44229129338855,54.08101016901128,1,1,1,-1.1334261544091435,0.39761575634319646,-0.4134192442741661,13.0,0,28972.0,28773.914923700228,29368.170152599545,-1.5599357900762507,3.204431206313593,-1.0,12,1
2026-05-19 04:00:00+00:00,daily_dip,61.60429018914092,1.005783389412032,1.332550102339361,0.5455407969639469,1,0,9.811124767370773,2.359913731768696,1,0.3448275862068966,0.3194347438704065,4,0.0,38.95946179942541,42.73276890024586,126.330792158712,0.65,0.6522988505747126,0.0028735632183908046,0.6522988505747126,2.0,4.0,1.814680301473836,2.7012699229406727,72.44229129338855,54.08101016901128,1,1,1,-1.1606081536504114,0.37043375710192866,-0.4406012435154339,15.0,0,28961.75,28772.253811761933,29340.742376476133,-1.576548862421846,3.40376239753001,-1.0,10,1
2026-05-19 05:00:00+00:00,daily_dip,61.60429018914092,1.005783389412032,1.332550102339361,0.5455407969639469,1,0,9.811124767370773,2.359913731768696,1,0.2749326145552561,0.3133696736579196,5,0.0,36.50451006030551,41.5236586826528,123.93216414737543,0.6166666666666667,0.5525606469002695,0.1725067385444744,0.5525606469002695,2.0,4.0,2.0474910750227044,2.6813337978279934,72.44229129338855,54.08101016901128,1,1,1,-1.2225578263398122,0.3084840844125276,-0.5025509162048349,16.0,0,28936.0,28750.101753778938,29307.796492442125,-1.468545322774911,3.924189791078013,-1.0,9,1
2026-05-19 08:00:00+00:00,daily_dip,61.60429018914092,1.005783389412032,1.332550102339361,0.5455407969639469,1,0,9.811124767370773,2.359913731768696,1,0.6672413793103448,0.31554954708130506,8,0.0,46.68718681899906,46.47476191961277,124.79426553636439,0.6333333333333333,0.22413793103448276,0.10862068965517241,0.22413793103448276,1.0,3.0,1.4824399118410772,2.5401328943721246,72.44229129338855,54.08101016901128,1,1,1,-1.0487194590991462,0.4823224516531938,-0.3287125489641688,19.0,0,29005.0,28817.808601695455,29379.38279660909,-1.8270070264852334,3.5284740964722126,-1.0,5,1
2026-05-19 09:00:00+00:00,daily_dip,61.60429018914092,1.005783389412032,1.332550102339361,0.5455407969639469,1,0,9.811124767370773,2.359913731768696,1,0.5319465081723626,0.32339814336847633,9,0.0,38.27317953539663,42.152696916223455,127.89824656948122,0.65,0.462109955423477,0.005943536404160475,0.462109955423477,2.0,3.0,2.146237398578227,2.409256927844401,72.44229129338855,54.08101016901128,1,1,1,-1.2750254062706317,0.2560165044817084,-0.5550184961356542,20.0,0,28914.5,28722.652630145778,29298.194739708444,-1.310937961730233,3.914570215743161,-1.0,5,1
2026-05-19 11:00:00+00:00,daily_dip,61.60429018914092,1.005783389412032,1.332550102339361,0.5455407969639469,1,0,9.811124767370773,2.359913731768696,1,0.7069408740359897,0.3118002840658224,11,0.0,33.24973495274182,39.415843458923625,123.3114983175629,0.5166666666666667,0.005141388174807198,0.2879177377892031,0.005141388174807198,2.0,3.0,2.1976863771624635,2.3492099151784616,72.44229129338855,54.08101016901128,1,1,1,-1.429899587994134,0.10114232275820578,-0.7098926778591568,22.0,0,28854.5,28669.532752523657,29224.434494952686,-1.035318428601759,4.669745653810806,-1.0,3,1
2026-05-19 14:00:00+00:00,daily_dip,61.60429018914092,1.005783389412032,1.332550102339361,0.5455407969639469,1,0,9.811124767370773,2.359913731768696,1,0.4734982332155477,0.3620289847094985,14,0.0,33.01238966299721,38.58456926476462,143.1760611529467,0.9,0.5,0.026501766784452298,0.5,1.0,2.0,2.2402488056810097,1.844074681767806,72.44229129338855,54.08101016901128,1,1,1,-1.5556953519246526,-0.02465344117231266,-0.8356884417896753,25.0,1,28803.75,28603.75,29203.75,-0.38375,4.72,2.0,23,1
2026-05-19 18:00:00+00:00,daily_dip,61.60429018914092,1.005783389412032,1.332550102339361,0.5455407969639469,1,0,9.811124767370773,2.359913731768696,1,0.6890625,0.37759426302291427,18,0.0,50.138816942856664,48.16475630918847,149.33185346182083,0.9666666666666667,0.109375,0.2015625,0.109375,1.0,2.0,1.1183146537633804,1.6351307786987628,72.44229129338855,54.08101016901128,1,1,1,-1.164400990753844,0.36664091999849596,-0.44439408061886665,29.0,1,28959.5,28759.5,29359.5,-0.8175,3.94125,2.0,20,1
2026-05-19 19:00:00+00:00,daily_dip,61.60429018914092,1.005783389412032,1.332550102339361,0.5455407969639469,1,0,9.811124767370773,2.359913731768696,1,0.19300518134715025,0.3854812233290163,19,0.0,46.5844753648952,46.37885899145385,152.4510067859765,0.9833333333333333,0.28886010362694303,0.5181347150259067,0.28886010362694303,2.0,2.0,1.338134816560394,1.5618677951162288,72.44229129338855,54.08101016901128,1,1,1,-1.2579576393051843,0.2730842714471556,-0.5379507291702069,30.0,1,28922.0,28722.0,29322.0,-0.63,4.12875,2.0,19,1
2026-05-19 20:00:00+00:00,daily_dip,61.60429018914092,1.005783389412032,1.332550102339361,0.5455407969639469,1,0,9.811124767370773,2.359913731768696,1,0.423963133640553,0.3677450127512878,20,0.0,44.2830815724725,45.24361214306966,145.43664915840674,0.8666666666666667,0.22119815668202766,0.3548387096774194,0.22119815668202766,3.0,3.0,1.562535999797986,1.5918378247442568,72.44229129338855,54.08101016901128,1,1,1,-1.3167466144083915,0.21429529634394848,-0.596739704273414,31.0,1,28930.0,28730.0,29330.0,-0.67,4.475,2.0,18,1
2026-05-19 22:00:00+00:00,daily_dip,61.60429018914092,1.005783389412032,1.332550102339361,0.5455407969639469,1,0,9.811124767370773,2.359913731768696,1,0.20652173913043478,0.3580937505793296,22,0.0,45.892655854098294,45.97859814367748,141.61974564709197,0.7666666666666667,0.5054347826086957,0.28804347826086957,0.5054347826086957,3.0,4.0,1.5199151715495258,1.592525000861513,72.44229129338855,54.08101016901128,1,1,1,-1.2864039175809296,0.24463799317141022,-0.5663970074459523,32.0,1,28910.75,28710.75,29310.75,-0.57375,4.85875,2.0,17,1
2026-05-20 00:00:00+00:00,daily_dip,64.96352957936651,1.0376334792180102,1.4652741600749604,0.6593178036605657,0,1,9.982386634134285,2.3119031584016234,2,0.055162659123055166,0.3481013421940715,0,0.0,49.719421507931905,47.79602964232935,142.77799497121705,0.7833333333333333,0.8132956152758133,0.13154172560113153,0.8132956152758133,2.0,4.0,1.3062236939074328,1.5150270117484541,69.75435830149073,53.08732679932727,1,1,1,-0.6101245566701479,0.6747331510827709,-0.026209146790026328,34.0,1,28938.5,28738.5,29338.5,-0.49875,5.05125,2.0,15,1
2026-05-20 02:00:00+00:00,daily_dip,64.96352957936651,1.0376334792180102,1.4652741600749604,0.6593178036605657,0,1,9.982386634134285,2.3119031584016234,2,0.6311475409836066,0.3494260315328756,2,0.0,42.011471606995684,44.71554508607813,143.32133239865146,0.8,0.13442622950819672,0.23442622950819672,0.13442622950819672,2.0,3.0,1.6832804716673844,1.4434474508164075,69.75435830149073,53.08732679932727,1,1,1,-0.7436083507867935,0.5412493569661252,-0.15969294090667205,36.0,1,28884.75,28684.75,29284.75,-0.23,5.52125,2.0,13,1
2026-05-20 04:00:00+00:00,daily_dip,64.96352957936651,1.0376334792180102,1.4652741600749604,0.6593178036605657,0,1,9.982386634134285,2.3119031584016234,2,0.1751592356687898,0.32717032400759444,4,0.0,41.939003131091944,44.66122159696675,134.19288354781682,0.6,0.14968152866242038,0.6751592356687898,0.14968152866242038,2.0,3.0,1.8164152491226913,1.4560044753229409,69.75435830149073,53.08732679932727,1,1,1,-0.7497035012030787,0.5351542065498399,-0.16578809132295724,38.0,1,28882.0,28682.0,29282.0,0.0,5.565,2.0,11,1
2026-05-20 11:00:00+00:00,daily_dip,64.96352957936651,1.0376334792180102,1.4652741600749604,0.6593178036605657,0,1,9.982386634134285,2.3119031584016234,2,0.38461538461538464,0.27253541358492567,11,0.0,62.00855147912251,56.328907338902795,111.78371121767478,0.26666666666666666,0.31868131868131866,0.2967032967032967,0.31868131868131866,2.0,3.0,0.684357310798464,1.749576406450003,69.75435830149073,53.08732679932727,1,1,1,-0.2645295280667774,1.0203281796861412,0.3193858818133441,1.0,1,29081.75,28914.07443317349,29417.10113365302,-0.43983748733235056,5.446529970254497,2.0,16,1
2026-05-20 13:00:00+00:00,daily_dip,64.96352957936651,1.0376334792180102,1.4652741600749604,0.6593178036605657,0,1,9.982386634134285,2.3119031584016234,2,0.021739130434782608,0.2808800451536881,13,0.0,64.07777155587917,57.439636855306,115.20636324381141,0.2833333333333333,0.4463768115942029,0.5318840579710145,0.4463768115942029,2.0,3.0,0.6162854030010703,1.7136528088993075,69.75435830149073,53.08732679932727,1,1,1,-0.22003493002789548,1.0648227777250232,0.36388047985222605,0.0,1,29100.5,28927.69045513428,29446.119089731437,-0.5352713594140703,5.176218713469037,2.0,18,1
