exit_time,net_pnl,equity,peak,drawdown
2019-05-16 08:00:00+00:00,54.0,5054.0,5054.0,0.0
2019-05-21 07:00:00+00:00,-42.0,5012.0,5054.0,-42.0
2019-05-23 00:00:00+00:00,-28.5,4983.5,5054.0,-70.5
2019-05-27 12:00:00+00:00,11.0,4994.5,5054.0,-59.5
2019-06-06 18:00:00+00:00,62.25,5056.75,5056.75,0.0
2019-06-07 08:00:00+00:00,66.0,5122.75,5122.75,0.0
2019-06-10 11:00:00+00:00,42.75,5165.5,5165.5,0.0
2019-06-11 13:00:00+00:00,51.75,5217.25,5217.25,0.0
2019-06-13 02:00:00+00:00,-61.0,5156.25,5217.25,-61.0
2019-06-13 19:00:00+00:00,-53.0,5103.25,5217.25,-114.0
2019-06-17 01:00:00+00:00,45.75,5149.0,5217.25,-68.25
2019-06-17 06:00:00+00:00,-24.5,5124.5,5217.25,-92.75
2019-06-18 02:00:00+00:00,3.0,5127.5,5217.25,-89.75
2019-06-21 07:00:00+00:00,51.5,5179.0,5217.25,-38.25
2019-06-25 02:00:00+00:00,-43.5,5135.5,5217.25,-81.75
2019-06-27 09:00:00+00:00,45.75,5181.25,5217.25,-36.0
2019-06-28 13:00:00+00:00,-32.0,5149.25,5217.25,-68.0
2019-07-12 06:00:00+00:00,29.0,5178.25,5217.25,-39.0
2019-07-17 19:00:00+00:00,-34.5,5143.75,5217.25,-73.5
2019-07-23 05:00:00+00:00,16.0,5159.75,5217.25,-57.5
2019-07-26 20:00:00+00:00,-37.0,5122.75,5217.25,-94.5
2019-07-30 04:00:00+00:00,40.5,5163.25,5217.25,-54.0
2019-07-31 11:00:00+00:00,9.0,5172.25,5217.25,-45.0
2019-08-01 09:00:00+00:00,85.5,5257.75,5257.75,0.0
2019-08-02 07:00:00+00:00,-35.0,5222.75,5257.75,-35.0
2019-08-06 03:00:00+00:00,125.25,5348.0,5348.0,0.0
2019-08-07 18:00:00+00:00,147.0,5495.0,5495.0,0.0
2019-08-13 06:00:00+00:00,-37.5,5457.5,5495.0,-37.5
2019-08-14 03:00:00+00:00,-14.5,5443.0,5495.0,-52.0
2019-08-15 17:00:00+00:00,-122.5,5320.5,5495.0,-174.5
2019-08-20 13:00:00+00:00,-52.5,5268.0,5495.0,-227.0
2019-08-22 09:00:00+00:00,-43.0,5225.0,5495.0,-270.0
2019-08-28 06:00:00+00:00,-2.0,5223.0,5495.0,-272.0
2019-09-09 13:00:00+00:00,-37.0,5186.0,5495.0,-309.0
2019-09-12 19:00:00+00:00,-55.5,5130.5,5495.0,-364.5
2019-09-13 12:00:00+00:00,-28.0,5102.5,5495.0,-392.5
2019-09-16 07:00:00+00:00,81.75,5184.25,5495.0,-310.75
2019-09-18 11:00:00+00:00,-30.5,5153.75,5495.0,-341.25
2019-09-20 10:00:00+00:00,20.5,5174.25,5495.0,-320.75
2019-09-20 13:00:00+00:00,42.0,5216.25,5495.0,-278.75
2019-09-24 14:00:00+00:00,-31.0,5185.25,5495.0,-309.75
2019-09-26 08:00:00+00:00,72.75,5258.0,5495.0,-237.0
2019-10-02 01:00:00+00:00,-33.0,5225.0,5495.0,-270.0
2019-10-03 10:00:00+00:00,7.5,5232.5,5495.0,-262.5
2019-10-07 10:00:00+00:00,34.0,5266.5,5495.0,-228.5
2019-10-14 04:00:00+00:00,-33.5,5233.0,5495.0,-262.0
2019-10-16 09:00:00+00:00,-40.5,5192.5,5495.0,-302.5
2019-10-18 14:00:00+00:00,-60.5,5132.0,5495.0,-363.0
2019-10-23 13:00:00+00:00,72.0,5204.0,5495.0,-291.0
2019-10-28 08:00:00+00:00,35.25,5239.25,5495.0,-255.75
2019-10-30 13:00:00+00:00,-29.5,5209.75,5495.0,-285.25
2019-10-31 02:00:00+00:00,100.5,5310.25,5495.0,-184.75
2019-11-05 13:00:00+00:00,17.5,5327.75,5495.0,-167.25
2019-11-06 14:00:00+00:00,-28.0,5299.75,5495.0,-195.25
2019-11-08 12:00:00+00:00,51.0,5350.75,5495.0,-144.25
2019-11-12 02:00:00+00:00,6.0,5356.75,5495.0,-138.25
2019-11-12 15:00:00+00:00,38.25,5395.0,5495.0,-100.0
2019-11-13 18:00:00+00:00,-50.5,5344.5,5495.0,-150.5
2019-11-14 08:00:00+00:00,-27.0,5317.5,5495.0,-177.5
2019-11-14 13:00:00+00:00,-35.5,5282.0,5495.0,-213.0
2019-11-19 14:00:00+00:00,-27.0,5255.0,5495.0,-240.0
2019-11-21 13:00:00+00:00,68.25,5323.25,5495.0,-171.75
2019-11-24 23:00:00+00:00,102.0,5425.25,5495.0,-69.75
2019-11-27 20:00:00+00:00,64.5,5489.75,5495.0,-5.25
2019-11-28 17:00:00+00:00,39.75,5529.5,5529.5,0.0
2019-12-05 15:00:00+00:00,-47.5,5482.0,5529.5,-47.5
2019-12-09 14:00:00+00:00,48.47999999999956,5530.48,5530.48,0.0
2019-12-12 02:00:00+00:00,52.69999999999709,5583.179999999997,5583.179999999997,0.0
2019-12-19 20:00:00+00:00,60.75,5643.929999999997,5643.929999999997,0.0
2019-12-20 13:00:00+00:00,36.0,5679.929999999997,5679.929999999997,0.0
2019-12-26 09:00:00+00:00,31.5,5711.429999999997,5711.429999999997,0.0
2019-12-30 07:00:00+00:00,-21.5,5689.929999999997,5711.429999999997,-21.5
2019-12-31 03:00:00+00:00,48.5,5738.429999999997,5738.429999999997,0.0
2019-12-31 12:00:00+00:00,-37.5,5700.929999999997,5738.429999999997,-37.5
2019-12-31 21:00:00+00:00,65.25,5766.179999999997,5766.179999999997,0.0
2020-01-02 09:00:00+00:00,40.5,5806.679999999997,5806.679999999997,0.0
2020-01-02 20:00:00+00:00,52.5,5859.179999999997,5859.179999999997,0.0
2020-01-10 00:00:00+00:00,47.25,5906.429999999997,5906.429999999997,0.0
2020-01-15 11:00:00+00:00,48.0,5954.429999999997,5954.429999999997,0.0
2020-01-16 08:00:00+00:00,44.25,5998.679999999997,5998.679999999997,0.0
2020-01-26 23:00:00+00:00,-112.5,5886.179999999997,5998.679999999997,-112.5
2020-01-28 03:00:00+00:00,8.5,5894.679999999997,5998.679999999997,-104.0
2020-01-30 02:00:00+00:00,-100.0,5794.679999999997,5998.679999999997,-204.0
2020-01-31 18:00:00+00:00,-130.0,5664.679999999997,5998.679999999997,-334.0
2020-02-05 06:00:00+00:00,3.0,5667.679999999997,5998.679999999997,-331.0
2020-02-07 02:00:00+00:00,47.0,5714.679999999997,5998.679999999997,-284.0
2020-02-17 12:00:00+00:00,-24.0,5690.679999999997,5998.679999999997,-308.0
2020-02-19 13:00:00+00:00,39.5,5730.179999999997,5998.679999999997,-268.5
2020-02-25 02:00:00+00:00,-30.0,5700.179999999997,5998.679999999997,-298.5
2020-02-27 12:00:00+00:00,-125.0,5575.179999999997,5998.679999999997,-423.5
2020-03-04 08:00:00+00:00,245.0,5820.179999999997,5998.679999999997,-178.5
2020-03-04 12:00:00+00:00,87.75,5907.929999999997,5998.679999999997,-90.75
2020-03-12 13:00:00+00:00,-105.5,5802.429999999997,5998.679999999997,-196.25
2020-03-13 07:00:00+00:00,406.5,6208.929999999997,6208.929999999997,0.0
2020-03-17 23:00:00+00:00,-341.0,5867.929999999997,6208.929999999997,-341.0
2020-03-20 02:00:00+00:00,122.0,5989.929999999997,6208.929999999997,-219.0
2020-03-24 01:00:00+00:00,232.5,6222.429999999997,6222.429999999997,0.0
2020-03-25 00:00:00+00:00,-169.0,6053.429999999997,6222.429999999997,-169.0
2020-03-25 17:00:00+00:00,426.75,6480.179999999997,6480.179999999997,0.0
2020-03-26 07:00:00+00:00,-166.0,6314.179999999997,6480.179999999997,-166.0
2020-03-26 17:00:00+00:00,-152.0,6162.179999999997,6480.179999999997,-318.0
2020-04-02 12:00:00+00:00,-94.0,6068.179999999997,6480.179999999997,-412.0
2020-04-03 07:00:00+00:00,36.0,6104.179999999997,6480.179999999997,-376.0
2020-04-05 22:00:00+00:00,255.75,6359.929999999997,6480.179999999997,-120.25
2020-04-07 03:00:00+00:00,-77.0,6282.929999999997,6480.179999999997,-197.25
2020-04-09 18:00:00+00:00,-168.0,6114.929999999997,6480.179999999997,-365.25
2020-04-13 19:00:00+00:00,140.25,6255.179999999997,6480.179999999997,-225.0
2020-04-21 18:00:00+00:00,208.5,6463.679999999997,6480.179999999997,-16.5
2020-04-22 00:00:00+00:00,-81.0,6382.679999999997,6480.179999999997,-97.5
2020-04-22 06:00:00+00:00,123.0,6505.679999999997,6505.679999999997,0.0
2020-04-24 17:00:00+00:00,138.75,6644.429999999997,6644.429999999997,0.0
2020-04-28 07:00:00+00:00,98.25,6742.679999999997,6742.679999999997,0.0
2020-04-28 13:00:00+00:00,-47.5,6695.179999999997,6742.679999999997,-47.5
2020-04-28 19:00:00+00:00,-127.5,6567.679999999997,6742.679999999997,-175.0
2020-04-29 20:00:00+00:00,192.75,6760.429999999997,6760.429999999997,0.0
2020-04-30 20:00:00+00:00,-92.5,6667.929999999997,6760.429999999997,-92.5
2020-05-01 02:00:00+00:00,-59.0,6608.929999999997,6760.429999999997,-151.5
2020-05-01 14:00:00+00:00,131.25,6740.179999999997,6760.429999999997,-20.25
2020-05-04 13:00:00+00:00,121.5,6861.679999999997,6861.679999999997,0.0
2020-05-06 05:00:00+00:00,99.75,6961.429999999997,6961.429999999997,0.0
2020-05-08 01:00:00+00:00,104.25,7065.679999999997,7065.679999999997,0.0
2020-05-11 05:00:00+00:00,-32.5,7033.179999999997,7065.679999999997,-32.5
2020-05-12 11:00:00+00:00,111.75,7144.929999999997,7144.929999999997,0.0
2020-05-12 13:00:00+00:00,-64.0,7080.929999999997,7144.929999999997,-64.0
2020-05-14 19:00:00+00:00,171.0,7251.929999999997,7251.929999999997,0.0
2020-05-15 07:00:00+00:00,114.0,7365.929999999997,7365.929999999997,0.0
2020-05-18 05:00:00+00:00,-44.5,7321.429999999997,7365.929999999997,-44.5
2020-05-19 18:00:00+00:00,-70.0,7251.429999999997,7365.929999999997,-114.5
2020-05-25 08:00:00+00:00,111.75,7363.179999999997,7365.929999999997,-2.75
2020-05-26 03:00:00+00:00,114.75,7477.929999999997,7477.929999999997,0.0
2020-06-03 01:00:00+00:00,67.5,7545.429999999997,7545.429999999997,0.0
2020-06-08 07:00:00+00:00,-52.5,7492.929999999997,7545.429999999997,-52.5
2020-06-08 13:00:00+00:00,-80.5,7412.429999999997,7545.429999999997,-133.0
2020-06-08 19:00:00+00:00,187.5,7599.929999999997,7599.929999999997,0.0
2020-06-09 07:00:00+00:00,-59.5,7540.429999999997,7599.929999999997,-59.5
2020-06-09 13:00:00+00:00,95.25,7635.679999999997,7635.679999999997,0.0
2020-06-12 06:00:00+00:00,-80.5,7555.179999999997,7635.679999999997,-80.5
2020-06-16 12:00:00+00:00,133.5,7688.679999999997,7688.679999999997,0.0
2020-06-17 08:00:00+00:00,181.0,7869.679999999997,7869.679999999997,0.0
2020-06-18 00:00:00+00:00,-133.0,7736.679999999997,7869.679999999997,-133.0
2020-06-22 03:00:00+00:00,192.75,7929.429999999997,7929.429999999997,0.0
2020-06-25 19:00:00+00:00,184.5,8113.929999999997,8113.929999999997,0.0
2020-07-02 06:00:00+00:00,122.25,8236.179999999997,8236.179999999997,0.0
2020-07-02 12:00:00+00:00,64.5,8300.679999999997,8300.679999999997,0.0
2020-07-02 19:00:00+00:00,-123.0,8177.679999999997,8300.679999999997,-123.0
2020-07-09 11:00:00+00:00,91.5,8269.179999999997,8300.679999999997,-31.5
2020-07-10 05:00:00+00:00,-45.5,8223.679999999997,8300.679999999997,-77.0
2020-07-14 07:00:00+00:00,-99.5,8124.179999999997,8300.679999999997,-176.5
2020-07-16 07:00:00+00:00,-56.0,8068.179999999997,8300.679999999997,-232.5
2020-07-16 14:00:00+00:00,-98.0,7970.179999999997,8300.679999999997,-330.5
2020-07-20 09:00:00+00:00,103.5,8073.679999999997,8300.679999999997,-227.0
2020-07-20 15:00:00+00:00,254.25,8327.929999999997,8327.929999999997,0.0
2020-07-22 07:00:00+00:00,-53.0,8274.929999999997,8327.929999999997,-53.0
2020-07-27 12:00:00+00:00,-69.0,8205.929999999997,8327.929999999997,-122.0
2020-07-29 14:00:00+00:00,90.0,8295.929999999997,8327.929999999997,-32.0
2020-08-03 11:00:00+00:00,129.75,8425.679999999997,8425.679999999997,0.0
2020-08-06 04:00:00+00:00,-42.5,8383.179999999997,8425.679999999997,-42.5
2020-08-06 17:00:00+00:00,156.75,8539.929999999997,8539.929999999997,0.0
2020-08-07 12:00:00+00:00,90.0,8629.929999999997,8629.929999999997,0.0
2020-08-07 15:00:00+00:00,-124.0,8505.929999999997,8629.929999999997,-124.0
2020-08-09 22:00:00+00:00,-38.0,8467.929999999997,8629.929999999997,-162.0
2020-08-17 01:00:00+00:00,30.5,8498.429999999997,8629.929999999997,-131.5
2020-08-24 07:00:00+00:00,91.5,8589.929999999997,8629.929999999997,-40.0
2020-08-25 08:00:00+00:00,-31.5,8558.429999999997,8629.929999999997,-71.5
2020-08-26 09:00:00+00:00,54.0,8612.429999999997,8629.929999999997,-17.5
2020-08-27 16:00:00+00:00,-221.0,8391.429999999997,8629.929999999997,-238.5
2020-08-28 03:00:00+00:00,106.5,8497.929999999997,8629.929999999997,-132.0
2020-09-01 11:00:00+00:00,-35.5,8462.429999999997,8629.929999999997,-167.5
2020-09-01 20:00:00+00:00,82.5,8544.929999999997,8629.929999999997,-85.0
2020-09-07 05:00:00+00:00,-130.0,8414.929999999997,8629.929999999997,-215.0
2020-09-09 05:00:00+00:00,284.25,8699.179999999997,8699.179999999997,0.0
2020-09-15 09:00:00+00:00,87.75,8786.929999999997,8786.929999999997,0.0
2020-09-20 09:00:00+00:00,-194.0,8592.929999999997,8786.929999999997,-194.0
2020-09-23 00:00:00+00:00,-69.0,8523.929999999997,8786.929999999997,-263.0
2020-09-23 08:00:00+00:00,111.75,8635.679999999997,8786.929999999997,-151.25
2020-09-28 22:00:00+00:00,149.25,8784.929999999997,8786.929999999997,-2.0
2020-10-02 04:00:00+00:00,-108.0,8676.929999999997,8786.929999999997,-110.0
2020-10-08 06:00:00+00:00,66.75,8743.679999999997,8786.929999999997,-43.25
2020-10-12 08:00:00+00:00,168.75,8912.429999999997,8912.429999999997,0.0
2020-10-13 05:00:00+00:00,81.0,8993.429999999997,8993.429999999997,0.0
2020-10-13 18:00:00+00:00,-197.0,8796.429999999997,8993.429999999997,-197.0
2020-10-19 12:00:00+00:00,-66.0,8730.429999999997,8993.429999999997,-263.0
2020-10-22 12:00:00+00:00,65.5,8795.929999999997,8993.429999999997,-197.5
2020-11-05 03:00:00+00:00,290.25,9086.179999999997,9086.179999999997,0.0
2020-11-05 14:00:00+00:00,-85.5,9000.679999999997,9086.179999999997,-85.5
2020-11-06 03:00:00+00:00,-130.0,8870.679999999997,9086.179999999997,-215.5
2020-11-11 14:00:00+00:00,-75.5,8795.179999999997,9086.179999999997,-291.0
2020-11-12 20:00:00+00:00,-156.0,8639.179999999997,9086.179999999997,-447.0
2020-11-16 23:00:00+00:00,179.0,8818.179999999997,9086.179999999997,-268.0
2020-11-20 04:00:00+00:00,69.75,8887.929999999997,9086.179999999997,-198.25
2020-11-23 07:00:00+00:00,127.5,9015.429999999997,9086.179999999997,-70.75
2020-11-23 13:00:00+00:00,-51.5,8963.929999999997,9086.179999999997,-122.25
2020-11-26 02:00:00+00:00,122.25,9086.179999999997,9086.179999999997,0.0
2020-11-26 17:00:00+00:00,-56.0,9030.179999999997,9086.179999999997,-56.0
2020-11-27 09:00:00+00:00,84.0,9114.179999999997,9114.179999999997,0.0
2020-11-29 23:00:00+00:00,132.5,9246.679999999997,9246.679999999997,0.0
2020-11-30 04:00:00+00:00,-56.0,9190.679999999997,9246.679999999997,-56.0
2020-12-01 17:00:00+00:00,184.5,9375.179999999997,9375.179999999997,0.0
2020-12-02 12:00:00+00:00,-56.5,9318.679999999997,9375.179999999997,-56.5
2020-12-08 08:00:00+00:00,-19.0,9299.679999999997,9375.179999999997,-75.5
2020-12-09 15:00:00+00:00,-113.0,9186.679999999997,9375.179999999997,-188.5
2020-12-11 02:00:00+00:00,-76.0,9110.679999999997,9375.179999999997,-264.5
2020-12-11 08:00:00+00:00,-40.5,9070.179999999997,9375.179999999997,-305.0
2020-12-18 06:00:00+00:00,-9.0,9061.179999999997,9375.179999999997,-314.0
2020-12-22 05:00:00+00:00,-77.5,8983.679999999997,9375.179999999997,-391.5
2020-12-22 16:00:00+00:00,-157.0,8826.679999999997,9375.179999999997,-548.5
2020-12-23 06:00:00+00:00,79.5,8906.179999999997,9375.179999999997,-469.0
2020-12-23 20:00:00+00:00,-78.0,8828.179999999997,9375.179999999997,-547.0
2020-12-24 09:00:00+00:00,15.5,8843.679999999997,9375.179999999997,-531.5
2020-12-29 03:00:00+00:00,100.0,8943.679999999997,9375.179999999997,-431.5
2020-12-30 03:00:00+00:00,-11.5,8932.179999999997,9375.179999999997,-443.0
2020-12-30 14:00:00+00:00,-34.0,8898.179999999997,9375.179999999997,-477.0
2021-01-08 14:00:00+00:00,118.5,9016.679999999997,9375.179999999997,-358.5
2021-01-11 19:00:00+00:00,-121.0,8895.679999999997,9375.179999999997,-479.5
2021-01-12 04:00:00+00:00,-64.5,8831.179999999997,9375.179999999997,-544.0
2021-01-13 08:00:00+00:00,-41.0,8790.179999999997,9375.179999999997,-585.0
2021-01-19 00:00:00+00:00,103.5,8893.679999999997,9375.179999999997,-481.5
2021-01-19 05:00:00+00:00,-42.0,8851.679999999997,9375.179999999997,-523.5
2021-01-20 20:00:00+00:00,155.25,9006.929999999997,9375.179999999997,-368.25
2021-01-21 13:00:00+00:00,-42.0,8964.929999999997,9375.179999999997,-410.25
2021-01-22 14:00:00+00:00,81.75,9046.679999999997,9375.179999999997,-328.5
2021-01-26 04:00:00+00:00,-21.0,9025.679999999997,9375.179999999997,-349.5
2021-01-26 23:00:00+00:00,40.5,9066.179999999997,9375.179999999997,-309.0
2021-01-28 23:00:00+00:00,-24.5,9041.679999999997,9375.179999999997,-333.5
2021-01-29 08:00:00+00:00,-107.5,8934.179999999997,9375.179999999997,-441.0
2021-02-02 14:00:00+00:00,99.75,9033.929999999997,9375.179999999997,-341.25
2021-02-08 08:00:00+00:00,-37.0,8996.929999999997,9375.179999999997,-378.25
2021-02-09 14:00:00+00:00,-53.5,8943.429999999997,9375.179999999997,-431.75
2021-02-09 23:00:00+00:00,-14.5,8928.929999999997,9375.179999999997,-446.25
2021-02-11 05:00:00+00:00,44.0,8972.929999999997,9375.179999999997,-402.25
2021-02-12 13:00:00+00:00,-41.5,8931.429999999997,9375.179999999997,-443.75
2021-02-16 14:00:00+00:00,-58.5,8872.929999999997,9375.179999999997,-502.25
2021-02-17 08:00:00+00:00,114.0,8986.929999999997,9375.179999999997,-388.25
2021-02-22 02:00:00+00:00,-92.5,8894.429999999997,9375.179999999997,-480.75
2021-02-22 15:00:00+00:00,-155.0,8739.429999999997,9375.179999999997,-635.75
2021-02-22 20:00:00+00:00,-132.5,8606.929999999997,9375.179999999997,-768.25
2021-03-04 02:00:00+00:00,-93.0,8513.929999999997,9375.179999999997,-861.25
2021-03-04 23:00:00+00:00,-24.5,8489.429999999997,9375.179999999997,-885.75
2021-03-05 18:00:00+00:00,472.5,8961.929999999997,9375.179999999997,-413.25
2021-03-10 11:00:00+00:00,-100.0,8861.929999999997,9375.179999999997,-513.25
2021-03-10 23:00:00+00:00,-20.5,8841.429999999997,9375.179999999997,-533.75
2021-03-15 05:00:00+00:00,-69.0,8772.429999999997,9375.179999999997,-602.75
2021-03-16 13:00:00+00:00,118.5,8890.929999999997,9375.179999999997,-484.25
2021-03-17 13:00:00+00:00,-82.5,8808.429999999997,9375.179999999997,-566.75
2021-03-22 07:00:00+00:00,-71.0,8737.429999999997,9375.179999999997,-637.75
2021-03-22 19:00:00+00:00,-55.0,8682.429999999997,9375.179999999997,-692.75
2021-03-23 14:00:00+00:00,158.25,8840.679999999997,9375.179999999997,-534.5
2021-03-24 18:00:00+00:00,-159.5,8681.179999999997,9375.179999999997,-694.0
2021-03-26 05:00:00+00:00,81.75,8762.929999999997,9375.179999999997,-612.25
2021-03-26 10:00:00+00:00,-70.5,8692.429999999997,9375.179999999997,-682.75
2021-03-26 18:00:00+00:00,-178.5,8513.929999999997,9375.179999999997,-861.25
2021-03-30 00:00:00+00:00,-47.0,8466.929999999997,9375.179999999997,-908.25
2021-03-31 02:00:00+00:00,50.5,8517.429999999997,9375.179999999997,-857.75
2021-04-01 06:00:00+00:00,78.75,8596.179999999997,9375.179999999997,-779.0
2021-04-07 01:00:00+00:00,-79.5,8516.679999999997,9375.179999999997,-858.5
2021-04-08 20:00:00+00:00,114.0,8630.679999999997,9375.179999999997,-744.5
2021-04-09 19:00:00+00:00,87.75,8718.429999999997,9375.179999999997,-656.75
2021-04-12 22:00:00+00:00,-18.5,8699.929999999997,9375.179999999997,-675.25
2021-04-15 12:00:00+00:00,69.75,8769.679999999997,9375.179999999997,-605.5
2021-04-16 01:00:00+00:00,-47.0,8722.679999999997,9375.179999999997,-652.5
2021-04-19 10:00:00+00:00,-67.0,8655.679999999997,9375.179999999997,-719.5
2021-04-20 13:00:00+00:00,136.5,8792.179999999997,9375.179999999997,-583.0
2021-04-20 20:00:00+00:00,-123.5,8668.679999999997,9375.179999999997,-706.5
2021-04-23 08:00:00+00:00,34.5,8703.179999999997,9375.179999999997,-672.0
2021-04-26 08:00:00+00:00,-33.5,8669.679999999997,9375.179999999997,-705.5
2021-04-27 13:00:00+00:00,-36.5,8633.179999999997,9375.179999999997,-742.0
2021-04-30 04:00:00+00:00,27.5,8660.679999999997,9375.179999999997,-714.5
2021-05-04 06:00:00+00:00,42.75,8703.429999999997,9375.179999999997,-671.75
2021-05-05 00:00:00+00:00,63.75,8767.179999999997,9375.179999999997,-608.0
2021-05-05 19:00:00+00:00,-183.5,8583.679999999997,9375.179999999997,-791.5
2021-05-12 00:00:00+00:00,-81.5,8502.179999999997,9375.179999999997,-873.0
2021-05-12 12:00:00+00:00,-129.0,8373.179999999997,9375.179999999997,-1002.0
2021-05-13 05:00:00+00:00,-56.0,8317.179999999997,9375.179999999997,-1058.0
2021-05-17 22:00:00+00:00,-18.5,8298.679999999997,9375.179999999997,-1076.5
2021-05-19 22:00:00+00:00,-16.0,8282.679999999997,9375.179999999997,-1092.5
2021-05-20 22:00:00+00:00,21.75,8304.429999999997,9375.179999999997,-1070.75
2021-05-24 13:00:00+00:00,78.0,8382.429999999997,9375.179999999997,-992.75
2021-05-26 07:00:00+00:00,80.0,8462.429999999997,9375.179999999997,-912.75
2021-05-27 01:00:00+00:00,-84.0,8378.429999999997,9375.179999999997,-996.75
2021-05-28 00:00:00+00:00,39.0,8417.429999999997,9375.179999999997,-957.75
2021-06-03 00:00:00+00:00,122.25,8539.679999999997,9375.179999999997,-835.5
2021-06-07 09:00:00+00:00,-63.5,8476.179999999997,9375.179999999997,-899.0
2021-06-09 22:00:00+00:00,19.5,8495.679999999997,9375.179999999997,-879.5
2021-06-13 22:00:00+00:00,78.75,8574.429999999997,9375.179999999997,-800.75
2021-06-14 11:00:00+00:00,55.5,8629.929999999997,9375.179999999997,-745.25
2021-06-23 16:00:00+00:00,-87.0,8542.929999999997,9375.179999999997,-832.25
2021-07-08 02:00:00+00:00,-52.5,8490.429999999997,9375.179999999997,-884.75
2021-07-08 12:00:00+00:00,-140.5,8349.929999999997,9375.179999999997,-1025.25
2021-07-09 01:00:00+00:00,-139.5,8210.429999999997,9375.179999999997,-1164.75
2021-07-13 02:00:00+00:00,70.0,8280.429999999997,9375.179999999997,-1094.75
2021-07-14 06:00:00+00:00,-83.0,8197.429999999997,9375.179999999997,-1177.75
2021-07-16 13:00:00+00:00,99.0,8296.429999999997,9375.179999999997,-1078.75
2021-07-21 08:00:00+00:00,22.0,8318.429999999997,9375.179999999997,-1056.75
2021-07-21 20:00:00+00:00,137.25,8455.679999999997,9375.179999999997,-919.5
2021-07-21 22:00:00+00:00,-12.5,8443.179999999997,9375.179999999997,-932.0
2021-07-22 20:00:00+00:00,85.5,8528.679999999997,9375.179999999997,-846.5
2021-07-29 01:00:00+00:00,-41.5,8487.179999999997,9375.179999999997,-888.0
2021-08-02 10:00:00+00:00,-41.0,8446.179999999997,9375.179999999997,-929.0
2021-08-04 04:00:00+00:00,52.0,8498.179999999997,9375.179999999997,-877.0
2021-08-06 06:00:00+00:00,-41.5,8456.679999999997,9375.179999999997,-918.5
2021-08-09 23:00:00+00:00,-26.0,8430.679999999997,9375.179999999997,-944.5
2021-08-10 14:00:00+00:00,-76.0,8354.679999999997,9375.179999999997,-1020.5
2021-08-11 00:00:00+00:00,-31.0,8323.679999999997,9375.179999999997,-1051.5
2021-08-12 12:00:00+00:00,-39.5,8284.179999999997,9375.179999999997,-1091.0
2021-08-16 22:00:00+00:00,-16.5,8267.679999999997,9375.179999999997,-1107.5
2021-08-20 06:00:00+00:00,-51.0,8216.679999999997,9375.179999999997,-1158.5
2021-08-27 02:00:00+00:00,64.5,8281.179999999997,9375.179999999997,-1094.0
2021-08-31 03:00:00+00:00,35.5,8316.679999999997,9375.179999999997,-1058.5
2021-09-08 07:00:00+00:00,-33.0,8283.679999999997,9375.179999999997,-1091.5
2021-09-13 10:00:00+00:00,143.25,8426.929999999997,9375.179999999997,-948.25
2021-09-16 13:00:00+00:00,-68.5,8358.429999999997,9375.179999999997,-1016.75
2021-09-20 01:00:00+00:00,-40.0,8318.429999999997,9375.179999999997,-1056.75
2021-09-21 07:00:00+00:00,129.75,8448.179999999997,9375.179999999997,-927.0
2021-10-05 06:00:00+00:00,-89.0,8359.179999999997,9375.179999999997,-1016.0
2021-10-05 23:00:00+00:00,-18.5,8340.679999999997,9375.179999999997,-1034.5
2021-10-07 13:00:00+00:00,117.0,8457.679999999997,9375.179999999997,-917.5
2021-10-12 07:00:00+00:00,-90.0,8367.679999999997,9375.179999999997,-1007.5
2021-10-14 19:00:00+00:00,-47.5,8320.179999999997,9375.179999999997,-1055.0
2021-10-15 13:00:00+00:00,43.5,8363.679999999997,9375.179999999997,-1011.5
2021-10-20 03:00:00+00:00,8.0,8371.679999999997,9375.179999999997,-1003.5
2021-10-22 13:00:00+00:00,-63.5,8308.179999999997,9375.179999999997,-1067.0
2021-10-25 13:00:00+00:00,-88.0,8220.179999999997,9375.179999999997,-1155.0
2021-11-01 06:00:00+00:00,-33.5,8186.679999999997,9375.179999999997,-1188.5
2021-11-01 19:00:00+00:00,138.0,8324.679999999997,9375.179999999997,-1050.5
2021-11-02 05:00:00+00:00,66.0,8390.679999999997,9375.179999999997,-984.5
2021-11-03 06:00:00+00:00,17.5,8408.179999999997,9375.179999999997,-967.0
2021-11-05 07:00:00+00:00,-30.5,8377.679999999997,9375.179999999997,-997.5
2021-11-05 17:00:00+00:00,-128.0,8249.679999999997,9375.179999999997,-1125.5
2021-11-08 21:00:00+00:00,-80.5,8169.179999999997,9375.179999999997,-1206.0
2021-11-11 09:00:00+00:00,118.5,8287.679999999997,9375.179999999997,-1087.5
2021-11-18 09:00:00+00:00,138.0,8425.679999999997,9375.179999999997,-949.5
2021-11-19 01:00:00+00:00,144.75,8570.429999999997,9375.179999999997,-804.75
2021-11-22 05:00:00+00:00,-34.5,8535.929999999997,9375.179999999997,-839.25
2021-11-25 07:00:00+00:00,173.5,8709.429999999997,9375.179999999997,-665.75
2021-11-29 14:00:00+00:00,111.75,8821.179999999997,9375.179999999997,-554.0
2021-11-30 15:00:00+00:00,-204.0,8617.179999999997,9375.179999999997,-758.0
2021-12-02 07:00:00+00:00,-108.0,8509.179999999997,9375.179999999997,-866.0
2021-12-03 08:00:00+00:00,-108.5,8400.679999999997,9375.179999999997,-974.5
2021-12-08 08:00:00+00:00,185.5,8586.179999999997,9375.179999999997,-789.0
2021-12-09 07:00:00+00:00,51.5,8637.679999999997,9375.179999999997,-737.5
2021-12-10 09:00:00+00:00,84.0,8721.679999999997,9375.179999999997,-653.5
2021-12-12 23:00:00+00:00,178.5,8900.179999999997,9375.179999999997,-475.0
2021-12-14 09:00:00+00:00,-73.0,8827.179999999997,9375.179999999997,-548.0
2021-12-16 23:00:00+00:00,-102.0,8725.179999999997,9375.179999999997,-650.0
2021-12-20 02:00:00+00:00,-142.0,8583.179999999997,9375.179999999997,-792.0
2021-12-20 14:00:00+00:00,164.25,8747.429999999997,9375.179999999997,-627.75
2021-12-29 19:00:00+00:00,101.25,8848.679999999997,9375.179999999997,-526.5
2022-01-05 14:00:00+00:00,-94.5,8754.179999999997,9375.179999999997,-621.0
2022-01-06 03:00:00+00:00,-161.0,8593.179999999997,9375.179999999997,-782.0
2022-01-10 08:00:00+00:00,-134.5,8458.679999999997,9375.179999999997,-916.5
2022-01-13 08:00:00+00:00,93.75,8552.429999999997,9375.179999999997,-822.75
2022-01-13 13:00:00+00:00,110.25,8662.679999999997,9375.179999999997,-712.5
2022-01-18 01:00:00+00:00,18.0,8680.679999999997,9375.179999999997,-694.5
2022-01-18 17:00:00+00:00,-196.0,8484.679999999997,9375.179999999997,-890.5
2022-01-19 11:00:00+00:00,-81.0,8403.679999999997,9375.179999999997,-971.5
2022-01-21 02:00:00+00:00,-186.0,8217.679999999997,9375.179999999997,-1157.5
2022-02-01 21:00:00+00:00,402.0,8619.679999999997,9375.179999999997,-755.5
2022-02-02 13:00:00+00:00,-102.0,8517.679999999997,9375.179999999997,-857.5
2022-02-03 13:00:00+00:00,-124.0,8393.679999999997,9375.179999999997,-981.5
2022-02-04 20:00:00+00:00,-153.5,8240.179999999997,9375.179999999997,-1135.0
2022-02-07 08:00:00+00:00,-93.0,8147.179999999997,9375.179999999997,-1228.0
2022-02-08 01:00:00+00:00,-65.5,8081.679999999997,9375.179999999997,-1293.5
2022-02-15 05:00:00+00:00,-75.5,8006.179999999997,9375.179999999997,-1369.0
2022-02-24 12:00:00+00:00,-191.5,7814.679999999997,9375.179999999997,-1560.5
2022-03-02 07:00:00+00:00,-116.0,7698.679999999997,9375.179999999997,-1676.5
2022-03-08 17:00:00+00:00,599.25,8297.929999999997,9375.179999999997,-1077.25
2022-03-09 13:00:00+00:00,308.25,8606.179999999997,9375.179999999997,-769.0
2022-03-10 19:00:00+00:00,222.0,8828.179999999997,9375.179999999997,-547.0
2022-03-16 12:00:00+00:00,-91.0,8737.179999999997,9375.179999999997,-638.0
2022-03-18 06:00:00+00:00,75.0,8812.179999999997,9375.179999999997,-563.0
2022-03-22 13:00:00+00:00,126.75,8938.929999999997,9375.179999999997,-436.25
2022-03-23 07:00:00+00:00,-47.5,8891.429999999997,9375.179999999997,-483.75
2022-03-24 05:00:00+00:00,120.0,9011.429999999997,9375.179999999997,-363.75
2022-03-28 08:00:00+00:00,-36.5,8974.929999999997,9375.179999999997,-400.25
2022-04-01 12:00:00+00:00,-53.0,8921.929999999997,9375.179999999997,-453.25
2022-04-07 11:00:00+00:00,-68.0,8853.929999999997,9375.179999999997,-521.25
2022-04-08 12:00:00+00:00,-108.0,8745.929999999997,9375.179999999997,-629.25
2022-04-11 11:00:00+00:00,-120.5,8625.429999999997,9375.179999999997,-749.75
2022-04-13 00:00:00+00:00,123.75,8749.179999999997,9375.179999999997,-626.0
2022-04-19 05:00:00+00:00,-40.0,8709.179999999997,9375.179999999997,-666.0
2022-04-27 14:00:00+00:00,-335.0,8374.179999999997,9375.179999999997,-1001.0
2022-05-03 07:00:00+00:00,-104.0,8270.179999999997,9375.179999999997,-1105.0
2022-05-04 02:00:00+00:00,-9.5,8260.679999999997,9375.179999999997,-1114.5
2022-05-04 07:00:00+00:00,-64.5,8196.179999999997,9375.179999999997,-1179.0
2022-05-06 08:00:00+00:00,-138.0,8058.179999999997,9375.179999999997,-1317.0
2022-05-09 07:00:00+00:00,-64.5,7993.679999999997,9375.179999999997,-1381.5
2022-05-11 12:00:00+00:00,-116.5,7877.179999999997,9375.179999999997,-1498.0
2022-05-12 05:00:00+00:00,-249.0,7628.179999999997,9375.179999999997,-1747.0
2022-05-18 07:00:00+00:00,-50.5,7577.679999999997,9375.179999999997,-1797.5
2022-05-18 17:00:00+00:00,-167.0,7410.679999999997,9375.179999999997,-1964.5
2022-05-20 19:00:00+00:00,383.25,7793.929999999997,9375.179999999997,-1581.25
2022-05-23 22:00:00+00:00,-188.0,7605.929999999997,9375.179999999997,-1769.25
2022-05-27 08:00:00+00:00,135.75,7741.679999999997,9375.179999999997,-1633.5
2022-05-31 18:00:00+00:00,-213.0,7528.679999999997,9375.179999999997,-1846.5
2022-06-07 19:00:00+00:00,210.0,7738.679999999997,9375.179999999997,-1636.5
2022-06-08 12:00:00+00:00,-98.0,7640.679999999997,9375.179999999997,-1734.5
2022-06-09 17:00:00+00:00,-138.5,7502.179999999997,9375.179999999997,-1873.0
2022-06-15 12:00:00+00:00,177.75,7679.929999999997,9375.179999999997,-1695.25
2022-06-20 00:00:00+00:00,-89.5,7590.429999999997,9375.179999999997,-1784.75
2022-06-21 07:00:00+00:00,111.0,7701.429999999997,9375.179999999997,-1673.75
2022-06-21 19:00:00+00:00,-90.5,7610.929999999997,9375.179999999997,-1764.25
2022-06-29 04:00:00+00:00,72.0,7682.929999999997,9375.179999999997,-1692.25
2022-07-05 11:00:00+00:00,-75.0,7607.929999999997,9375.179999999997,-1767.25
2022-07-08 12:00:00+00:00,-81.0,7526.929999999997,9375.179999999997,-1848.25
2022-07-13 12:00:00+00:00,-61.0,7465.929999999997,9375.179999999997,-1909.25
2022-07-13 20:00:00+00:00,-217.0,7248.929999999997,9375.179999999997,-2126.25
2022-07-21 01:00:00+00:00,-64.0,7184.929999999997,9375.179999999997,-2190.25
2022-07-22 10:00:00+00:00,96.0,7280.929999999997,9375.179999999997,-2094.25
2022-07-25 07:00:00+00:00,-51.5,7229.429999999997,9375.179999999997,-2145.75
2022-07-25 18:00:00+00:00,-153.5,7075.929999999997,9375.179999999997,-2299.25
2022-07-28 07:00:00+00:00,-39.0,7036.929999999997,9375.179999999997,-2338.25
2022-07-28 20:00:00+00:00,159.0,7195.929999999997,9375.179999999997,-2179.25
2022-08-01 02:00:00+00:00,137.5,7333.429999999997,9375.179999999997,-2041.75
2022-08-01 07:00:00+00:00,63.75,7397.179999999997,9375.179999999997,-1978.0
2022-08-08 05:00:00+00:00,74.25,7471.429999999997,9375.179999999997,-1903.75
2022-08-08 15:00:00+00:00,-338.5,7132.929999999997,9375.179999999997,-2242.25
2022-08-11 03:00:00+00:00,225.0,7357.929999999997,9375.179999999997,-2017.25
2022-08-15 07:00:00+00:00,-73.5,7284.429999999997,9375.179999999997,-2090.75
2022-08-15 13:00:00+00:00,99.75,7384.179999999997,9375.179999999997,-1991.0
2022-08-16 05:00:00+00:00,8.0,7392.179999999997,9375.179999999997,-1983.0
2022-08-16 13:00:00+00:00,-69.5,7322.679999999997,9375.179999999997,-2052.5
2022-08-17 06:00:00+00:00,-50.5,7272.179999999997,9375.179999999997,-2103.0
2022-08-19 00:00:00+00:00,-35.5,7236.679999999997,9375.179999999997,-2138.5
2022-08-23 22:00:00+00:00,-147.0,7089.679999999997,9375.179999999997,-2285.5
2022-08-25 09:00:00+00:00,-57.5,7032.179999999997,9375.179999999997,-2343.0
2022-08-26 05:00:00+00:00,-56.0,6976.179999999997,9375.179999999997,-2399.0
2022-08-29 13:00:00+00:00,101.25,7077.429999999997,9375.179999999997,-2297.75
2022-08-31 17:00:00+00:00,-195.5,6881.929999999997,9375.179999999997,-2493.25
2022-09-01 11:00:00+00:00,132.0,7013.929999999997,9375.179999999997,-2361.25
2022-09-02 02:00:00+00:00,-64.0,6949.929999999997,9375.179999999997,-2425.25
2022-09-05 11:00:00+00:00,-93.0,6856.929999999997,9375.179999999997,-2518.25
2022-09-06 03:00:00+00:00,-72.5,6784.429999999997,9375.179999999997,-2590.75
2022-09-06 11:00:00+00:00,-116.0,6668.429999999997,9375.179999999997,-2706.75
2022-09-07 05:00:00+00:00,94.5,6762.929999999997,9375.179999999997,-2612.25
2022-09-12 05:00:00+00:00,66.0,6828.929999999997,9375.179999999997,-2546.25
2022-09-15 02:00:00+00:00,84.5,6913.429999999997,9375.179999999997,-2461.75
2022-09-15 14:00:00+00:00,-205.0,6708.429999999997,9375.179999999997,-2666.75
2022-09-19 07:00:00+00:00,-88.5,6619.929999999997,9375.179999999997,-2755.25
2022-09-19 13:00:00+00:00,134.25,6754.179999999997,9375.179999999997,-2621.0
2022-09-20 06:00:00+00:00,-37.5,6716.679999999997,9375.179999999997,-2658.5
2022-09-20 12:00:00+00:00,-68.0,6648.679999999997,9375.179999999997,-2726.5
2022-09-21 05:00:00+00:00,-46.0,6602.679999999997,9375.179999999997,-2772.5
2022-09-27 00:00:00+00:00,102.0,6704.679999999997,9375.179999999997,-2670.5
2022-09-30 09:00:00+00:00,-96.0,6608.679999999997,9375.179999999997,-2766.5
2022-10-06 06:00:00+00:00,-56.5,6552.179999999997,9375.179999999997,-2823.0
2022-10-06 20:00:00+00:00,-246.0,6306.179999999997,9375.179999999997,-3069.0
2022-10-17 05:00:00+00:00,61.5,6367.679999999997,9375.179999999997,-3007.5
2022-10-18 09:00:00+00:00,-148.0,6219.679999999997,9375.179999999997,-3155.5
2022-10-28 12:00:00+00:00,148.5,6368.179999999997,9375.179999999997,-3007.0
2022-11-04 05:00:00+00:00,99.0,6467.179999999997,9375.179999999997,-2908.0
2022-11-07 00:00:00+00:00,-100.5,6366.679999999997,9375.179999999997,-3008.5
2022-11-11 10:00:00+00:00,-139.5,6227.179999999997,9375.179999999997,-3148.0
2022-11-11 14:00:00+00:00,-85.5,6141.679999999997,9375.179999999997,-3233.5
2022-11-15 12:00:00+00:00,103.5,6245.179999999997,9375.179999999997,-3130.0
2022-11-16 11:00:00+00:00,-70.5,6174.679999999997,9375.179999999997,-3200.5
2022-11-17 06:00:00+00:00,67.5,6242.179999999997,9375.179999999997,-3133.0
2022-11-18 10:00:00+00:00,177.75,6419.929999999997,9375.179999999997,-2955.25
2022-11-21 07:00:00+00:00,-52.0,6367.929999999997,9375.179999999997,-3007.25
2022-11-24 06:00:00+00:00,-31.5,6336.429999999997,9375.179999999997,-3038.75
2022-11-25 00:00:00+00:00,-37.0,6299.429999999997,9375.179999999997,-3075.75
2022-11-25 08:00:00+00:00,-42.0,6257.429999999997,9375.179999999997,-3117.75
2022-12-02 06:00:00+00:00,-48.5,6208.929999999997,9375.179999999997,-3166.25
2022-12-05 06:00:00+00:00,-35.0,6173.929999999997,9375.179999999997,-3201.25
2022-12-07 06:00:00+00:00,-46.0,6127.929999999997,9375.179999999997,-3247.25
2022-12-07 11:00:00+00:00,-57.0,6070.929999999997,9375.179999999997,-3304.25
2022-12-08 07:00:00+00:00,67.5,6138.429999999997,9375.179999999997,-3236.75
2022-12-09 03:00:00+00:00,154.5,6292.929999999997,9375.179999999997,-3082.25
2022-12-12 09:00:00+00:00,61.5,6354.429999999997,9375.179999999997,-3020.75
2022-12-14 15:00:00+00:00,127.5,6481.929999999997,9375.179999999997,-2893.25
2022-12-15 13:00:00+00:00,-59.0,6422.929999999997,9375.179999999997,-2952.25
2022-12-16 07:00:00+00:00,-66.0,6356.929999999997,9375.179999999997,-3018.25
2022-12-21 03:00:00+00:00,140.5,6497.429999999997,9375.179999999997,-2877.75
2022-12-21 15:00:00+00:00,150.0,6647.429999999997,9375.179999999997,-2727.75
2022-12-22 10:00:00+00:00,-53.0,6594.429999999997,9375.179999999997,-2780.75
2022-12-27 07:00:00+00:00,-36.5,6557.929999999997,9375.179999999997,-2817.25
2022-12-30 05:00:00+00:00,-89.0,6468.929999999997,9375.179999999997,-2906.25
2022-12-30 18:00:00+00:00,-112.0,6356.929999999997,9375.179999999997,-3018.25
2023-01-04 07:00:00+00:00,101.25,6458.179999999997,9375.179999999997,-2917.0
2023-01-09 12:00:00+00:00,40.0,6498.179999999997,9375.179999999997,-2877.0
2023-01-10 14:00:00+00:00,118.5,6616.679999999997,9375.179999999997,-2758.5
2023-01-12 13:00:00+00:00,-57.0,6559.679999999997,9375.179999999997,-2815.5
2023-01-13 07:00:00+00:00,-83.5,6476.179999999997,9375.179999999997,-2899.0
2023-01-19 07:00:00+00:00,-46.0,6430.179999999997,9375.179999999997,-2945.0
2023-01-24 09:00:00+00:00,-54.0,6376.179999999997,9375.179999999997,-2999.0
2023-01-25 07:00:00+00:00,48.75,6424.929999999997,9375.179999999997,-2950.25
2023-01-31 07:00:00+00:00,74.25,6499.179999999997,9375.179999999997,-2876.0
2023-02-01 07:00:00+00:00,63.5,6562.679999999997,9375.179999999997,-2812.5
2023-02-01 15:00:00+00:00,-116.5,6446.179999999997,9375.179999999997,-2929.0
2023-02-06 08:00:00+00:00,-87.0,6359.179999999997,9375.179999999997,-3016.0
2023-02-08 13:00:00+00:00,-81.5,6277.679999999997,9375.179999999997,-3097.5
2023-02-08 20:00:00+00:00,-116.0,6161.679999999997,9375.179999999997,-3213.5
2023-02-16 20:00:00+00:00,-98.5,6063.179999999997,9375.179999999997,-3312.0
2023-02-22 08:00:00+00:00,-47.5,6015.679999999997,9375.179999999997,-3359.5
2023-02-27 15:00:00+00:00,-97.0,5918.679999999997,9375.179999999997,-3456.5
2023-02-27 19:00:00+00:00,-83.0,5835.679999999997,9375.179999999997,-3539.5
2023-03-02 18:00:00+00:00,175.5,6011.179999999997,9375.179999999997,-3364.0
2023-03-09 07:00:00+00:00,-33.5,5977.679999999997,9375.179999999997,-3397.5
2023-03-14 10:00:00+00:00,23.0,6000.679999999997,9375.179999999997,-3374.5
2023-03-17 10:00:00+00:00,9.5,6010.179999999997,9375.179999999997,-3365.0
2023-03-20 20:00:00+00:00,167.5,6177.679999999997,9375.179999999997,-3197.5
2023-03-21 11:00:00+00:00,96.0,6273.679999999997,9375.179999999997,-3101.5
2023-03-22 13:00:00+00:00,77.25,6350.929999999997,9375.179999999997,-3024.25
2023-03-27 04:00:00+00:00,228.0,6578.929999999997,9375.179999999997,-2796.25
2023-03-28 02:00:00+00:00,-43.5,6535.429999999997,9375.179999999997,-2839.75
2023-03-29 05:00:00+00:00,58.5,6593.929999999997,9375.179999999997,-2781.25
2023-03-29 12:00:00+00:00,75.75,6669.679999999997,9375.179999999997,-2705.5
2023-04-03 15:00:00+00:00,-81.0,6588.679999999997,9375.179999999997,-2786.5
2023-04-05 07:00:00+00:00,-65.5,6523.179999999997,9375.179999999997,-2852.0
2023-04-06 07:00:00+00:00,55.5,6578.679999999997,9375.179999999997,-2796.5
2023-04-11 08:00:00+00:00,52.5,6631.179999999997,9375.179999999997,-2744.0
2023-04-12 12:00:00+00:00,95.25,6726.429999999997,9375.179999999997,-2648.75
2023-04-13 06:00:00+00:00,60.75,6787.179999999997,9375.179999999997,-2588.0
2023-04-17 08:00:00+00:00,14.5,6801.679999999997,9375.179999999997,-2573.5
2023-04-17 19:00:00+00:00,123.0,6924.679999999997,9375.179999999997,-2450.5
2023-04-25 01:00:00+00:00,-56.5,6868.179999999997,9375.179999999997,-2507.0
2023-04-26 10:00:00+00:00,-81.0,6787.179999999997,9375.179999999997,-2588.0
2023-04-26 18:00:00+00:00,-139.5,6647.679999999997,9375.179999999997,-2727.5
2023-04-27 12:00:00+00:00,91.5,6739.179999999997,9375.179999999997,-2636.0
2023-05-01 15:00:00+00:00,-110.5,6628.679999999997,9375.179999999997,-2746.5
2023-05-03 18:00:00+00:00,-94.5,6534.179999999997,9375.179999999997,-2841.0
2023-05-08 18:00:00+00:00,-57.5,6476.679999999997,9375.179999999997,-2898.5
2023-05-09 11:00:00+00:00,-46.5,6430.179999999997,9375.179999999997,-2945.0
2023-05-10 07:00:00+00:00,-32.0,6398.179999999997,9375.179999999997,-2977.0
2023-05-16 05:00:00+00:00,-2.5,6395.679999999997,9375.179999999997,-2979.5
2023-05-16 12:00:00+00:00,-51.0,6344.679999999997,9375.179999999997,-3030.5
2023-05-17 13:00:00+00:00,-49.0,6295.679999999997,9375.179999999997,-3079.5
2023-05-19 12:00:00+00:00,-59.5,6236.179999999997,9375.179999999997,-3139.0
2023-05-21 22:00:00+00:00,-87.0,6149.179999999997,9375.179999999997,-3226.0
2023-05-22 09:00:00+00:00,-35.0,6114.179999999997,9375.179999999997,-3261.0
2023-05-26 01:00:00+00:00,-46.5,6067.679999999997,9375.179999999997,-3307.5
2023-05-31 11:00:00+00:00,-56.0,6011.679999999997,9375.179999999997,-3363.5
2023-06-01 15:00:00+00:00,207.0,6218.679999999997,9375.179999999997,-3156.5
2023-06-05 07:00:00+00:00,59.25,6277.929999999997,9375.179999999997,-3097.25
2023-06-06 16:00:00+00:00,-159.5,6118.429999999997,9375.179999999997,-3256.75
2023-06-13 03:00:00+00:00,60.75,6179.179999999997,9375.179999999997,-3196.0
2023-06-14 03:00:00+00:00,102.5,6281.679999999997,9375.179999999997,-3093.5
2023-06-14 18:00:00+00:00,-150.0,6131.679999999997,9375.179999999997,-3243.5
2023-06-16 11:00:00+00:00,98.25,6229.929999999997,9375.179999999997,-3145.25
2023-06-20 05:00:00+00:00,-43.5,6186.429999999997,9375.179999999997,-3188.75
2023-06-21 06:00:00+00:00,-34.5,6151.929999999997,9375.179999999997,-3223.25
2023-06-29 08:00:00+00:00,41.0,6192.929999999997,9375.179999999997,-3182.25
2023-07-04 13:00:00+00:00,37.0,6229.929999999997,9375.179999999997,-3145.25
2023-07-07 07:00:00+00:00,-91.5,6138.429999999997,9375.179999999997,-3236.75
2023-07-11 06:00:00+00:00,74.25,6212.679999999997,9375.179999999997,-3162.5
2023-07-12 07:00:00+00:00,163.0,6375.679999999997,9375.179999999997,-2999.5
2023-07-13 13:00:00+00:00,75.75,6451.429999999997,9375.179999999997,-2923.75
2023-07-14 06:00:00+00:00,-43.0,6408.429999999997,9375.179999999997,-2966.75
2023-07-17 08:00:00+00:00,14.5,6422.929999999997,9375.179999999997,-2952.25
2023-07-18 12:00:00+00:00,-34.5,6388.429999999997,9375.179999999997,-2986.75
2023-07-18 15:00:00+00:00,143.25,6531.679999999997,9375.179999999997,-2843.5
2023-07-19 14:00:00+00:00,-54.5,6477.179999999997,9375.179999999997,-2898.0
2023-07-19 22:00:00+00:00,-100.0,6377.179999999997,9375.179999999997,-2998.0
2023-07-20 12:00:00+00:00,-77.5,6299.679999999997,9375.179999999997,-3075.5
2023-07-21 08:00:00+00:00,120.0,6419.679999999997,9375.179999999997,-2955.5
2023-07-24 06:00:00+00:00,-46.5,6373.179999999997,9375.179999999997,-3002.0
2023-07-26 14:00:00+00:00,-138.5,6234.679999999997,9375.179999999997,-3140.5
2023-07-27 07:00:00+00:00,69.0,6303.679999999997,9375.179999999997,-3071.5
2023-07-28 03:00:00+00:00,91.5,6395.179999999997,9375.179999999997,-2980.0
2023-08-01 08:00:00+00:00,-94.5,6300.679999999997,9375.179999999997,-3074.5
2023-08-01 22:00:00+00:00,-114.0,6186.679999999997,9375.179999999997,-3188.5
2023-08-02 11:00:00+00:00,153.75,6340.429999999997,9375.179999999997,-3034.75
2023-08-07 02:00:00+00:00,79.5,6419.929999999997,9375.179999999997,-2955.25
2023-08-08 04:00:00+00:00,53.5,6473.429999999997,9375.179999999997,-2901.75
2023-08-09 00:00:00+00:00,54.0,6527.429999999997,9375.179999999997,-2847.75
2023-08-16 11:00:00+00:00,-66.5,6460.929999999997,9375.179999999997,-2914.25
2023-08-17 11:00:00+00:00,125.25,6586.179999999997,9375.179999999997,-2789.0
2023-08-17 18:00:00+00:00,-112.0,6474.179999999997,9375.179999999997,-2901.0
2023-08-21 03:00:00+00:00,67.5,6541.679999999997,9375.179999999997,-2833.5
2023-08-29 07:00:00+00:00,86.25,6627.929999999997,9375.179999999997,-2747.25
2023-09-06 13:00:00+00:00,-64.0,6563.929999999997,9375.179999999997,-2811.25
2023-09-07 08:00:00+00:00,-83.5,6480.429999999997,9375.179999999997,-2894.75
2023-09-08 07:00:00+00:00,60.0,6540.429999999997,9375.179999999997,-2834.75
2023-09-11 01:00:00+00:00,-43.5,6496.929999999997,9375.179999999997,-2878.25
2023-09-11 13:00:00+00:00,-63.5,6433.429999999997,9375.179999999997,-2941.75
2023-09-15 07:00:00+00:00,-13.5,6419.929999999997,9375.179999999997,-2955.25
2023-09-19 18:00:00+00:00,160.5,6580.429999999997,9375.179999999997,-2794.75
2023-09-20 18:00:00+00:00,-113.0,6467.429999999997,9375.179999999997,-2907.75
2023-09-27 12:00:00+00:00,-57.5,6409.929999999997,9375.179999999997,-2965.25
2023-09-28 09:00:00+00:00,-73.5,6336.429999999997,9375.179999999997,-3038.75
2023-10-04 03:00:00+00:00,-152.5,6183.929999999997,9375.179999999997,-3191.25
2023-10-05 06:00:00+00:00,-79.0,6104.929999999997,9375.179999999997,-3270.25
2023-10-11 13:00:00+00:00,110.25,6215.179999999997,9375.179999999997,-3160.0
2023-10-13 08:00:00+00:00,-55.0,6160.179999999997,9375.179999999997,-3215.0
2023-10-16 05:00:00+00:00,-40.5,6119.679999999997,9375.179999999997,-3255.5
2023-10-16 13:00:00+00:00,168.75,6288.429999999997,9375.179999999997,-3086.75
2023-10-17 06:00:00+00:00,-84.5,6203.929999999997,9375.179999999997,-3171.25
2023-10-23 16:00:00+00:00,387.75,6591.679999999997,9375.179999999997,-2783.5
2023-10-25 05:00:00+00:00,-31.5,6560.179999999997,9375.179999999997,-2815.0
2023-10-27 07:00:00+00:00,-51.5,6508.679999999997,9375.179999999997,-2866.5
2023-10-30 07:00:00+00:00,63.75,6572.429999999997,9375.179999999997,-2802.75
2023-11-01 05:00:00+00:00,37.5,6609.929999999997,9375.179999999997,-2765.25
2023-11-09 06:00:00+00:00,64.5,6674.429999999997,9375.179999999997,-2700.75
2023-11-13 14:00:00+00:00,-48.5,6625.929999999997,9375.179999999997,-2749.25
2023-11-14 13:00:00+00:00,-48.0,6577.929999999997,9375.179999999997,-2797.25
2023-11-16 02:00:00+00:00,-167.0,6410.929999999997,9375.179999999997,-2964.25
2023-11-17 08:00:00+00:00,44.25,6455.179999999997,9375.179999999997,-2920.0
2023-11-18 07:00:00+00:00,-485.0,5970.179999999997,9375.179999999997,-3405.0
2023-11-20 20:00:00+00:00,212.25,6182.429999999997,9375.179999999997,-3192.75
2023-11-21 03:00:00+00:00,52.5,6234.929999999997,9375.179999999997,-3140.25
2023-11-22 06:00:00+00:00,-31.0,6203.929999999997,9375.179999999997,-3171.25
2023-11-23 06:00:00+00:00,48.75,6252.679999999997,9375.179999999997,-3122.5
2023-11-23 14:00:00+00:00,-51.0,6201.679999999997,9375.179999999997,-3173.5
2023-11-25 18:00:00+00:00,-496.5,5705.179999999997,9375.179999999997,-3670.0
2023-11-27 19:00:00+00:00,-112.0,5593.179999999997,9375.179999999997,-3782.0
2023-12-05 06:00:00+00:00,-35.0,5558.179999999997,9375.179999999997,-3817.0
2023-12-06 09:00:00+00:00,-59.0,5499.179999999997,9375.179999999997,-3876.0
2023-12-08 05:00:00+00:00,-20.0,5479.179999999997,9375.179999999997,-3896.0
2023-12-11 14:00:00+00:00,102.75,5581.929999999997,9375.179999999997,-3793.25
2023-12-12 08:00:00+00:00,61.5,5643.429999999997,9375.179999999997,-3731.75
2023-12-12 21:00:00+00:00,234.75,5878.179999999997,9375.179999999997,-3497.0
2023-12-14 15:00:00+00:00,-107.0,5771.179999999997,9375.179999999997,-3604.0
2023-12-15 07:00:00+00:00,58.5,5829.679999999997,9375.179999999997,-3545.5
2023-12-15 13:00:00+00:00,-52.0,5777.679999999997,9375.179999999997,-3597.5
2023-12-20 08:00:00+00:00,-31.5,5746.179999999997,9375.179999999997,-3629.0
2023-12-26 19:00:00+00:00,115.5,5861.679999999997,9375.179999999997,-3513.5
2023-12-27 14:00:00+00:00,65.25,5926.929999999997,9375.179999999997,-3448.25
2024-01-04 07:00:00+00:00,79.5,6006.429999999997,9375.179999999997,-3368.75
2024-01-16 08:00:00+00:00,-47.5,5958.929999999997,9375.179999999997,-3416.25
2024-01-17 00:00:00+00:00,-40.0,5918.929999999997,9375.179999999997,-3456.25
2024-01-18 23:00:00+00:00,245.25,6164.179999999997,9375.179999999997,-3211.0
2024-01-19 08:00:00+00:00,99.0,6263.179999999997,9375.179999999997,-3112.0
2024-01-19 18:00:00+00:00,200.25,6463.429999999997,9375.179999999997,-2911.75
2024-01-24 06:00:00+00:00,57.0,6520.429999999997,9375.179999999997,-2854.75
2024-01-24 19:00:00+00:00,-139.5,6380.929999999997,9375.179999999997,-2994.25
2024-01-25 10:00:00+00:00,-1.0,6379.929999999997,9375.179999999997,-2995.25
2024-02-05 07:00:00+00:00,44.25,6424.179999999997,9375.179999999997,-2951.0
2024-02-06 05:00:00+00:00,96.75,6520.929999999997,9375.179999999997,-2854.25
2024-02-06 11:00:00+00:00,-60.5,6460.429999999997,9375.179999999997,-2914.75
2024-02-07 17:00:00+00:00,-99.0,6361.429999999997,9375.179999999997,-3013.75
2024-02-09 19:00:00+00:00,219.0,6580.429999999997,9375.179999999997,-2794.75
2024-02-13 19:00:00+00:00,-192.5,6387.929999999997,9375.179999999997,-2987.25
2024-02-14 14:00:00+00:00,-78.5,6309.429999999997,9375.179999999997,-3065.75
2024-02-15 07:00:00+00:00,225.0,6534.429999999997,9375.179999999997,-2840.75
2024-02-16 19:00:00+00:00,-163.5,6370.929999999997,9375.179999999997,-3004.25
2024-02-19 14:00:00+00:00,55.5,6426.429999999997,9375.179999999997,-2948.75
2024-02-20 07:00:00+00:00,72.0,6498.429999999997,9375.179999999997,-2876.75
2024-02-20 17:00:00+00:00,-203.0,6295.429999999997,9375.179999999997,-3079.75
2024-02-21 08:00:00+00:00,-65.5,6229.929999999997,9375.179999999997,-3145.25
2024-02-22 14:00:00+00:00,84.0,6313.929999999997,9375.179999999997,-3061.25
2024-02-23 14:00:00+00:00,88.5,6402.429999999997,9375.179999999997,-2972.75
2024-02-24 15:00:00+00:00,-531.0,5871.429999999997,9375.179999999997,-3503.75
2024-03-04 14:00:00+00:00,-66.0,5805.429999999997,9375.179999999997,-3569.75
2024-03-05 14:00:00+00:00,-70.5,5734.929999999997,9375.179999999997,-3640.25
2024-03-07 01:00:00+00:00,-247.0,5487.929999999997,9375.179999999997,-3887.25
2024-03-13 07:00:00+00:00,62.25,5550.179999999997,9375.179999999997,-3825.0
2024-03-14 12:00:00+00:00,-59.5,5490.679999999997,9375.179999999997,-3884.5
2024-03-15 08:00:00+00:00,-39.5,5451.179999999997,9375.179999999997,-3924.0
2024-03-19 13:00:00+00:00,-122.5,5328.679999999997,9375.179999999997,-4046.5
2024-03-20 17:00:00+00:00,-90.0,5238.679999999997,9375.179999999997,-4136.5
2024-03-22 01:00:00+00:00,-54.0,5184.679999999997,9375.179999999997,-4190.5
2024-03-27 05:00:00+00:00,59.25,5243.929999999997,9375.179999999997,-4131.25
2024-04-05 12:00:00+00:00,-57.5,5186.429999999997,9375.179999999997,-4188.75
2024-04-08 03:00:00+00:00,-36.5,5149.929999999997,9375.179999999997,-4225.25
2024-04-08 13:00:00+00:00,-87.5,5062.429999999997,9375.179999999997,-4312.75
2024-04-09 05:00:00+00:00,-5.0,5057.429999999997,9375.179999999997,-4317.75
2024-04-12 07:00:00+00:00,-45.0,5012.429999999997,9375.179999999997,-4362.75
2024-04-12 14:00:00+00:00,-143.5,4868.929999999997,9375.179999999997,-4506.25
2024-04-16 18:00:00+00:00,225.0,5093.929999999997,9375.179999999997,-4281.25
2024-04-24 20:00:00+00:00,-127.0,4966.929999999997,9375.179999999997,-4408.25
2024-04-30 08:00:00+00:00,-76.5,4890.429999999997,9375.179999999997,-4484.75
2024-05-01 06:00:00+00:00,-45.0,4845.429999999997,9375.179999999997,-4529.75
2024-05-02 20:00:00+00:00,450.75,5296.179999999997,9375.179999999997,-4079.0
2024-05-07 05:00:00+00:00,125.5,5421.679999999997,9375.179999999997,-3953.5
2024-05-09 06:00:00+00:00,-80.5,5341.179999999997,9375.179999999997,-4034.0
2024-05-09 12:00:00+00:00,101.25,5442.429999999997,9375.179999999997,-3932.75
2024-05-13 06:00:00+00:00,77.5,5519.929999999997,9375.179999999997,-3855.25
2024-05-13 13:00:00+00:00,-72.5,5447.429999999997,9375.179999999997,-3927.75
2024-05-14 07:00:00+00:00,3.5,5450.929999999997,9375.179999999997,-3924.25
2024-05-17 08:00:00+00:00,-35.0,5415.929999999997,9375.179999999997,-3959.25
2024-05-28 08:00:00+00:00,49.5,5465.429999999997,9375.179999999997,-3909.75
2024-06-04 18:00:00+00:00,163.5,5628.929999999997,9375.179999999997,-3746.25
2024-06-05 09:00:00+00:00,95.25,5724.179999999997,9375.179999999997,-3651.0
2024-06-06 09:00:00+00:00,-13.0,5711.179999999997,9375.179999999997,-3664.0
2024-06-07 09:00:00+00:00,21.0,5732.179999999997,9375.179999999997,-3643.0
2024-06-07 18:00:00+00:00,-153.0,5579.179999999997,9375.179999999997,-3796.0
2024-06-11 08:00:00+00:00,-39.0,5540.179999999997,9375.179999999997,-3835.0
2024-06-12 10:00:00+00:00,19.5,5559.679999999997,9375.179999999997,-3815.5
2024-06-17 13:00:00+00:00,-76.0,5483.679999999997,9375.179999999997,-3891.5
2024-06-26 20:00:00+00:00,-113.5,5370.179999999997,9375.179999999997,-4005.0
2024-06-28 01:00:00+00:00,172.5,5542.679999999997,9375.179999999997,-3832.5
2024-07-01 13:00:00+00:00,-83.0,5459.679999999997,9375.179999999997,-3915.5
2024-07-02 11:00:00+00:00,-53.5,5406.179999999997,9375.179999999997,-3969.0
2024-07-04 06:00:00+00:00,185.5,5591.679999999997,9375.179999999997,-3783.5
2024-07-11 00:00:00+00:00,-50.5,5541.179999999997,9375.179999999997,-3834.0
2024-07-16 14:00:00+00:00,-139.0,5402.179999999997,9375.179999999997,-3973.0
2024-07-18 14:00:00+00:00,-128.0,5274.179999999997,9375.179999999997,-4101.0
2024-07-19 06:00:00+00:00,-36.0,5238.179999999997,9375.179999999997,-4137.0
2024-07-22 13:00:00+00:00,117.0,5355.179999999997,9375.179999999997,-4020.0
2024-07-25 13:00:00+00:00,-287.5,5067.679999999997,9375.179999999997,-4307.5
2024-07-30 01:00:00+00:00,-312.0,4755.679999999997,9375.179999999997,-4619.5
2024-07-30 08:00:00+00:00,96.0,4851.679999999997,9375.179999999997,-4523.5
2024-07-31 05:00:00+00:00,212.25,5063.929999999997,9375.179999999997,-4311.25
2024-07-31 12:00:00+00:00,138.0,5201.929999999997,9375.179999999997,-4173.25
2024-08-01 14:00:00+00:00,-287.0,4914.929999999997,9375.179999999997,-4460.25
2024-08-06 16:00:00+00:00,564.75,5479.679999999997,9375.179999999997,-3895.5
2024-08-09 08:00:00+00:00,236.0,5715.679999999997,9375.179999999997,-3659.5
2024-08-14 08:00:00+00:00,-26.5,5689.179999999997,9375.179999999997,-3686.0
2024-08-15 03:00:00+00:00,293.5,5982.679999999997,9375.179999999997,-3392.5
2024-08-27 10:00:00+00:00,-79.0,5903.679999999997,9375.179999999997,-3471.5
2024-08-28 02:00:00+00:00,158.5,6062.179999999997,9375.179999999997,-3313.0
2024-08-28 08:00:00+00:00,67.5,6129.679999999997,9375.179999999997,-3245.5
2024-08-28 17:00:00+00:00,-198.5,5931.179999999997,9375.179999999997,-3444.0
2024-08-30 07:00:00+00:00,176.25,6107.429999999997,9375.179999999997,-3267.75
2024-09-03 07:00:00+00:00,164.25,6271.679999999997,9375.179999999997,-3103.5
2024-09-09 13:00:00+00:00,141.0,6412.679999999997,9375.179999999997,-2962.5
2024-09-10 08:00:00+00:00,115.5,6528.179999999997,9375.179999999997,-2847.0
2024-09-11 14:00:00+00:00,-275.5,6252.679999999997,9375.179999999997,-3122.5
2024-09-16 06:00:00+00:00,-76.0,6176.679999999997,9375.179999999997,-3198.5
2024-09-17 05:00:00+00:00,138.0,6314.679999999997,9375.179999999997,-3060.5
2024-09-18 12:00:00+00:00,-43.0,6271.679999999997,9375.179999999997,-3103.5
2024-09-19 03:00:00+00:00,215.25,6486.929999999997,9375.179999999997,-2888.25
2024-09-23 22:00:00+00:00,-66.0,6420.929999999997,9375.179999999997,-2954.25
2024-09-26 00:00:00+00:00,216.75,6637.679999999997,9375.179999999997,-2737.5
2024-09-27 06:00:00+00:00,-1.5,6636.179999999997,9375.179999999997,-2739.0
2024-09-27 18:00:00+00:00,-138.5,6497.679999999997,9375.179999999997,-2877.5
2024-10-01 13:00:00+00:00,-158.0,6339.679999999997,9375.179999999997,-3035.5
2024-10-08 12:00:00+00:00,-66.0,6273.679999999997,9375.179999999997,-3101.5
2024-10-09 02:00:00+00:00,-43.0,6230.679999999997,9375.179999999997,-3144.5
2024-10-14 01:00:00+00:00,-84.5,6146.179999999997,9375.179999999997,-3229.0
2024-10-16 08:00:00+00:00,31.0,6177.179999999997,9375.179999999997,-3198.0
2024-10-22 04:00:00+00:00,-7.0,6170.179999999997,9375.179999999997,-3205.0
2024-10-25 05:00:00+00:00,64.5,6234.679999999997,9375.179999999997,-3140.5
2024-10-28 10:00:00+00:00,-76.5,6158.179999999997,9375.179999999997,-3217.0
2024-10-29 16:00:00+00:00,269.25,6427.429999999997,9375.179999999997,-2947.75
2024-10-31 19:00:00+00:00,146.25,6573.679999999997,9375.179999999997,-2801.5
2024-11-01 13:00:00+00:00,196.5,6770.179999999997,9375.179999999997,-2605.0
2024-11-11 12:00:00+00:00,98.25,6868.429999999997,9375.179999999997,-2506.75
2024-11-12 07:00:00+00:00,55.0,6923.429999999997,9375.179999999997,-2451.75
2024-11-15 14:00:00+00:00,-57.0,6866.429999999997,9375.179999999997,-2508.75
2024-11-21 00:00:00+00:00,-150.0,6716.429999999997,9375.179999999997,-2658.75
2024-11-22 04:00:00+00:00,202.5,6918.929999999997,9375.179999999997,-2456.25
2024-11-26 19:00:00+00:00,-123.0,6795.929999999997,9375.179999999997,-2579.25
2024-11-28 14:00:00+00:00,51.0,6846.929999999997,9375.179999999997,-2528.25
2024-12-03 08:00:00+00:00,-2.5,6844.429999999997,9375.179999999997,-2530.75
2024-12-03 21:00:00+00:00,231.0,7075.429999999997,9375.179999999997,-2299.75
2024-12-04 08:00:00+00:00,68.25,7143.679999999997,9375.179999999997,-2231.5
2024-12-04 13:00:00+00:00,84.75,7228.429999999997,9375.179999999997,-2146.75
2024-12-05 14:00:00+00:00,78.0,7306.429999999997,9375.179999999997,-2068.75
2024-12-06 11:00:00+00:00,10.0,7316.429999999997,9375.179999999997,-2058.75
2024-12-09 09:00:00+00:00,-62.5,7253.929999999997,9375.179999999997,-2121.25
2024-12-10 09:00:00+00:00,-55.0,7198.929999999997,9375.179999999997,-2176.25
2024-12-11 07:00:00+00:00,-50.0,7148.929999999997,9375.179999999997,-2226.25
2024-12-13 08:00:00+00:00,72.0,7220.929999999997,9375.179999999997,-2154.25
2024-12-18 09:00:00+00:00,-53.0,7167.929999999997,9375.179999999997,-2207.25
2024-12-19 08:00:00+00:00,183.75,7351.679999999997,9375.179999999997,-2023.5
2024-12-20 14:00:00+00:00,294.75,7646.429999999997,9375.179999999997,-1728.75
2024-12-27 19:00:00+00:00,244.5,7890.929999999997,9375.179999999997,-1484.25
2025-01-03 14:00:00+00:00,129.75,8020.679999999997,9375.179999999997,-1354.5
2025-01-06 14:00:00+00:00,-102.0,7918.679999999997,9375.179999999997,-1456.5
2025-01-07 02:00:00+00:00,-59.0,7859.679999999997,9375.179999999997,-1515.5
2025-01-07 05:00:00+00:00,-79.0,7780.679999999997,9375.179999999997,-1594.5
2025-01-08 11:00:00+00:00,-112.5,7668.179999999997,9375.179999999997,-1707.0
2025-01-14 02:00:00+00:00,-68.5,7599.679999999997,9375.179999999997,-1775.5
2025-01-16 03:00:00+00:00,129.5,7729.179999999997,9375.179999999997,-1646.0
2025-01-23 07:00:00+00:00,-73.0,7656.179999999997,9375.179999999997,-1719.0
2025-01-24 14:00:00+00:00,93.75,7749.929999999997,9375.179999999997,-1625.25
2025-01-28 19:00:00+00:00,281.25,8031.179999999997,9375.179999999997,-1344.0
2025-01-29 06:00:00+00:00,97.5,8128.679999999997,9375.179999999997,-1246.5
2025-01-29 09:00:00+00:00,-71.0,8057.679999999997,9375.179999999997,-1317.5
2025-01-30 10:00:00+00:00,129.5,8187.179999999997,9375.179999999997,-1188.0
2025-02-07 13:00:00+00:00,-85.5,8101.679999999997,9375.179999999997,-1273.5
2025-02-14 07:00:00+00:00,331.5,8433.179999999997,9375.179999999997,-942.0
2025-02-17 03:00:00+00:00,224.25,8657.429999999997,9375.179999999997,-717.75
2025-02-18 05:00:00+00:00,-39.0,8618.429999999997,9375.179999999997,-756.75
2025-02-18 18:00:00+00:00,-93.5,8524.929999999997,9375.179999999997,-850.25
2025-02-19 08:00:00+00:00,164.5,8689.429999999997,9375.179999999997,-685.75
2025-02-21 13:00:00+00:00,154.5,8843.929999999997,9375.179999999997,-531.25
2025-02-24 14:00:00+00:00,-166.0,8677.929999999997,9375.179999999997,-697.25
2025-02-25 02:00:00+00:00,-83.0,8594.929999999997,9375.179999999997,-780.25
2025-02-26 18:00:00+00:00,-240.5,8354.429999999997,9375.179999999997,-1020.75
2025-03-05 09:00:00+00:00,160.5,8514.929999999997,9375.179999999997,-860.25
2025-03-06 07:00:00+00:00,-107.0,8407.929999999997,9375.179999999997,-967.25
2025-03-12 06:00:00+00:00,-123.5,8284.429999999997,9375.179999999997,-1090.75
2025-03-13 10:00:00+00:00,271.5,8555.929999999997,9375.179999999997,-819.25
2025-03-14 13:00:00+00:00,168.0,8723.929999999997,9375.179999999997,-651.25
2025-03-24 06:00:00+00:00,71.25,8795.179999999997,9375.179999999997,-580.0
2025-03-27 13:00:00+00:00,-130.5,8664.679999999997,9375.179999999997,-710.5
2025-03-28 06:00:00+00:00,-58.0,8606.679999999997,9375.179999999997,-768.5
2025-04-01 06:00:00+00:00,118.5,8725.179999999997,9375.179999999997,-650.0
2025-04-04 14:00:00+00:00,-632.0,8093.179999999997,9375.179999999997,-1282.0
2025-04-07 07:00:00+00:00,-536.0,7557.179999999997,9375.179999999997,-1818.0
2025-04-07 14:00:00+00:00,1822.5,9379.679999999997,9379.679999999997,0.0
2025-04-11 05:00:00+00:00,773.5,10153.179999999997,10153.179999999997,0.0
2025-04-15 22:00:00+00:00,-329.5,9823.679999999997,10153.179999999997,-329.5
2025-04-23 08:00:00+00:00,200.25,10023.929999999997,10153.179999999997,-129.25
2025-04-23 19:00:00+00:00,-353.5,9670.429999999997,10153.179999999997,-482.75
2025-04-25 04:00:00+00:00,319.5,9989.929999999997,10153.179999999997,-163.25
2025-04-30 19:00:00+00:00,447.0,10436.929999999997,10436.929999999997,0.0
2025-05-01 09:00:00+00:00,176.25,10613.179999999997,10613.179999999997,0.0
2025-05-06 00:00:00+00:00,-205.5,10407.679999999997,10613.179999999997,-205.5
2025-05-08 07:00:00+00:00,582.5,10990.179999999997,10990.179999999997,0.0
2025-05-08 11:00:00+00:00,-74.0,10916.179999999997,10990.179999999997,-74.0
2025-05-15 04:00:00+00:00,18.5,10934.679999999997,10990.179999999997,-55.5
2025-05-16 08:00:00+00:00,83.0,11017.679999999997,11017.679999999997,0.0
2025-05-19 13:00:00+00:00,-113.0,10904.679999999997,11017.679999999997,-113.0
2025-05-20 02:00:00+00:00,-174.0,10730.679999999997,11017.679999999997,-287.0
2025-05-27 01:00:00+00:00,-92.0,10638.679999999997,11017.679999999997,-379.0
2025-05-27 03:00:00+00:00,-54.5,10584.179999999997,11017.679999999997,-433.5
2025-06-02 19:00:00+00:00,161.25,10745.429999999997,11017.679999999997,-272.25
2025-06-06 04:00:00+00:00,74.25,10819.679999999997,11017.679999999997,-198.0
2025-06-10 15:00:00+00:00,-121.5,10698.179999999997,11017.679999999997,-319.5
2025-06-12 14:00:00+00:00,272.25,10970.429999999997,11017.679999999997,-47.25
2025-06-16 22:00:00+00:00,-82.0,10888.429999999997,11017.679999999997,-129.25
2025-06-17 22:00:00+00:00,-151.0,10737.429999999997,11017.679999999997,-280.25
2025-06-18 09:00:00+00:00,129.75,10867.179999999997,11017.679999999997,-150.5
2025-06-23 16:00:00+00:00,-350.5,10516.679999999997,11017.679999999997,-501.0
2025-07-02 10:00:00+00:00,-56.0,10460.679999999997,11017.679999999997,-557.0
2025-07-03 06:00:00+00:00,81.75,10542.429999999997,11017.679999999997,-475.25
2025-07-03 12:00:00+00:00,93.75,10636.179999999997,11017.679999999997,-381.5
2025-07-07 06:00:00+00:00,-51.5,10584.679999999997,11017.679999999997,-433.0
2025-07-08 00:00:00+00:00,134.25,10718.929999999997,11017.679999999997,-298.75
2025-07-09 04:00:00+00:00,-28.5,10690.429999999997,11017.679999999997,-327.25
2025-07-14 10:00:00+00:00,0.0,10690.429999999997,11017.679999999997,-327.25
2025-07-16 12:00:00+00:00,185.25,10875.679999999997,11017.679999999997,-142.0
2025-07-17 05:00:00+00:00,66.0,10941.679999999997,11017.679999999997,-76.0
2025-07-18 13:00:00+00:00,66.75,11008.429999999997,11017.679999999997,-9.25
2025-07-21 10:00:00+00:00,91.5,11099.929999999997,11099.929999999997,0.0
2025-07-22 13:00:00+00:00,-49.0,11050.929999999997,11099.929999999997,-49.0
2025-07-25 03:00:00+00:00,108.0,11158.929999999997,11158.929999999997,0.0
2025-07-26 11:00:00+00:00,-461.5,10697.429999999997,11158.929999999997,-461.5
2025-07-28 15:00:00+00:00,-132.0,10565.429999999997,11158.929999999997,-593.5
2025-07-29 07:00:00+00:00,80.25,10645.679999999997,11158.929999999997,-513.25
2025-07-30 18:00:00+00:00,-126.0,10519.679999999997,11158.929999999997,-639.25
2025-07-31 03:00:00+00:00,144.75,10664.429999999997,11158.929999999997,-494.5
2025-07-31 10:00:00+00:00,-64.5,10599.929999999997,11158.929999999997,-559.0
2025-08-05 14:00:00+00:00,-166.0,10433.929999999997,11158.929999999997,-725.0
2025-08-12 12:00:00+00:00,121.5,10555.429999999997,11158.929999999997,-603.5
2025-08-15 05:00:00+00:00,-10.5,10544.929999999997,11158.929999999997,-614.0
2025-08-18 13:00:00+00:00,-76.0,10468.929999999997,11158.929999999997,-690.0
2025-08-19 12:00:00+00:00,-59.5,10409.429999999997,11158.929999999997,-749.5
2025-08-19 23:00:00+00:00,-107.0,10302.429999999997,11158.929999999997,-856.5
2025-08-20 13:00:00+00:00,-103.0,10199.429999999997,11158.929999999997,-959.5
2025-08-22 00:00:00+00:00,-73.0,10126.429999999997,11158.929999999997,-1032.5
2025-08-28 13:00:00+00:00,-82.0,10044.429999999997,11158.929999999997,-1114.5
2025-09-01 23:00:00+00:00,-105.0,9939.429999999997,11158.929999999997,-1219.5
2025-09-03 03:00:00+00:00,-65.5,9873.929999999997,11158.929999999997,-1285.0
2025-09-08 16:00:00+00:00,-102.5,9771.429999999997,11158.929999999997,-1387.5
2025-09-09 07:00:00+00:00,159.0,9930.429999999997,11158.929999999997,-1228.5
2025-09-09 13:00:00+00:00,-92.0,9838.429999999997,11158.929999999997,-1320.5
2025-09-09 20:00:00+00:00,90.75,9929.179999999997,11158.929999999997,-1229.75
2025-09-12 02:00:00+00:00,50.0,9979.179999999997,11158.929999999997,-1179.75
2025-09-18 08:00:00+00:00,135.75,10114.929999999997,11158.929999999997,-1044.0
2025-09-19 07:00:00+00:00,-96.5,10018.429999999997,11158.929999999997,-1140.5
2025-09-22 13:00:00+00:00,120.0,10138.429999999997,11158.929999999997,-1020.5
2025-09-24 13:00:00+00:00,-117.5,10020.929999999997,11158.929999999997,-1138.0
2025-09-29 19:00:00+00:00,-106.0,9914.929999999997,11158.929999999997,-1244.0
2025-10-02 08:00:00+00:00,85.5,10000.429999999997,11158.929999999997,-1158.5
2025-10-06 13:00:00+00:00,-130.5,9869.929999999997,11158.929999999997,-1289.0
2025-10-07 04:00:00+00:00,60.75,9930.679999999997,11158.929999999997,-1228.25
2025-10-07 12:00:00+00:00,159.0,10089.679999999997,11158.929999999997,-1069.25
2025-10-08 12:00:00+00:00,-94.0,9995.679999999997,11158.929999999997,-1163.25
2025-10-09 17:00:00+00:00,-148.5,9847.179999999997,11158.929999999997,-1311.75
2025-10-13 11:00:00+00:00,-147.0,9700.179999999997,11158.929999999997,-1458.75
2025-10-17 05:00:00+00:00,-292.0,9408.179999999997,11158.929999999997,-1750.75
2025-10-18 01:00:00+00:00,-835.0,8573.179999999997,11158.929999999997,-2585.75
2025-10-21 20:00:00+00:00,-176.5,8396.679999999997,11158.929999999997,-2762.25
2025-10-22 11:00:00+00:00,-98.0,8298.679999999997,11158.929999999997,-2860.25
2025-10-24 03:00:00+00:00,279.0,8577.679999999997,11158.929999999997,-2581.25
2025-10-27 14:00:00+00:00,126.75,8704.429999999997,11158.929999999997,-2454.5
2025-10-29 18:00:00+00:00,-117.5,8586.929999999997,11158.929999999997,-2572.0
2025-10-30 19:00:00+00:00,-383.5,8203.429999999997,11158.929999999997,-2955.5
2025-10-31 07:00:00+00:00,-76.0,8127.429999999997,11158.929999999997,-3031.5
2025-11-04 08:00:00+00:00,-126.0,8001.429999999997,11158.929999999997,-3157.5
2025-11-06 04:00:00+00:00,37.5,8038.929999999997,11158.929999999997,-3120.0
2025-11-07 11:00:00+00:00,-191.5,7847.429999999997,11158.929999999997,-3311.5
2025-11-13 09:00:00+00:00,-85.0,7762.429999999997,11158.929999999997,-3396.5
2025-11-17 11:00:00+00:00,66.5,7828.929999999997,11158.929999999997,-3330.0
2025-11-20 08:00:00+00:00,-93.5,7735.429999999997,11158.929999999997,-3423.5
2025-11-21 17:00:00+00:00,588.0,8323.429999999997,11158.929999999997,-2835.5
2025-11-30 23:00:00+00:00,201.75,8525.179999999997,11158.929999999997,-2633.75
2025-12-01 12:00:00+00:00,-98.0,8427.179999999997,11158.929999999997,-2731.75
2025-12-02 04:00:00+00:00,-81.0,8346.179999999997,11158.929999999997,-2812.75
2025-12-03 00:00:00+00:00,-69.0,8277.179999999997,11158.929999999997,-2881.75
2025-12-03 14:00:00+00:00,-109.5,8167.679999999997,11158.929999999997,-2991.25
2025-12-05 20:00:00+00:00,-86.0,8081.679999999997,11158.929999999997,-3077.25
2025-12-15 23:00:00+00:00,-162.0,7919.679999999997,11158.929999999997,-3239.25
2025-12-16 07:00:00+00:00,-129.0,7790.679999999997,11158.929999999997,-3368.25
2025-12-16 17:00:00+00:00,-259.5,7531.179999999997,11158.929999999997,-3627.75
2025-12-17 20:00:00+00:00,-123.0,7408.179999999997,11158.929999999997,-3750.75
2025-12-19 07:00:00+00:00,118.5,7526.679999999997,11158.929999999997,-3632.25
2025-12-29 02:00:00+00:00,-145.5,7381.179999999997,11158.929999999997,-3777.75
2025-12-29 06:00:00+00:00,-70.5,7310.679999999997,11158.929999999997,-3848.25
2025-12-30 13:00:00+00:00,-76.5,7234.179999999997,11158.929999999997,-3924.75
2025-12-30 20:00:00+00:00,-74.5,7159.679999999997,11158.929999999997,-3999.25
2026-01-05 07:00:00+00:00,-73.5,7086.179999999997,11158.929999999997,-4072.75
2026-01-05 14:00:00+00:00,191.25,7277.429999999997,11158.929999999997,-3881.5
2026-01-06 12:00:00+00:00,90.0,7367.429999999997,11158.929999999997,-3791.5
2026-01-08 14:00:00+00:00,-74.0,7293.429999999997,11158.929999999997,-3865.5
2026-01-09 14:00:00+00:00,-86.5,7206.929999999997,11158.929999999997,-3952.0
2026-01-15 14:00:00+00:00,147.0,7353.929999999997,11158.929999999997,-3805.0
2026-01-21 19:00:00+00:00,333.75,7687.679999999997,11158.929999999997,-3471.25
2026-01-23 08:00:00+00:00,-121.5,7566.179999999997,11158.929999999997,-3592.75
2026-02-04 07:00:00+00:00,129.0,7695.179999999997,11158.929999999997,-3463.75
2026-02-06 09:00:00+00:00,304.5,7999.679999999997,11158.929999999997,-3159.25
2026-02-10 06:00:00+00:00,-97.0,7902.679999999997,11158.929999999997,-3256.25
2026-02-10 20:00:00+00:00,-297.5,7605.179999999997,11158.929999999997,-3553.75
2026-02-11 13:00:00+00:00,204.75,7809.929999999997,11158.929999999997,-3349.0
2026-02-13 11:00:00+00:00,-218.5,7591.429999999997,11158.929999999997,-3567.5
2026-02-18 08:00:00+00:00,119.25,7710.679999999997,11158.929999999997,-3448.25
2026-02-25 12:00:00+00:00,105.75,7816.429999999997,11158.929999999997,-3342.5
2026-02-26 07:00:00+00:00,103.5,7919.929999999997,11158.929999999997,-3239.0
2026-02-26 23:00:00+00:00,-132.0,7787.929999999997,11158.929999999997,-3371.0
2026-03-03 15:00:00+00:00,-252.0,7535.929999999997,11158.929999999997,-3623.0
2026-03-13 00:00:00+00:00,-112.0,7423.929999999997,11158.929999999997,-3735.0
2026-03-16 07:00:00+00:00,-73.0,7350.929999999997,11158.929999999997,-3808.0
2026-03-20 00:00:00+00:00,652.0,8002.929999999997,11158.929999999997,-3156.0
2026-03-22 22:00:00+00:00,-400.0,7602.929999999997,11158.929999999997,-3556.0
2026-04-03 12:00:00+00:00,134.25,7737.179999999997,11158.929999999997,-3421.75
2026-04-06 00:00:00+00:00,177.75,7914.929999999997,11158.929999999997,-3244.0
2026-04-06 17:00:00+00:00,-159.0,7755.929999999997,11158.929999999997,-3403.0
2026-04-09 07:00:00+00:00,-99.5,7656.429999999997,11158.929999999997,-3502.5
2026-04-12 22:00:00+00:00,-535.5,7120.929999999997,11158.929999999997,-4038.0
2026-04-16 13:00:00+00:00,-88.0,7032.929999999997,11158.929999999997,-4126.0
2026-04-21 15:00:00+00:00,-240.5,6792.429999999997,11158.929999999997,-4366.5
2026-04-22 12:00:00+00:00,107.25,6899.679999999997,11158.929999999997,-4259.25
2026-04-24 10:00:00+00:00,160.5,7060.179999999997,11158.929999999997,-4098.75
2026-04-26 22:00:00+00:00,-81.0,6979.179999999997,11158.929999999997,-4179.75
2026-04-27 13:00:00+00:00,-121.0,6858.179999999997,11158.929999999997,-4300.75
2026-04-28 09:00:00+00:00,-116.0,6742.179999999997,11158.929999999997,-4416.75
2026-04-29 20:00:00+00:00,-291.0,6451.179999999997,11158.929999999997,-4707.75
2026-05-05 13:00:00+00:00,150.75,6601.929999999997,11158.929999999997,-4557.0
2026-05-06 08:00:00+00:00,144.75,6746.679999999997,11158.929999999997,-4412.25
2026-05-06 13:00:00+00:00,-200.0,6546.679999999997,11158.929999999997,-4612.25
2026-05-12 11:00:00+00:00,-145.5,6401.179999999997,11158.929999999997,-4757.75
2026-05-13 11:00:00+00:00,-123.0,6278.179999999997,11158.929999999997,-4880.75
2026-05-19 13:00:00+00:00,-183.5,6094.679999999997,11158.929999999997,-5064.25
2026-05-21 10:00:00+00:00,-249.5,5845.179999999997,11158.929999999997,-5313.75
2026-05-25 00:00:00+00:00,495.0,6340.179999999997,11158.929999999997,-4818.75
